line_number,source_type,year,customs_region,customs_office,partner,export_import,product,origin,width_in_line,value,value_part_of_bundle,quantity,quantity_unit,value_per_unit,filepath,source,sheet,value_total,value_sub_total_1,value_sub_total_2,value_sub_total_3,data_collector,unverified,remarks,value_minus_unit_val_x_qty,absurd_observation,trade_deficit,trade_surplus,duty_quantity,duty_quantity_unit,duty_by_unit,duty_total,duty_part_of_bundle,duty_remarks
408,National toutes directions tous partenaires,1750,Rennes,,Angleterre,Imports,Ancres ; de fer,,,900,0,9,en nombre,,sources/National toutes directions tous partenaires/BM_Saint-Brieuc_Fonds_Gournay_M86_partner_Angleterre_Imports_1750.csv,BM Saint-Brieuc Fonds Gournay - M86,288,900,,,,Jérémy Hervelin,,,,,,,,,,,,
409,National toutes directions tous partenaires,1750,Rouen,,Angleterre,Imports,Anspects,,,125,0,500,en nombre,,sources/National toutes directions tous partenaires/BM_Saint-Brieuc_Fonds_Gournay_M86_partner_Angleterre_Imports_1750.csv,BM Saint-Brieuc Fonds Gournay - M86,289,125,,,,Jérémy Hervelin,,,,,,,,,,,,
410,National toutes directions tous partenaires,1750,Amiens,,Angleterre,Imports,Arbres ; à planter,,,12,0,,,,sources/National toutes directions tous partenaires/BM_Saint-Brieuc_Fonds_Gournay_M86_partner_Angleterre_Imports_1750.csv,BM Saint-Brieuc Fonds Gournay - M86,289,12,,,,Jérémy Hervelin,,,,,,,,,,,,
411,National toutes directions tous partenaires,1750,Rouen,,Angleterre,Imports,Arcenic,,,54.299999,0,155,livres,,sources/National toutes directions tous partenaires/BM_Saint-Brieuc_Fonds_Gournay_M86_partner_Angleterre_Imports_1750.csv,BM Saint-Brieuc Fonds Gournay - M86,289,54.3,,,,Jérémy Hervelin,,,,,,,,,,,,
412,National toutes directions tous partenaires,1750,Amiens,,Angleterre,Imports,Ardoises,,,7447.2998,0,275825,en nombre,,sources/National toutes directions tous partenaires/BM_Saint-Brieuc_Fonds_Gournay_M86_partner_Angleterre_Imports_1750.csv,BM Saint-Brieuc Fonds Gournay - M86,289,7447.3,,,,Jérémy Hervelin,,,,,,,,,,,,
413,National toutes directions tous partenaires,1750,Amiens,,Angleterre,Imports,Argenterie,,,2415,0,,,,sources/National toutes directions tous partenaires/BM_Saint-Brieuc_Fonds_Gournay_M86_partner_Angleterre_Imports_1750.csv,BM Saint-Brieuc Fonds Gournay - M86,289,2415,,,,Jérémy Hervelin,,,,,,,,,,,,
414,National toutes directions tous partenaires,1750,Amiens,,Angleterre,Imports,Avirons,,,589.79999,0,337,en nombre,,sources/National toutes directions tous partenaires/BM_Saint-Brieuc_Fonds_Gournay_M86_partner_Angleterre_Imports_1750.csv,BM Saint-Brieuc Fonds Gournay - M86,289,589.8,,,,Jérémy Hervelin,,,,,,,,,,,,
415,National toutes directions tous partenaires,1750,Amiens,,Angleterre,Imports,Barils ; vuides,,,67.5,0,45,livres,,sources/National toutes directions tous partenaires/BM_Saint-Brieuc_Fonds_Gournay_M86_partner_Angleterre_Imports_1750.csv,BM Saint-Brieuc Fonds Gournay - M86,289,67.5,,,,Jérémy Hervelin,,,,,,,,,,,,
416,National toutes directions tous partenaires,1750,Amiens,,Angleterre,Imports,Bas ; de laine,,,130,0,26,paires,,sources/National toutes directions tous partenaires/BM_Saint-Brieuc_Fonds_Gournay_M86_partner_Angleterre_Imports_1750.csv,BM Saint-Brieuc Fonds Gournay - M86,289,195,,,,Jérémy Hervelin,,,,,,,,,,,,
417,National toutes directions tous partenaires,1750,Amiens,,Angleterre,Imports,Bas ; de soye,,,65,0,5,paires,,sources/National toutes directions tous partenaires/BM_Saint-Brieuc_Fonds_Gournay_M86_partner_Angleterre_Imports_1750.csv,BM Saint-Brieuc Fonds Gournay - M86,290,195,,,,Jérémy Hervelin,,,,,,,,,,,,
418,National toutes directions tous partenaires,1750,Rouen,,Angleterre,Imports,Basse ; de viole,,,200,0,2,en nombre,,sources/National toutes directions tous partenaires/BM_Saint-Brieuc_Fonds_Gournay_M86_partner_Angleterre_Imports_1750.csv,BM Saint-Brieuc Fonds Gournay - M86,290,200,,,,Jérémy Hervelin,,,,,,,,,,,,
419,National toutes directions tous partenaires,1750,Amiens,,Angleterre,Imports,Batteaux ; neufs,,,900,0,3,en nombre,,sources/National toutes directions tous partenaires/BM_Saint-Brieuc_Fonds_Gournay_M86_partner_Angleterre_Imports_1750.csv,BM Saint-Brieuc Fonds Gournay - M86,290,900,,,,Jérémy Hervelin,,,,,,,,,,,,
420,National toutes directions tous partenaires,1750,Bayonne,,Angleterre,Imports,Beuf ; salé,,,35525,0,1015,barils,,sources/National toutes directions tous partenaires/BM_Saint-Brieuc_Fonds_Gournay_M86_partner_Angleterre_Imports_1750.csv,BM Saint-Brieuc Fonds Gournay - M86,290,823549,,,,Jérémy Hervelin,,,,,,,,,,,,
421,National toutes directions tous partenaires,1750,Bordeaux,,Angleterre,Imports,Beuf ; salé,,,373140,0,3731400,livres,,sources/National toutes directions tous partenaires/BM_Saint-Brieuc_Fonds_Gournay_M86_partner_Angleterre_Imports_1750.csv,BM Saint-Brieuc Fonds Gournay - M86,290,823549,,,,Jérémy Hervelin,,,,,,,,,,,,
422,National toutes directions tous partenaires,1750,La Rochelle,,Angleterre,Imports,Beuf ; salé,,,27504,0,1146,barils,,sources/National toutes directions tous partenaires/BM_Saint-Brieuc_Fonds_Gournay_M86_partner_Angleterre_Imports_1750.csv,BM Saint-Brieuc Fonds Gournay - M86,290,823549,,,,Jérémy Hervelin,,,,,,,,,,,,
423,National toutes directions tous partenaires,1750,La Rochelle,,Angleterre,Imports,Beuf ; salé,,,720,0,20,tierçons,,sources/National toutes directions tous partenaires/BM_Saint-Brieuc_Fonds_Gournay_M86_partner_Angleterre_Imports_1750.csv,BM Saint-Brieuc Fonds Gournay - M86,290,823549,,,,Jérémy Hervelin,,,,,,,,,,,,
424,National toutes directions tous partenaires,1750,La Rochelle,,Angleterre,Imports,Beuf ; salé,,,10000,0,40000,livres,,sources/National toutes directions tous partenaires/BM_Saint-Brieuc_Fonds_Gournay_M86_partner_Angleterre_Imports_1750.csv,BM Saint-Brieuc Fonds Gournay - M86,290,823549,,,,Jérémy Hervelin,,,,,,,,,,,,
425,National toutes directions tous partenaires,1750,Nantes,,Angleterre,Imports,Beuf ; salé,,,266737.5,0,10669,barils,,sources/National toutes directions tous partenaires/BM_Saint-Brieuc_Fonds_Gournay_M86_partner_Angleterre_Imports_1750.csv,BM Saint-Brieuc Fonds Gournay - M86,290,823549,,,,Jérémy Hervelin,,,,,,,,,,,,
426,National toutes directions tous partenaires,1750,Nantes,,Angleterre,Imports,Beuf ; salé,,,37629,0,1017,tierçons,,sources/National toutes directions tous partenaires/BM_Saint-Brieuc_Fonds_Gournay_M86_partner_Angleterre_Imports_1750.csv,BM Saint-Brieuc Fonds Gournay - M86,290,823549,,,,Jérémy Hervelin,,,,,,,,,,,,
427,National toutes directions tous partenaires,1750,Nantes,,Angleterre,Imports,Beuf ; salé,,,90,0,150,livres,,sources/National toutes directions tous partenaires/BM_Saint-Brieuc_Fonds_Gournay_M86_partner_Angleterre_Imports_1750.csv,BM Saint-Brieuc Fonds Gournay - M86,290,823549,,,,Jérémy Hervelin,,,,,,,,,,,,
428,National toutes directions tous partenaires,1750,Rennes,,Angleterre,Imports,Beuf ; salé,,,38225,0,1529,barils,,sources/National toutes directions tous partenaires/BM_Saint-Brieuc_Fonds_Gournay_M86_partner_Angleterre_Imports_1750.csv,BM Saint-Brieuc Fonds Gournay - M86,290,823549,,,,Jérémy Hervelin,,,,,,,,,,,,
429,National toutes directions tous partenaires,1750,Rennes,,Angleterre,Imports,Beuf ; salé,,,100,0,1,barriques,,sources/National toutes directions tous partenaires/BM_Saint-Brieuc_Fonds_Gournay_M86_partner_Angleterre_Imports_1750.csv,BM Saint-Brieuc Fonds Gournay - M86,290,823549,,,,Jérémy Hervelin,,,,,,,,,,,,
430,National toutes directions tous partenaires,1750,Rouen,,Angleterre,Imports,Beuf ; salé,,,33879,0,225860,livres,,sources/National toutes directions tous partenaires/BM_Saint-Brieuc_Fonds_Gournay_M86_partner_Angleterre_Imports_1750.csv,BM Saint-Brieuc Fonds Gournay - M86,290,823549,,,,Jérémy Hervelin,,,,,,,,,,,,
431,National toutes directions tous partenaires,1750,Bayonne,,Angleterre,Imports,Beure,,,7065,0,15700,livres,,sources/National toutes directions tous partenaires/BM_Saint-Brieuc_Fonds_Gournay_M86_partner_Angleterre_Imports_1750.csv,BM Saint-Brieuc Fonds Gournay - M86,290,811698.2,,,,Jérémy Hervelin,,,,,,,,,,,,
432,National toutes directions tous partenaires,1750,Bordeaux,,Angleterre,Imports,Beure,,,348447.09,0,995563,livres,,sources/National toutes directions tous partenaires/BM_Saint-Brieuc_Fonds_Gournay_M86_partner_Angleterre_Imports_1750.csv,BM Saint-Brieuc Fonds Gournay - M86,290,811698.2,,,,Jérémy Hervelin,,,,,,,,,,,,
433,National toutes directions tous partenaires,1750,La Rochelle,,Angleterre,Imports,Beure,,,522.5,0,11,barils,,sources/National toutes directions tous partenaires/BM_Saint-Brieuc_Fonds_Gournay_M86_partner_Angleterre_Imports_1750.csv,BM Saint-Brieuc Fonds Gournay - M86,290,811698.2,,,,Jérémy Hervelin,,,,,,,,,,,,
434,National toutes directions tous partenaires,1750,La Rochelle,,Angleterre,Imports,Beure,,,10140,0,338,frequins,,sources/National toutes directions tous partenaires/BM_Saint-Brieuc_Fonds_Gournay_M86_partner_Angleterre_Imports_1750.csv,BM Saint-Brieuc Fonds Gournay - M86,290,811698.2,,,,Jérémy Hervelin,,,,,,,,,,,,
435,National toutes directions tous partenaires,1750,La Rochelle,,Angleterre,Imports,Beure,,,276057,0,613460,livres,,sources/National toutes directions tous partenaires/BM_Saint-Brieuc_Fonds_Gournay_M86_partner_Angleterre_Imports_1750.csv,BM Saint-Brieuc Fonds Gournay - M86,290,811698.2,,,,Jérémy Hervelin,,,,,,,,,,,,
436,National toutes directions tous partenaires,1750,Marseille,,Angleterre,Imports,Beure,,,6600,0,16500,livres,,sources/National toutes directions tous partenaires/BM_Saint-Brieuc_Fonds_Gournay_M86_partner_Angleterre_Imports_1750.csv,BM Saint-Brieuc Fonds Gournay - M86,291,811698.2,,,,Jérémy Hervelin,,,,,,,,,,,,
437,National toutes directions tous partenaires,1750,Nantes,,Angleterre,Imports,Beure,,,7200,0,300,barils,,sources/National toutes directions tous partenaires/BM_Saint-Brieuc_Fonds_Gournay_M86_partner_Angleterre_Imports_1750.csv,BM Saint-Brieuc Fonds Gournay - M86,291,811698.2,,,,Jérémy Hervelin,,,,,,,,,,,,
438,National toutes directions tous partenaires,1750,Nantes,,Angleterre,Imports,Beure,,,117337.2,0,335249,livres,,sources/National toutes directions tous partenaires/BM_Saint-Brieuc_Fonds_Gournay_M86_partner_Angleterre_Imports_1750.csv,BM Saint-Brieuc Fonds Gournay - M86,291,811698.2,,,,Jérémy Hervelin,,,,,,,,,,,,
439,National toutes directions tous partenaires,1750,Rennes,,Angleterre,Imports,Beure,,,2850,0,11400,livres,,sources/National toutes directions tous partenaires/BM_Saint-Brieuc_Fonds_Gournay_M86_partner_Angleterre_Imports_1750.csv,BM Saint-Brieuc Fonds Gournay - M86,291,811698.2,,,,Jérémy Hervelin,,,,,,,,,,,,
440,National toutes directions tous partenaires,1750,Rouen,,Angleterre,Imports,Beure,,,35479.5,0,118265,livres,,sources/National toutes directions tous partenaires/BM_Saint-Brieuc_Fonds_Gournay_M86_partner_Angleterre_Imports_1750.csv,BM Saint-Brieuc Fonds Gournay - M86,291,811698.2,,,,Jérémy Hervelin,,,,,,,,,,,,
441,National toutes directions tous partenaires,1750,Amiens,,Angleterre,Imports,Bierre,,,.89999998,0,12,bouteilles,,sources/National toutes directions tous partenaires/BM_Saint-Brieuc_Fonds_Gournay_M86_partner_Angleterre_Imports_1750.csv,BM Saint-Brieuc Fonds Gournay - M86,291,300.9,,,,Jérémy Hervelin,,,,,,,,,,,,
442,National toutes directions tous partenaires,1750,Marseille,,Angleterre,Imports,Bierre,,,300,0,6000,livres,,sources/National toutes directions tous partenaires/BM_Saint-Brieuc_Fonds_Gournay_M86_partner_Angleterre_Imports_1750.csv,BM Saint-Brieuc Fonds Gournay - M86,291,300.9,,,,Jérémy Hervelin,,,,,,,,,,,,
443,National toutes directions tous partenaires,1750,Amiens,,Angleterre,Imports,Bled ; froment,,,25620,0,1281,septiers,,sources/National toutes directions tous partenaires/BM_Saint-Brieuc_Fonds_Gournay_M86_partner_Angleterre_Imports_1750.csv,BM Saint-Brieuc Fonds Gournay - M86,291,6859300,,,,Jérémy Hervelin,,,,,,,,,,,,
444,National toutes directions tous partenaires,1750,Amiens,,Angleterre,Imports,Bled ; froment,,,1440,0,120,razières,,sources/National toutes directions tous partenaires/BM_Saint-Brieuc_Fonds_Gournay_M86_partner_Angleterre_Imports_1750.csv,BM Saint-Brieuc Fonds Gournay - M86,291,6859300,,,,Jérémy Hervelin,,,,,,,,,,,,
445,National toutes directions tous partenaires,1750,Bordeaux,,Angleterre,Imports,Bled ; froment,,,866160,0,86616,boisseaux,,sources/National toutes directions tous partenaires/BM_Saint-Brieuc_Fonds_Gournay_M86_partner_Angleterre_Imports_1750.csv,BM Saint-Brieuc Fonds Gournay - M86,291,6859300,,,,Jérémy Hervelin,,,,,,,,,,,,
446,National toutes directions tous partenaires,1750,Bordeaux,,Angleterre,Imports,Bled ; froment,,,20125,0,1610,quarts,,sources/National toutes directions tous partenaires/BM_Saint-Brieuc_Fonds_Gournay_M86_partner_Angleterre_Imports_1750.csv,BM Saint-Brieuc Fonds Gournay - M86,291,6859300,,,,Jérémy Hervelin,,,,,,,,,,,,
447,National toutes directions tous partenaires,1750,Bordeaux,,Angleterre,Imports,Bled ; froment,,,10762.5,0,615,sacs,,sources/National toutes directions tous partenaires/BM_Saint-Brieuc_Fonds_Gournay_M86_partner_Angleterre_Imports_1750.csv,BM Saint-Brieuc Fonds Gournay - M86,291,6859300,,,,Jérémy Hervelin,,,,,,,,,,,,
448,National toutes directions tous partenaires,1750,Bordeaux,,Angleterre,Imports,Bled ; froment,,,5000,0,25,tonneaux,,sources/National toutes directions tous partenaires/BM_Saint-Brieuc_Fonds_Gournay_M86_partner_Angleterre_Imports_1750.csv,BM Saint-Brieuc Fonds Gournay - M86,291,6859300,,,,Jérémy Hervelin,,,,,,,,,,,,
449,National toutes directions tous partenaires,1750,Marseille,,Angleterre,Imports,Bled ; froment,,,5747425,0,229897,charges,,sources/National toutes directions tous partenaires/BM_Saint-Brieuc_Fonds_Gournay_M86_partner_Angleterre_Imports_1750.csv,BM Saint-Brieuc Fonds Gournay - M86,291,6859300,,,,Jérémy Hervelin,,,,,,,,,,,,
450,National toutes directions tous partenaires,1750,Nantes,,Angleterre,Imports,Bled ; froment,,,53600,0,335,tonneaux,,sources/National toutes directions tous partenaires/BM_Saint-Brieuc_Fonds_Gournay_M86_partner_Angleterre_Imports_1750.csv,BM Saint-Brieuc Fonds Gournay - M86,291,6859300,,,,Jérémy Hervelin,,,,,,,,,,,,
451,National toutes directions tous partenaires,1750,Nantes,,Angleterre,Imports,Bled ; froment,,,4930,0,493,sacs,,sources/National toutes directions tous partenaires/BM_Saint-Brieuc_Fonds_Gournay_M86_partner_Angleterre_Imports_1750.csv,BM Saint-Brieuc Fonds Gournay - M86,291,6859300,,,,Jérémy Hervelin,,,,,,,,,,,,
452,National toutes directions tous partenaires,1750,Rennes,,Angleterre,Imports,Bled ; froment,,,607.5,0,810,boisseaux,,sources/National toutes directions tous partenaires/BM_Saint-Brieuc_Fonds_Gournay_M86_partner_Angleterre_Imports_1750.csv,BM Saint-Brieuc Fonds Gournay - M86,291,6859300,,,,Jérémy Hervelin,,,,,,,,,,,,
453,National toutes directions tous partenaires,1750,Rouen,,Angleterre,Imports,Bled ; froment,,,118160,0,5908,septiers,,sources/National toutes directions tous partenaires/BM_Saint-Brieuc_Fonds_Gournay_M86_partner_Angleterre_Imports_1750.csv,BM Saint-Brieuc Fonds Gournay - M86,291,6859300,,,,Jérémy Hervelin,,,,,,,,,,,,
454,National toutes directions tous partenaires,1750,Rouen,,Angleterre,Imports,Bled ; froment,,,2400,0,960,boisseaux,,sources/National toutes directions tous partenaires/BM_Saint-Brieuc_Fonds_Gournay_M86_partner_Angleterre_Imports_1750.csv,BM Saint-Brieuc Fonds Gournay - M86,291,6859300,,,,Jérémy Hervelin,,,,,,,,,,,,
455,National toutes directions tous partenaires,1750,Rouen,,Angleterre,Imports,Bled ; froment,,,3070,0,307,mines,,sources/National toutes directions tous partenaires/BM_Saint-Brieuc_Fonds_Gournay_M86_partner_Angleterre_Imports_1750.csv,BM Saint-Brieuc Fonds Gournay - M86,291,6859300,,,,Jérémy Hervelin,,,,,,,,,,,,
456,National toutes directions tous partenaires,1750,Rouen,,Angleterre,Imports,Bois ; à brûler,,,.60000002,0,2,brassées,,sources/National toutes directions tous partenaires/BM_Saint-Brieuc_Fonds_Gournay_M86_partner_Angleterre_Imports_1750.csv,BM Saint-Brieuc Fonds Gournay - M86,291,4260.6,,,,Jérémy Hervelin,,Vérification dans la source,,,,,,,,,,
457,National toutes directions tous partenaires,1750,Rouen,,Angleterre,Imports,Bois ; de chesne en bouts,,,60,0,120,en nombre,,sources/National toutes directions tous partenaires/BM_Saint-Brieuc_Fonds_Gournay_M86_partner_Angleterre_Imports_1750.csv,BM Saint-Brieuc Fonds Gournay - M86,291,4260.6,,,,Jérémy Hervelin,,,,,,,,,,,,
458,National toutes directions tous partenaires,1750,Marseille,,Angleterre,Imports,Bois ; de construction,,,4200,0,140,pièces,,sources/National toutes directions tous partenaires/BM_Saint-Brieuc_Fonds_Gournay_M86_partner_Angleterre_Imports_1750.csv,BM Saint-Brieuc Fonds Gournay - M86,291,4260.6,,,,Jérémy Hervelin,,,,,,,,,,,,
459,National toutes directions tous partenaires,1750,Rennes,,Angleterre,Imports,Boulets ; de canon,,,150,0,4,tonneaux,,sources/National toutes directions tous partenaires/BM_Saint-Brieuc_Fonds_Gournay_M86_partner_Angleterre_Imports_1750.csv,BM Saint-Brieuc Fonds Gournay - M86,292,150,,,,Jérémy Hervelin,,,,,,,,,,,,
460,National toutes directions tous partenaires,1750,Rennes,,Angleterre,Imports,Bourre ; de beuf,,,98,0,1960,livres,,sources/National toutes directions tous partenaires/BM_Saint-Brieuc_Fonds_Gournay_M86_partner_Angleterre_Imports_1750.csv,BM Saint-Brieuc Fonds Gournay - M86,292,98,,,,Jérémy Hervelin,,,,,,,,,,,,
461,National toutes directions tous partenaires,1750,Amiens,,Angleterre,Imports,Bouteilles ; de verre,,,3.9000001,0,15.5,livres,,sources/National toutes directions tous partenaires/BM_Saint-Brieuc_Fonds_Gournay_M86_partner_Angleterre_Imports_1750.csv,BM Saint-Brieuc Fonds Gournay - M86,292,3.9,,,,Jérémy Hervelin,,,,,,,,,,,,
462,National toutes directions tous partenaires,1750,Nantes,,Angleterre,Imports,Bray,,,2200,0,100,barils,,sources/National toutes directions tous partenaires/BM_Saint-Brieuc_Fonds_Gournay_M86_partner_Angleterre_Imports_1750.csv,BM Saint-Brieuc Fonds Gournay - M86,292,2200,,,,Jérémy Hervelin,,,,,,,,,,,,
463,National toutes directions tous partenaires,1750,Rennes,,Angleterre,Imports,Caffé ; de Moka,,,675000,0,225000,livres,,sources/National toutes directions tous partenaires/BM_Saint-Brieuc_Fonds_Gournay_M86_partner_Angleterre_Imports_1750.csv,BM Saint-Brieuc Fonds Gournay - M86,292,675000,,,,Jérémy Hervelin,,,,,,,,,,,,
464,National toutes directions tous partenaires,1750,Marseille,,Angleterre,Imports,Canons ; de fer,,,3600,0,24,pièces,,sources/National toutes directions tous partenaires/BM_Saint-Brieuc_Fonds_Gournay_M86_partner_Angleterre_Imports_1750.csv,BM Saint-Brieuc Fonds Gournay - M86,293,43200,,,,Jérémy Hervelin,,,,,,,,,,,,
465,National toutes directions tous partenaires,1750,Rennes,,Angleterre,Imports,Canons ; de fer,,,39600,0,198,en nombre,,sources/National toutes directions tous partenaires/BM_Saint-Brieuc_Fonds_Gournay_M86_partner_Angleterre_Imports_1750.csv,BM Saint-Brieuc Fonds Gournay - M86,293,43200,,,,Jérémy Hervelin,,,,,,,,,,,,
466,National toutes directions tous partenaires,1750,Amiens,,Angleterre,Imports,Chair ; salée,,,23.799999,0,68,livres,,sources/National toutes directions tous partenaires/BM_Saint-Brieuc_Fonds_Gournay_M86_partner_Angleterre_Imports_1750.csv,BM Saint-Brieuc Fonds Gournay - M86,293,73.8,,,,Jérémy Hervelin,,,,,,,,,,,,
467,National toutes directions tous partenaires,1750,Rouen,,Angleterre,Imports,Chair ; salée,,,50,0,125,livres,,sources/National toutes directions tous partenaires/BM_Saint-Brieuc_Fonds_Gournay_M86_partner_Angleterre_Imports_1750.csv,BM Saint-Brieuc Fonds Gournay - M86,293,73.8,,,,Jérémy Hervelin,,,,,,,,,,,,
468,National toutes directions tous partenaires,1750,Bayonne,,Angleterre,Imports,Chandelle,,,2250,0,5000,livres,,sources/National toutes directions tous partenaires/BM_Saint-Brieuc_Fonds_Gournay_M86_partner_Angleterre_Imports_1750.csv,BM Saint-Brieuc Fonds Gournay - M86,294,104317,,,,Jérémy Hervelin,,,,,,,,,,,,
469,National toutes directions tous partenaires,1750,Bordeaux,,Angleterre,Imports,Chandelle,,,62084.602,0,129343,livres,,sources/National toutes directions tous partenaires/BM_Saint-Brieuc_Fonds_Gournay_M86_partner_Angleterre_Imports_1750.csv,BM Saint-Brieuc Fonds Gournay - M86,294,104317,,,,Jérémy Hervelin,,,,,,,,,,,,
470,National toutes directions tous partenaires,1750,La Rochelle,,Angleterre,Imports,Chandelle,,,368.79999,0,25,caisses,,sources/National toutes directions tous partenaires/BM_Saint-Brieuc_Fonds_Gournay_M86_partner_Angleterre_Imports_1750.csv,BM Saint-Brieuc Fonds Gournay - M86,294,104317,,,,Jérémy Hervelin,,,,,,,,,,,,
471,National toutes directions tous partenaires,1750,La Rochelle,,Angleterre,Imports,Chandelle,,,14798.7,0,32886,livres,,sources/National toutes directions tous partenaires/BM_Saint-Brieuc_Fonds_Gournay_M86_partner_Angleterre_Imports_1750.csv,BM Saint-Brieuc Fonds Gournay - M86,294,104317,,,,Jérémy Hervelin,,,,,,,,,,,,
472,National toutes directions tous partenaires,1750,Nantes,,Angleterre,Imports,Chandelle,,,1800,0,150,caisses,,sources/National toutes directions tous partenaires/BM_Saint-Brieuc_Fonds_Gournay_M86_partner_Angleterre_Imports_1750.csv,BM Saint-Brieuc Fonds Gournay - M86,294,104317,,,,Jérémy Hervelin,,,,,,,,,,,,
473,National toutes directions tous partenaires,1750,Nantes,,Angleterre,Imports,Chandelle,,,19191.199,0,47978,livres,,sources/National toutes directions tous partenaires/BM_Saint-Brieuc_Fonds_Gournay_M86_partner_Angleterre_Imports_1750.csv,BM Saint-Brieuc Fonds Gournay - M86,294,104317,,,,Jérémy Hervelin,,,,,,,,,,,,
474,National toutes directions tous partenaires,1750,Rennes,,Angleterre,Imports,Chandelle,,,1239.3,0,2754,livres,,sources/National toutes directions tous partenaires/BM_Saint-Brieuc_Fonds_Gournay_M86_partner_Angleterre_Imports_1750.csv,BM Saint-Brieuc Fonds Gournay - M86,294,104317,,,,Jérémy Hervelin,,,,,,,,,,,,
475,National toutes directions tous partenaires,1750,Rouen,,Angleterre,Imports,Chandelle,,,2585.3,0,5745,livres,,sources/National toutes directions tous partenaires/BM_Saint-Brieuc_Fonds_Gournay_M86_partner_Angleterre_Imports_1750.csv,BM Saint-Brieuc Fonds Gournay - M86,294,104317,,,,Jérémy Hervelin,,,,,,,,,,,,
476,National toutes directions tous partenaires,1750,Amiens,,Angleterre,Imports,Charbon ; de terre,,,26100,0,4350,barils,,sources/National toutes directions tous partenaires/BM_Saint-Brieuc_Fonds_Gournay_M86_partner_Angleterre_Imports_1750.csv,BM Saint-Brieuc Fonds Gournay - M86,294,516354.5,,,,Jérémy Hervelin,,,,,,,,,,,,
477,National toutes directions tous partenaires,1750,Amiens,,Angleterre,Imports,Charbon ; de terre,,,576,0,192,razières,,sources/National toutes directions tous partenaires/BM_Saint-Brieuc_Fonds_Gournay_M86_partner_Angleterre_Imports_1750.csv,BM Saint-Brieuc Fonds Gournay - M86,294,516354.5,,,,Jérémy Hervelin,,,,,,,,,,,,
478,National toutes directions tous partenaires,1750,Bordeaux,,Angleterre,Imports,Charbon ; de terre,,,53100,0,177,tonneaux,,sources/National toutes directions tous partenaires/BM_Saint-Brieuc_Fonds_Gournay_M86_partner_Angleterre_Imports_1750.csv,BM Saint-Brieuc Fonds Gournay - M86,294,516354.5,,,,Jérémy Hervelin,,,,,,,,,,,,
479,National toutes directions tous partenaires,1750,Caen,,Angleterre,Imports,Charbon ; de terre,,,2496,0,416,barils,,sources/National toutes directions tous partenaires/BM_Saint-Brieuc_Fonds_Gournay_M86_partner_Angleterre_Imports_1750.csv,BM Saint-Brieuc Fonds Gournay - M86,294,516354.5,,,,Jérémy Hervelin,,,,,,,,,,,,
480,National toutes directions tous partenaires,1750,La Rochelle,,Angleterre,Imports,Charbon ; de terre,,,46200,0,154,muids,,sources/National toutes directions tous partenaires/BM_Saint-Brieuc_Fonds_Gournay_M86_partner_Angleterre_Imports_1750.csv,BM Saint-Brieuc Fonds Gournay - M86,294,516354.5,,,,Jérémy Hervelin,,,,,,,,,,,,
481,National toutes directions tous partenaires,1750,La Rochelle,,Angleterre,Imports,Charbon ; de terre,,,20197.5,0,5386,boîtes,,sources/National toutes directions tous partenaires/BM_Saint-Brieuc_Fonds_Gournay_M86_partner_Angleterre_Imports_1750.csv,BM Saint-Brieuc Fonds Gournay - M86,294,516354.5,,,,Jérémy Hervelin,,,,,,,,,,,,
482,National toutes directions tous partenaires,1750,Marseille,,Angleterre,Imports,Charbon ; de terre,,,5000,0,200000,livres,,sources/National toutes directions tous partenaires/BM_Saint-Brieuc_Fonds_Gournay_M86_partner_Angleterre_Imports_1750.csv,BM Saint-Brieuc Fonds Gournay - M86,294,516354.5,,,,Jérémy Hervelin,,,,,,,,,,,,
483,National toutes directions tous partenaires,1750,Montpellier,,Angleterre,Imports,Charbon ; de terre,,,264,0,44,barils,,sources/National toutes directions tous partenaires/BM_Saint-Brieuc_Fonds_Gournay_M86_partner_Angleterre_Imports_1750.csv,BM Saint-Brieuc Fonds Gournay - M86,294,516354.5,,,,Jérémy Hervelin,,,,,,,,,,,,
484,National toutes directions tous partenaires,1750,Nantes,,Angleterre,Imports,Charbon ; de terre,,,11830,0,1183,barriques,,sources/National toutes directions tous partenaires/BM_Saint-Brieuc_Fonds_Gournay_M86_partner_Angleterre_Imports_1750.csv,BM Saint-Brieuc Fonds Gournay - M86,294,516354.5,,,,Jérémy Hervelin,,,,,,,,,,,,
485,National toutes directions tous partenaires,1750,Rennes,,Angleterre,Imports,Charbon ; de terre,,,20040,0,3340,barils,,sources/National toutes directions tous partenaires/BM_Saint-Brieuc_Fonds_Gournay_M86_partner_Angleterre_Imports_1750.csv,BM Saint-Brieuc Fonds Gournay - M86,295,516354.5,,,,Jérémy Hervelin,,,,,,,,,,,,
486,National toutes directions tous partenaires,1750,Rennes,,Angleterre,Imports,Charbon ; de terre,,,17110,0,1711,duttes,,sources/National toutes directions tous partenaires/BM_Saint-Brieuc_Fonds_Gournay_M86_partner_Angleterre_Imports_1750.csv,BM Saint-Brieuc Fonds Gournay - M86,295,516354.5,,,,Jérémy Hervelin,,,,,,,,,,,,
487,National toutes directions tous partenaires,1750,Rennes,,Angleterre,Imports,Charbon ; de terre,,,27040,0,676,tonneaux,,sources/National toutes directions tous partenaires/BM_Saint-Brieuc_Fonds_Gournay_M86_partner_Angleterre_Imports_1750.csv,BM Saint-Brieuc Fonds Gournay - M86,295,516354.5,,,,Jérémy Hervelin,,,,,,,,,,,,
488,National toutes directions tous partenaires,1750,Rouen,,Angleterre,Imports,Charbon ; de terre,,,286401,0,47733,barils,,sources/National toutes directions tous partenaires/BM_Saint-Brieuc_Fonds_Gournay_M86_partner_Angleterre_Imports_1750.csv,BM Saint-Brieuc Fonds Gournay - M86,295,516354.5,,,,Jérémy Hervelin,,,,,,,,,,,,
489,National toutes directions tous partenaires,1750,Amiens,,Angleterre,Imports,Chevaux,,,72000,0,240,en nombre,,sources/National toutes directions tous partenaires/BM_Saint-Brieuc_Fonds_Gournay_M86_partner_Angleterre_Imports_1750.csv,BM Saint-Brieuc Fonds Gournay - M86,295,72000,,,,Jérémy Hervelin,,,,,,,,,,,,
490,National toutes directions tous partenaires,1750,Amiens,,Angleterre,Imports,Chiens,,,3246,0,541,en nombre,,sources/National toutes directions tous partenaires/BM_Saint-Brieuc_Fonds_Gournay_M86_partner_Angleterre_Imports_1750.csv,BM Saint-Brieuc Fonds Gournay - M86,295,3246,,,,Jérémy Hervelin,,,,,,,,,,,,
491,National toutes directions tous partenaires,1750,Amiens,,Angleterre,Imports,Chocolat,,,31.5,0,10.5,livres,,sources/National toutes directions tous partenaires/BM_Saint-Brieuc_Fonds_Gournay_M86_partner_Angleterre_Imports_1750.csv,BM Saint-Brieuc Fonds Gournay - M86,295,31.5,,,,Jérémy Hervelin,,,,,,,,,,,,
492,National toutes directions tous partenaires,1750,Bordeaux,,Angleterre,Imports,Cire ; jaune,,,104,0,65,livres,,sources/National toutes directions tous partenaires/BM_Saint-Brieuc_Fonds_Gournay_M86_partner_Angleterre_Imports_1750.csv,BM Saint-Brieuc Fonds Gournay - M86,295,14963.8,,,,Jérémy Hervelin,,,,,,,,,,,,
493,National toutes directions tous partenaires,1750,Caen,,Angleterre,Imports,Cire ; jaune,,,2730,0,1365,livres,,sources/National toutes directions tous partenaires/BM_Saint-Brieuc_Fonds_Gournay_M86_partner_Angleterre_Imports_1750.csv,BM Saint-Brieuc Fonds Gournay - M86,295,14963.8,,,,Jérémy Hervelin,,,,,,,,,,,,
494,National toutes directions tous partenaires,1750,Nantes,,Angleterre,Imports,Cire ; jaune,,,804.79999,0,503,livres,,sources/National toutes directions tous partenaires/BM_Saint-Brieuc_Fonds_Gournay_M86_partner_Angleterre_Imports_1750.csv,BM Saint-Brieuc Fonds Gournay - M86,295,14963.8,,,,Jérémy Hervelin,,,,,,,,,,,,
495,National toutes directions tous partenaires,1750,Rouen,,Angleterre,Imports,Cire ; jaune,,,11325,0,5662.5,livres,,sources/National toutes directions tous partenaires/BM_Saint-Brieuc_Fonds_Gournay_M86_partner_Angleterre_Imports_1750.csv,BM Saint-Brieuc Fonds Gournay - M86,295,14963.8,,,,Jérémy Hervelin,,,,,,,,,,,,
496,National toutes directions tous partenaires,1750,Rouen,,Angleterre,Imports,Cochenille,,,9200,0,460,livres,,sources/National toutes directions tous partenaires/BM_Saint-Brieuc_Fonds_Gournay_M86_partner_Angleterre_Imports_1750.csv,BM Saint-Brieuc Fonds Gournay - M86,296,9200,,,,Jérémy Hervelin,,,,,,,,,,,,
497,National toutes directions tous partenaires,1750,Rouen,,Angleterre,Imports,Colle ; forte,,,281.29999,0,562.5,livres,,sources/National toutes directions tous partenaires/BM_Saint-Brieuc_Fonds_Gournay_M86_partner_Angleterre_Imports_1750.csv,BM Saint-Brieuc Fonds Gournay - M86,296,281.3,,,,Jérémy Hervelin,,,,,,,,,,,,
498,National toutes directions tous partenaires,1750,Rouen,,Angleterre,Imports,Cornes ; de beuf,,,165,0,1100,livres,,sources/National toutes directions tous partenaires/BM_Saint-Brieuc_Fonds_Gournay_M86_partner_Angleterre_Imports_1750.csv,BM Saint-Brieuc Fonds Gournay - M86,296,19559.9,,,,Jérémy Hervelin,,,,,,,,,,,,
499,National toutes directions tous partenaires,1750,Rouen,,Angleterre,Imports,Cornes ; de lanterne,,,12593.3,0,8395.5,livres,,sources/National toutes directions tous partenaires/BM_Saint-Brieuc_Fonds_Gournay_M86_partner_Angleterre_Imports_1750.csv,BM Saint-Brieuc Fonds Gournay - M86,296,19559.9,,,,Jérémy Hervelin,,,,,,,,,,,,
500,National toutes directions tous partenaires,1750,Marseille,,Angleterre,Imports,Cornes ; de mouton,,,585,0,11700,en nombre,,sources/National toutes directions tous partenaires/BM_Saint-Brieuc_Fonds_Gournay_M86_partner_Angleterre_Imports_1750.csv,BM Saint-Brieuc Fonds Gournay - M86,296,19559.9,,,,Jérémy Hervelin,,,,,,,,,,,,
501,National toutes directions tous partenaires,1750,Rouen,,Angleterre,Imports,Cornes ; de platte,,,6216.6001,0,20722,livres,,sources/National toutes directions tous partenaires/BM_Saint-Brieuc_Fonds_Gournay_M86_partner_Angleterre_Imports_1750.csv,BM Saint-Brieuc Fonds Gournay - M86,296,19559.9,,,,Jérémy Hervelin,,,,,,,,,,,,
502,National toutes directions tous partenaires,1750,Marseille,,Angleterre,Imports,Couperose,,,5280,0,48000,livres,,sources/National toutes directions tous partenaires/BM_Saint-Brieuc_Fonds_Gournay_M86_partner_Angleterre_Imports_1750.csv,BM Saint-Brieuc Fonds Gournay - M86,297,5720.6,,,,Jérémy Hervelin,,,,,,,,,,,,
503,National toutes directions tous partenaires,1750,Rouen,,Angleterre,Imports,Couperose,,,440.60001,0,3525,livres,,sources/National toutes directions tous partenaires/BM_Saint-Brieuc_Fonds_Gournay_M86_partner_Angleterre_Imports_1750.csv,BM Saint-Brieuc Fonds Gournay - M86,297,5720.6,,,,Jérémy Hervelin,,,,,,,,,,,,
504,National toutes directions tous partenaires,1750,Amiens,,Angleterre,Imports,Couvertures ; de laine,,,2472,0,103,en nombre,,sources/National toutes directions tous partenaires/BM_Saint-Brieuc_Fonds_Gournay_M86_partner_Angleterre_Imports_1750.csv,BM Saint-Brieuc Fonds Gournay - M86,297,2972,,,,Jérémy Hervelin,,,,,,,,,,,,
505,National toutes directions tous partenaires,1750,Marseille,,Angleterre,Imports,Couvertures ; de laine,,,500,0,250,livres,,sources/National toutes directions tous partenaires/BM_Saint-Brieuc_Fonds_Gournay_M86_partner_Angleterre_Imports_1750.csv,BM Saint-Brieuc Fonds Gournay - M86,297,2972,,,,Jérémy Hervelin,,,,,,,,,,,,
506,National toutes directions tous partenaires,1750,Amiens,,Angleterre,Imports,Crayons,,,258,0,,,,sources/National toutes directions tous partenaires/BM_Saint-Brieuc_Fonds_Gournay_M86_partner_Angleterre_Imports_1750.csv,BM Saint-Brieuc Fonds Gournay - M86,297,258,,,,Jérémy Hervelin,,,,,,,,,,,,
507,National toutes directions tous partenaires,1750,Nantes,,Angleterre,Imports,Crin,,,590,0,1180,livres,,sources/National toutes directions tous partenaires/BM_Saint-Brieuc_Fonds_Gournay_M86_partner_Angleterre_Imports_1750.csv,BM Saint-Brieuc Fonds Gournay - M86,297,10947.8,,,,Jérémy Hervelin,,,,,,,,,,,,
508,National toutes directions tous partenaires,1750,Rouen,,Angleterre,Imports,Crin,,,10357.8,0,25894.5,livres,,sources/National toutes directions tous partenaires/BM_Saint-Brieuc_Fonds_Gournay_M86_partner_Angleterre_Imports_1750.csv,BM Saint-Brieuc Fonds Gournay - M86,297,10947.8,,,,Jérémy Hervelin,,,,,,,,,,,,
509,National toutes directions tous partenaires,1750,Nantes,,Angleterre,Imports,Cuirs ; de beuf ; en poil,,,143040,0,7152,en nombre,,sources/National toutes directions tous partenaires/BM_Saint-Brieuc_Fonds_Gournay_M86_partner_Angleterre_Imports_1750.csv,BM Saint-Brieuc Fonds Gournay - M86,297,233352,,,,Jérémy Hervelin,,,,,,,,,,,,
510,National toutes directions tous partenaires,1750,Rennes,,Angleterre,Imports,Cuirs ; de beuf ; en poil,,,10752,0,512,en nombre,,sources/National toutes directions tous partenaires/BM_Saint-Brieuc_Fonds_Gournay_M86_partner_Angleterre_Imports_1750.csv,BM Saint-Brieuc Fonds Gournay - M86,297,233352,,,,Jérémy Hervelin,,,,,,,,,,,,
511,National toutes directions tous partenaires,1750,Rouen,,Angleterre,Imports,Cuirs ; de beuf ; en poil,,,76560,0,2652,en nombre,,sources/National toutes directions tous partenaires/BM_Saint-Brieuc_Fonds_Gournay_M86_partner_Angleterre_Imports_1750.csv,BM Saint-Brieuc Fonds Gournay - M86,297,233352,,,,Jérémy Hervelin,,,,,,,,,,,,
512,National toutes directions tous partenaires,1750,Amiens,,Angleterre,Imports,Cuivre ; vieux,,,18.799999,0,25,livres,,sources/National toutes directions tous partenaires/BM_Saint-Brieuc_Fonds_Gournay_M86_partner_Angleterre_Imports_1750.csv,BM Saint-Brieuc Fonds Gournay - M86,298,18.8,,,,Jérémy Hervelin,,,,,,,,,,,,
513,National toutes directions tous partenaires,1750,Rouen,,Angleterre,Imports,Dents ; d'éléphant,,,29151,0,9717,livres,,sources/National toutes directions tous partenaires/BM_Saint-Brieuc_Fonds_Gournay_M86_partner_Angleterre_Imports_1750.csv,BM Saint-Brieuc Fonds Gournay - M86,298,29151,,,,Jérémy Hervelin,,,,,,,,,,,,
514,National toutes directions tous partenaires,1750,Rouen,,Angleterre,Imports,Doüelles,,,45.599998,0,228,en nombre,,sources/National toutes directions tous partenaires/BM_Saint-Brieuc_Fonds_Gournay_M86_partner_Angleterre_Imports_1750.csv,BM Saint-Brieuc Fonds Gournay - M86,299,45.6,,,,Jérémy Hervelin,,,,,,,,,,,,
515,National toutes directions tous partenaires,1750,La Rochelle,,Angleterre,Imports,Drap ; de glaster,,,120000,0,800,demie pièces,,sources/National toutes directions tous partenaires/BM_Saint-Brieuc_Fonds_Gournay_M86_partner_Angleterre_Imports_1750.csv,BM Saint-Brieuc Fonds Gournay - M86,299,120000,,,,Jérémy Hervelin,,,,,,,,,,,,
516,National toutes directions tous partenaires,1750,Rouen,,Angleterre,Imports,Ergots ; de bœuf,,,157.5,0,,,,sources/National toutes directions tous partenaires/BM_Saint-Brieuc_Fonds_Gournay_M86_partner_Angleterre_Imports_1750.csv,BM Saint-Brieuc Fonds Gournay - M86,302,157.5,,,,Jérémy Hervelin,,,,,,,,,,,,
517,National toutes directions tous partenaires,1750,Amiens,,Angleterre,Imports,Etaim ; en bloc,,,291,0,291,livres,,sources/National toutes directions tous partenaires/BM_Saint-Brieuc_Fonds_Gournay_M86_partner_Angleterre_Imports_1750.csv,BM Saint-Brieuc Fonds Gournay - M86,302,300686.1,300648.59,,,Jérémy Hervelin,,,,,,,,,,,,
518,National toutes directions tous partenaires,1750,Bordeaux,,Angleterre,Imports,Etaim ; en bloc,,,11160,0,11160,livres,,sources/National toutes directions tous partenaires/BM_Saint-Brieuc_Fonds_Gournay_M86_partner_Angleterre_Imports_1750.csv,BM Saint-Brieuc Fonds Gournay - M86,302,300686.1,300648.59,,,Jérémy Hervelin,,,,,,,,,,,,
519,National toutes directions tous partenaires,1750,Caen,,Angleterre,Imports,Etaim ; en bloc,,,2885.3999,0,2061,livres,,sources/National toutes directions tous partenaires/BM_Saint-Brieuc_Fonds_Gournay_M86_partner_Angleterre_Imports_1750.csv,BM Saint-Brieuc Fonds Gournay - M86,302,300686.1,300648.59,,,Jérémy Hervelin,,,,,,,,,,,,
520,National toutes directions tous partenaires,1750,Marseille,,Angleterre,Imports,Etaim ; en bloc,,,57000,0,57000,livres,,sources/National toutes directions tous partenaires/BM_Saint-Brieuc_Fonds_Gournay_M86_partner_Angleterre_Imports_1750.csv,BM Saint-Brieuc Fonds Gournay - M86,302,300686.1,300648.59,,,Jérémy Hervelin,,,,,,,,,,,,
521,National toutes directions tous partenaires,1750,Rouen,,Angleterre,Imports,Etaim ; en bloc,,,229312.2,0,176394,livres,,sources/National toutes directions tous partenaires/BM_Saint-Brieuc_Fonds_Gournay_M86_partner_Angleterre_Imports_1750.csv,BM Saint-Brieuc Fonds Gournay - M86,302,300686.1,300648.59,,,Jérémy Hervelin,,,,,,,,,,,,
522,National toutes directions tous partenaires,1750,Rennes,,Angleterre,Imports,Etaim ; ouvré,,,37.5,0,25,livres,,sources/National toutes directions tous partenaires/BM_Saint-Brieuc_Fonds_Gournay_M86_partner_Angleterre_Imports_1750.csv,BM Saint-Brieuc Fonds Gournay - M86,302,300686.1,37.5,,,Jérémy Hervelin,,,,,,,,,,,,
523,National toutes directions tous partenaires,1750,Amiens,,Angleterre,Imports,Farine,,,2184,0,91,sacs,,sources/National toutes directions tous partenaires/BM_Saint-Brieuc_Fonds_Gournay_M86_partner_Angleterre_Imports_1750.csv,BM Saint-Brieuc Fonds Gournay - M86,303,377832,,,,Jérémy Hervelin,,,,,,,,,,,,
524,National toutes directions tous partenaires,1750,Bordeaux,,Angleterre,Imports,Farine,,,2880,0,100,barils,,sources/National toutes directions tous partenaires/BM_Saint-Brieuc_Fonds_Gournay_M86_partner_Angleterre_Imports_1750.csv,BM Saint-Brieuc Fonds Gournay - M86,303,377832,,,,Jérémy Hervelin,,,,,,,,,,,,
525,National toutes directions tous partenaires,1750,Bordeaux,,Angleterre,Imports,Farine,,,54848,0,342800,livres,,sources/National toutes directions tous partenaires/BM_Saint-Brieuc_Fonds_Gournay_M86_partner_Angleterre_Imports_1750.csv,BM Saint-Brieuc Fonds Gournay - M86,303,377832,,,,Jérémy Hervelin,,,,,,,,,,,,
526,National toutes directions tous partenaires,1750,Marseille,,Angleterre,Imports,Farine,,,2550,0,25500,livres,,sources/National toutes directions tous partenaires/BM_Saint-Brieuc_Fonds_Gournay_M86_partner_Angleterre_Imports_1750.csv,BM Saint-Brieuc Fonds Gournay - M86,303,377832,,,,Jérémy Hervelin,,,,,,,,,,,,
527,National toutes directions tous partenaires,1750,Nantes,,Angleterre,Imports,Farine,,,8800,0,40,tonneaux,,sources/National toutes directions tous partenaires/BM_Saint-Brieuc_Fonds_Gournay_M86_partner_Angleterre_Imports_1750.csv,BM Saint-Brieuc Fonds Gournay - M86,303,377832,,,,Jérémy Hervelin,,,,,,,,,,,,
528,National toutes directions tous partenaires,1750,Nantes,,Angleterre,Imports,Farine,,,5300,0,265,barils,,sources/National toutes directions tous partenaires/BM_Saint-Brieuc_Fonds_Gournay_M86_partner_Angleterre_Imports_1750.csv,BM Saint-Brieuc Fonds Gournay - M86,303,377832,,,,Jérémy Hervelin,,,,,,,,,,,,
529,National toutes directions tous partenaires,1750,Rennes,,Angleterre,Imports,Farine,,,3000,0,150,barils,,sources/National toutes directions tous partenaires/BM_Saint-Brieuc_Fonds_Gournay_M86_partner_Angleterre_Imports_1750.csv,BM Saint-Brieuc Fonds Gournay - M86,303,377832,,,,Jérémy Hervelin,,,,,,,,,,,,
530,National toutes directions tous partenaires,1750,Rennes,,Angleterre,Imports,Farine,,,90,0,45,boisseaux,,sources/National toutes directions tous partenaires/BM_Saint-Brieuc_Fonds_Gournay_M86_partner_Angleterre_Imports_1750.csv,BM Saint-Brieuc Fonds Gournay - M86,303,377832,,,,Jérémy Hervelin,,,,,,,,,,,,
531,National toutes directions tous partenaires,1750,Rennes,,Angleterre,Imports,Farine,,,2500,0,100,sacs,,sources/National toutes directions tous partenaires/BM_Saint-Brieuc_Fonds_Gournay_M86_partner_Angleterre_Imports_1750.csv,BM Saint-Brieuc Fonds Gournay - M86,303,377832,,,,Jérémy Hervelin,,,,,,,,,,,,
532,National toutes directions tous partenaires,1750,Rennes,,Angleterre,Imports,Farine,,,116520,0,776800,livres,,sources/National toutes directions tous partenaires/BM_Saint-Brieuc_Fonds_Gournay_M86_partner_Angleterre_Imports_1750.csv,BM Saint-Brieuc Fonds Gournay - M86,303,377832,,,,Jérémy Hervelin,,,,,,,,,,,,
533,National toutes directions tous partenaires,1750,Rouen,,Angleterre,Imports,Farine,,,179160,0,2986,septiers,,sources/National toutes directions tous partenaires/BM_Saint-Brieuc_Fonds_Gournay_M86_partner_Angleterre_Imports_1750.csv,BM Saint-Brieuc Fonds Gournay - M86,303,377832,,,,Jérémy Hervelin,,,,,,,,,,,,
534,National toutes directions tous partenaires,1750,Rennes,,Angleterre,Imports,Fer ; en barres,,,1560,0,12000,livres,,sources/National toutes directions tous partenaires/BM_Saint-Brieuc_Fonds_Gournay_M86_partner_Angleterre_Imports_1750.csv,BM Saint-Brieuc Fonds Gournay - M86,303,4766.7,2977.5,,,Jérémy Hervelin,,,,,,,,,,,,
535,National toutes directions tous partenaires,1750,Rouen,,Angleterre,Imports,Fer ; en barres,,,1417.5,0,9450,livres,,sources/National toutes directions tous partenaires/BM_Saint-Brieuc_Fonds_Gournay_M86_partner_Angleterre_Imports_1750.csv,BM Saint-Brieuc Fonds Gournay - M86,303,4766.7,2977.5,,,Jérémy Hervelin,,,,,,,,,,,,
536,National toutes directions tous partenaires,1750,Rouen,,Angleterre,Imports,Fer ; de fonte,,,778,0,7780,livres,,sources/National toutes directions tous partenaires/BM_Saint-Brieuc_Fonds_Gournay_M86_partner_Angleterre_Imports_1750.csv,BM Saint-Brieuc Fonds Gournay - M86,303,4766.7,778,,,Jérémy Hervelin,,,,,,,,,,,,
537,National toutes directions tous partenaires,1750,Amiens,,Angleterre,Imports,Fer ; en lames,,,1011.2,0,7900,livres,,sources/National toutes directions tous partenaires/BM_Saint-Brieuc_Fonds_Gournay_M86_partner_Angleterre_Imports_1750.csv,BM Saint-Brieuc Fonds Gournay - M86,303,4766.7,1011.2,,,Jérémy Hervelin,,,,,,,,,,,,
538,National toutes directions tous partenaires,1750,Amiens,,Angleterre,Imports,Fer ; vieux,,,5,0,10,livres,,sources/National toutes directions tous partenaires/BM_Saint-Brieuc_Fonds_Gournay_M86_partner_Angleterre_Imports_1750.csv,BM Saint-Brieuc Fonds Gournay - M86,303,4766.7,5,,,Jérémy Hervelin,,,,,,,,,,,,
539,National toutes directions tous partenaires,1750,Nantes,,Angleterre,Imports,Feves,,,160,0,2,tonneaux,,sources/National toutes directions tous partenaires/BM_Saint-Brieuc_Fonds_Gournay_M86_partner_Angleterre_Imports_1750.csv,BM Saint-Brieuc Fonds Gournay - M86,303,619,,,,Jérémy Hervelin,,,,,,,,,,,,
540,National toutes directions tous partenaires,1750,Rouen,,Angleterre,Imports,Feves,,,459,0,17,septiers,,sources/National toutes directions tous partenaires/BM_Saint-Brieuc_Fonds_Gournay_M86_partner_Angleterre_Imports_1750.csv,BM Saint-Brieuc Fonds Gournay - M86,303,619,,,,Jérémy Hervelin,,,,,,,,,,,,
541,National toutes directions tous partenaires,1750,Rouen,,Angleterre,Imports,Forces ; à drapier,,,4040,0,202,paires,,sources/National toutes directions tous partenaires/BM_Saint-Brieuc_Fonds_Gournay_M86_partner_Angleterre_Imports_1750.csv,BM Saint-Brieuc Fonds Gournay - M86,304,6190,,,,Jérémy Hervelin,,,,,,,,,,,,
542,National toutes directions tous partenaires,1750,Rouen,,Angleterre,Imports,Forces ; à drapier,,,2150,0,1075,livres,,sources/National toutes directions tous partenaires/BM_Saint-Brieuc_Fonds_Gournay_M86_partner_Angleterre_Imports_1750.csv,BM Saint-Brieuc Fonds Gournay - M86,304,6190,,,,Jérémy Hervelin,,,,,,,,,,,,
543,National toutes directions tous partenaires,1750,Amiens,,Angleterre,Imports,Fromage ; commun,,,640.5,0,4003,livres,,sources/National toutes directions tous partenaires/BM_Saint-Brieuc_Fonds_Gournay_M86_partner_Angleterre_Imports_1750.csv,BM Saint-Brieuc Fonds Gournay - M86,304,13608,,,,Jérémy Hervelin,,,,,,,,,,,,
544,National toutes directions tous partenaires,1750,Caen,,Angleterre,Imports,Fromage ; commun,,,60,0,200,livres,,sources/National toutes directions tous partenaires/BM_Saint-Brieuc_Fonds_Gournay_M86_partner_Angleterre_Imports_1750.csv,BM Saint-Brieuc Fonds Gournay - M86,304,13608,,,,Jérémy Hervelin,,,,,,,,,,,,
545,National toutes directions tous partenaires,1750,La Rochelle,,Angleterre,Imports,Fromage ; commun,,,972,0,540,paires,,sources/National toutes directions tous partenaires/BM_Saint-Brieuc_Fonds_Gournay_M86_partner_Angleterre_Imports_1750.csv,BM Saint-Brieuc Fonds Gournay - M86,304,13608,,,,Jérémy Hervelin,,,,,,,,,,,,
546,National toutes directions tous partenaires,1750,La Rochelle,,Angleterre,Imports,Fromage ; commun,,,4705.2002,0,10456,livres,,sources/National toutes directions tous partenaires/BM_Saint-Brieuc_Fonds_Gournay_M86_partner_Angleterre_Imports_1750.csv,BM Saint-Brieuc Fonds Gournay - M86,304,13608,,,,Jérémy Hervelin,,,,,,,,,,,,
547,National toutes directions tous partenaires,1750,Nantes,,Angleterre,Imports,Fromage ; commun,,,6942.2998,0,23141,livres,,sources/National toutes directions tous partenaires/BM_Saint-Brieuc_Fonds_Gournay_M86_partner_Angleterre_Imports_1750.csv,BM Saint-Brieuc Fonds Gournay - M86,304,13608,,,,Jérémy Hervelin,,,,,,,,,,,,
548,National toutes directions tous partenaires,1750,Rennes,,Angleterre,Imports,Fromage ; commun,,,288,0,960,livres,,sources/National toutes directions tous partenaires/BM_Saint-Brieuc_Fonds_Gournay_M86_partner_Angleterre_Imports_1750.csv,BM Saint-Brieuc Fonds Gournay - M86,304,13608,,,,Jérémy Hervelin,,,,,,,,,,,,
549,National toutes directions tous partenaires,1750,Caen,,Angleterre,Imports,Futailles ; vuides,,,91,0,45,poinçons,,sources/National toutes directions tous partenaires/BM_Saint-Brieuc_Fonds_Gournay_M86_partner_Angleterre_Imports_1750.csv,BM Saint-Brieuc Fonds Gournay - M86,304,91,,,,Jérémy Hervelin,,,,,,,,,,,,
550,National toutes directions tous partenaires,1750,Rouen,,Angleterre,Imports,Galins,,,160,0,400,en nombre,,sources/National toutes directions tous partenaires/BM_Saint-Brieuc_Fonds_Gournay_M86_partner_Angleterre_Imports_1750.csv,BM Saint-Brieuc Fonds Gournay - M86,305,160,,,,Jérémy Hervelin,,,,,,,,,,,,
551,National toutes directions tous partenaires,1750,Marseille,,Angleterre,Imports,Gaudron,,,750,0,5000,livres,,sources/National toutes directions tous partenaires/BM_Saint-Brieuc_Fonds_Gournay_M86_partner_Angleterre_Imports_1750.csv,BM Saint-Brieuc Fonds Gournay - M86,305,750,,,,Jérémy Hervelin,,,,,,,,,,,,
552,National toutes directions tous partenaires,1750,Rouen,,Angleterre,Imports,Graine ; de jardin,,,165,0,150,livres,,sources/National toutes directions tous partenaires/BM_Saint-Brieuc_Fonds_Gournay_M86_partner_Angleterre_Imports_1750.csv,BM Saint-Brieuc Fonds Gournay - M86,305,11664.5,,,,Jérémy Hervelin,,,,,,,,,,,,
553,National toutes directions tous partenaires,1750,Rouen,,Angleterre,Imports,Graine ; de lin,,,11400,0,475,septiers,,sources/National toutes directions tous partenaires/BM_Saint-Brieuc_Fonds_Gournay_M86_partner_Angleterre_Imports_1750.csv,BM Saint-Brieuc Fonds Gournay - M86,305,11664.5,,,,Jérémy Hervelin,,,,,,,,,,,,
554,National toutes directions tous partenaires,1750,Amiens,,Angleterre,Imports,Graine ; de mittes,,,95,0,380,livres,,sources/National toutes directions tous partenaires/BM_Saint-Brieuc_Fonds_Gournay_M86_partner_Angleterre_Imports_1750.csv,BM Saint-Brieuc Fonds Gournay - M86,305,11664.5,,,,Jérémy Hervelin,,,,,,,,,,,,
555,National toutes directions tous partenaires,1750,La Rochelle,,Angleterre,Imports,Graine ; de moutarde,,,4.5,0,60,livres,,sources/National toutes directions tous partenaires/BM_Saint-Brieuc_Fonds_Gournay_M86_partner_Angleterre_Imports_1750.csv,BM Saint-Brieuc Fonds Gournay - M86,305,11664.5,,,,Jérémy Hervelin,,,,,,,,,,,,
556,National toutes directions tous partenaires,1750,Marseille,,Angleterre,Imports,Harangs ; fumés,,,30192,0,1258,barils,,sources/National toutes directions tous partenaires/BM_Saint-Brieuc_Fonds_Gournay_M86_partner_Angleterre_Imports_1750.csv,BM Saint-Brieuc Fonds Gournay - M86,306,30192,,,,Jérémy Hervelin,,,,,,,,,,,,
557,National toutes directions tous partenaires,1750,Amiens,,Angleterre,Imports,Houblon,,,231,0,462,livres,,sources/National toutes directions tous partenaires/BM_Saint-Brieuc_Fonds_Gournay_M86_partner_Angleterre_Imports_1750.csv,BM Saint-Brieuc Fonds Gournay - M86,306,231,,,,Jérémy Hervelin,,,,,,,,,,,,
558,National toutes directions tous partenaires,1750,Caen,,Angleterre,Imports,Huile ; de poisson,,,7020,0,35100,livres,,sources/National toutes directions tous partenaires/BM_Saint-Brieuc_Fonds_Gournay_M86_partner_Angleterre_Imports_1750.csv,BM Saint-Brieuc Fonds Gournay - M86,306,7560,,,,Jérémy Hervelin,,,,,,,,,,,,
559,National toutes directions tous partenaires,1750,Rouen,,Angleterre,Imports,Huile ; de vitriol,,,540,0,270,en nombre,,sources/National toutes directions tous partenaires/BM_Saint-Brieuc_Fonds_Gournay_M86_partner_Angleterre_Imports_1750.csv,BM Saint-Brieuc Fonds Gournay - M86,306,7560,,,,Jérémy Hervelin,,,,,,,,,,,,
560,National toutes directions tous partenaires,1750,Amiens,,Angleterre,Imports,Huitres ; fraiches,,,128,0,8,barils,,sources/National toutes directions tous partenaires/BM_Saint-Brieuc_Fonds_Gournay_M86_partner_Angleterre_Imports_1750.csv,BM Saint-Brieuc Fonds Gournay - M86,306,16353,,,,Jérémy Hervelin,,,,,,,,,,,,
561,National toutes directions tous partenaires,1750,Rouen,,Angleterre,Imports,Huitres ; fraiches,,,16225,0,324500,livres,,sources/National toutes directions tous partenaires/BM_Saint-Brieuc_Fonds_Gournay_M86_partner_Angleterre_Imports_1750.csv,BM Saint-Brieuc Fonds Gournay - M86,306,16353,,,,Jérémy Hervelin,,,,,,,,,,,,
562,National toutes directions tous partenaires,1750,Rouen,,Angleterre,Imports,Jambons,,,1520,0,1900,livres,,sources/National toutes directions tous partenaires/BM_Saint-Brieuc_Fonds_Gournay_M86_partner_Angleterre_Imports_1750.csv,BM Saint-Brieuc Fonds Gournay - M86,307,1520,,,,Jérémy Hervelin,,,,,,,,,,,,
563,National toutes directions tous partenaires,1750,Rouen,,Angleterre,Imports,Laine ; d'Agnelin,,,2531.3,0,1687.5,livres,,sources/National toutes directions tous partenaires/BM_Saint-Brieuc_Fonds_Gournay_M86_partner_Angleterre_Imports_1750.csv,BM Saint-Brieuc Fonds Gournay - M86,307,200321,2531.3,,,Jérémy Hervelin,,,,,,,,,,,,
564,National toutes directions tous partenaires,1750,Rouen,,Angleterre,Imports,Laine ; de Carmenie,,,130500,0,10875,livres,,sources/National toutes directions tous partenaires/BM_Saint-Brieuc_Fonds_Gournay_M86_partner_Angleterre_Imports_1750.csv,BM Saint-Brieuc Fonds Gournay - M86,307,200321,130500,,,Jérémy Hervelin,,,,,,,,,,,,
565,National toutes directions tous partenaires,1750,Rouen,,Angleterre,Imports,Laine ; d'Ecosse,,,9640,0,4820,livres,,sources/National toutes directions tous partenaires/BM_Saint-Brieuc_Fonds_Gournay_M86_partner_Angleterre_Imports_1750.csv,BM Saint-Brieuc Fonds Gournay - M86,307,200321,9640,,,Jérémy Hervelin,,,,,,,,,,,,
566,National toutes directions tous partenaires,1750,Amiens,,Angleterre,Imports,Laine ; filée,,,992.29999,0,441,livres,,sources/National toutes directions tous partenaires/BM_Saint-Brieuc_Fonds_Gournay_M86_partner_Angleterre_Imports_1750.csv,BM Saint-Brieuc Fonds Gournay - M86,307,200321,10496.8,,,Jérémy Hervelin,,,,,,,,,,,,
567,National toutes directions tous partenaires,1750,Caen,,Angleterre,Imports,Laine ; filée,,,2164,0,270.5,livres,,sources/National toutes directions tous partenaires/BM_Saint-Brieuc_Fonds_Gournay_M86_partner_Angleterre_Imports_1750.csv,BM Saint-Brieuc Fonds Gournay - M86,307,200321,10496.8,,,Jérémy Hervelin,,,,,,,,,,,,
568,National toutes directions tous partenaires,1750,Nantes,,Angleterre,Imports,Laine ; filée,,,3972.5,0,1589,livres,,sources/National toutes directions tous partenaires/BM_Saint-Brieuc_Fonds_Gournay_M86_partner_Angleterre_Imports_1750.csv,BM Saint-Brieuc Fonds Gournay - M86,307,200321,10496.8,,,Jérémy Hervelin,,,,,,,,,,,,
569,National toutes directions tous partenaires,1750,Rouen,,Angleterre,Imports,Laine ; filée,,,3368,0,842,livres,,sources/National toutes directions tous partenaires/BM_Saint-Brieuc_Fonds_Gournay_M86_partner_Angleterre_Imports_1750.csv,BM Saint-Brieuc Fonds Gournay - M86,307,200321,10496.8,,,Jérémy Hervelin,,,,,,,,,,,,
570,National toutes directions tous partenaires,1750,Caen,,Angleterre,Imports,Laine ; peignée,,,16.299999,0,13,livres,,sources/National toutes directions tous partenaires/BM_Saint-Brieuc_Fonds_Gournay_M86_partner_Angleterre_Imports_1750.csv,BM Saint-Brieuc Fonds Gournay - M86,307,200321,36938.801,,,Jérémy Hervelin,,,,,,,,,,,,
571,National toutes directions tous partenaires,1750,Nantes,,Angleterre,Imports,Laine ; peignée,,,25672.5,0,17115,livres,,sources/National toutes directions tous partenaires/BM_Saint-Brieuc_Fonds_Gournay_M86_partner_Angleterre_Imports_1750.csv,BM Saint-Brieuc Fonds Gournay - M86,307,200321,36938.801,,,Jérémy Hervelin,,,,,,,,,,,,
572,National toutes directions tous partenaires,1750,Rouen,,Angleterre,Imports,Laine ; peignée,,,11250,0,5625,livres,,sources/National toutes directions tous partenaires/BM_Saint-Brieuc_Fonds_Gournay_M86_partner_Angleterre_Imports_1750.csv,BM Saint-Brieuc Fonds Gournay - M86,307,200321,36938.801,,,Jérémy Hervelin,,,,,,,,,,,,
573,National toutes directions tous partenaires,1750,Marseille,,Angleterre,Imports,Laine ; surge,,,5098,0,12745,livres,,sources/National toutes directions tous partenaires/BM_Saint-Brieuc_Fonds_Gournay_M86_partner_Angleterre_Imports_1750.csv,BM Saint-Brieuc Fonds Gournay - M86,307,200321,5098,,,Jérémy Hervelin,,,,,,,,,,,,
574,National toutes directions tous partenaires,1750,Nantes,,Angleterre,Imports,Laine ; en toison,,,5117.2002,0,4652,livres,,sources/National toutes directions tous partenaires/BM_Saint-Brieuc_Fonds_Gournay_M86_partner_Angleterre_Imports_1750.csv,BM Saint-Brieuc Fonds Gournay - M86,307,200321,5117.2002,,,Jérémy Hervelin,,,,,,,,,,,,
575,National toutes directions tous partenaires,1750,La Rochelle,,Angleterre,Imports,Langues ; salées,,,1025,0,20,barils,,sources/National toutes directions tous partenaires/BM_Saint-Brieuc_Fonds_Gournay_M86_partner_Angleterre_Imports_1750.csv,BM Saint-Brieuc Fonds Gournay - M86,307,4363.3,,,,Jérémy Hervelin,,,,,,,,,,,,
576,National toutes directions tous partenaires,1750,La Rochelle,,Angleterre,Imports,Langues ; salées,,,125,0,,,,sources/National toutes directions tous partenaires/BM_Saint-Brieuc_Fonds_Gournay_M86_partner_Angleterre_Imports_1750.csv,BM Saint-Brieuc Fonds Gournay - M86,307,4363.3,,,,Jérémy Hervelin,,,,,,,,,,,,
577,National toutes directions tous partenaires,1750,Marseille,,Angleterre,Imports,Langues ; salées,,,320,0,800,livres,,sources/National toutes directions tous partenaires/BM_Saint-Brieuc_Fonds_Gournay_M86_partner_Angleterre_Imports_1750.csv,BM Saint-Brieuc Fonds Gournay - M86,307,4363.3,,,,Jérémy Hervelin,,,,,,,,,,,,
578,National toutes directions tous partenaires,1750,Nantes,,Angleterre,Imports,Langues ; salées,,,2493.3,0,62,barils,,sources/National toutes directions tous partenaires/BM_Saint-Brieuc_Fonds_Gournay_M86_partner_Angleterre_Imports_1750.csv,BM Saint-Brieuc Fonds Gournay - M86,307,4363.3,,,,Jérémy Hervelin,,,,,,,,,,,,
579,National toutes directions tous partenaires,1750,Rennes,,Angleterre,Imports,Langues ; salées,,,150,0,5,barils,,sources/National toutes directions tous partenaires/BM_Saint-Brieuc_Fonds_Gournay_M86_partner_Angleterre_Imports_1750.csv,BM Saint-Brieuc Fonds Gournay - M86,307,4363.3,,,,Jérémy Hervelin,,,,,,,,,,,,
580,National toutes directions tous partenaires,1750,Rouen,,Angleterre,Imports,Langues ; salées,,,250,0,625,livres,,sources/National toutes directions tous partenaires/BM_Saint-Brieuc_Fonds_Gournay_M86_partner_Angleterre_Imports_1750.csv,BM Saint-Brieuc Fonds Gournay - M86,307,4363.3,,,,Jérémy Hervelin,,,,,,,,,,,,
581,National toutes directions tous partenaires,1750,Marseille,,Angleterre,Imports,Lard,,,6000,0,20000,livres,,sources/National toutes directions tous partenaires/BM_Saint-Brieuc_Fonds_Gournay_M86_partner_Angleterre_Imports_1750.csv,BM Saint-Brieuc Fonds Gournay - M86,308,18148,,,,Jérémy Hervelin,,,,,,,,,,,,
582,National toutes directions tous partenaires,1750,Nantes,,Angleterre,Imports,Lard,,,60,0,1,barils,,sources/National toutes directions tous partenaires/BM_Saint-Brieuc_Fonds_Gournay_M86_partner_Angleterre_Imports_1750.csv,BM Saint-Brieuc Fonds Gournay - M86,308,18148,,,,Jérémy Hervelin,,,,,,,,,,,,
583,National toutes directions tous partenaires,1750,Nantes,,Angleterre,Imports,Lard,,,5162.5,0,206.5,barils,,sources/National toutes directions tous partenaires/BM_Saint-Brieuc_Fonds_Gournay_M86_partner_Angleterre_Imports_1750.csv,BM Saint-Brieuc Fonds Gournay - M86,308,18148,,,,Jérémy Hervelin,,,,,,,,,,,,
584,National toutes directions tous partenaires,1750,Nantes,,Angleterre,Imports,Lard,,,208,0,16,frequins,,sources/National toutes directions tous partenaires/BM_Saint-Brieuc_Fonds_Gournay_M86_partner_Angleterre_Imports_1750.csv,BM Saint-Brieuc Fonds Gournay - M86,308,18148,,,,Jérémy Hervelin,,,,,,,,,,,,
585,National toutes directions tous partenaires,1750,Nantes,,Angleterre,Imports,Lard,,,1697.7,0,11318,livres,,sources/National toutes directions tous partenaires/BM_Saint-Brieuc_Fonds_Gournay_M86_partner_Angleterre_Imports_1750.csv,BM Saint-Brieuc Fonds Gournay - M86,308,18148,,,,Jérémy Hervelin,,,,,,,,,,,,
586,National toutes directions tous partenaires,1750,Rouen,,Angleterre,Imports,Lard,,,5020.5,0,16735,livres,,sources/National toutes directions tous partenaires/BM_Saint-Brieuc_Fonds_Gournay_M86_partner_Angleterre_Imports_1750.csv,BM Saint-Brieuc Fonds Gournay - M86,308,18148,,,,Jérémy Hervelin,,,,,,,,,,,,
587,National toutes directions tous partenaires,1750,Marseille,,Angleterre,Imports,Legumes,,,1800,0,12000,livres,,sources/National toutes directions tous partenaires/BM_Saint-Brieuc_Fonds_Gournay_M86_partner_Angleterre_Imports_1750.csv,BM Saint-Brieuc Fonds Gournay - M86,308,1800,,,,Jérémy Hervelin,,,,,,,,,,,,
588,National toutes directions tous partenaires,1750,Rouen,,Angleterre,Imports,Libraire,,,200,0,100,livres,,sources/National toutes directions tous partenaires/BM_Saint-Brieuc_Fonds_Gournay_M86_partner_Angleterre_Imports_1750.csv,BM Saint-Brieuc Fonds Gournay - M86,308,200,,,,Jérémy Hervelin,,,,,,,,,,,,
589,National toutes directions tous partenaires,1750,Rennes,,Angleterre,Imports,Lin,,,30,0,50,livres,,sources/National toutes directions tous partenaires/BM_Saint-Brieuc_Fonds_Gournay_M86_partner_Angleterre_Imports_1750.csv,BM Saint-Brieuc Fonds Gournay - M86,308,30,,,,Jérémy Hervelin,,,,,,,,,,,,
590,National toutes directions tous partenaires,1750,Amiens,,Angleterre,Imports,Maquereaux ; frais,,,140.39999,0,351,en nombre,,sources/National toutes directions tous partenaires/BM_Saint-Brieuc_Fonds_Gournay_M86_partner_Angleterre_Imports_1750.csv,BM Saint-Brieuc Fonds Gournay - M86,308,140.4,,,,Jérémy Hervelin,,,,,,,,,,,,
591,National toutes directions tous partenaires,1750,Amiens,,Angleterre,Imports,Marchandises ; mêlées,,,2473.5,0,,,,sources/National toutes directions tous partenaires/BM_Saint-Brieuc_Fonds_Gournay_M86_partner_Angleterre_Imports_1750.csv,BM Saint-Brieuc Fonds Gournay - M86,309,2643.5,,,,Jérémy Hervelin,,,,,,,,,,,,
592,National toutes directions tous partenaires,1750,Caen,,Angleterre,Imports,Marchandises ; mêlées,,,170,0,,,,sources/National toutes directions tous partenaires/BM_Saint-Brieuc_Fonds_Gournay_M86_partner_Angleterre_Imports_1750.csv,BM Saint-Brieuc Fonds Gournay - M86,309,2643.5,,,,Jérémy Hervelin,,,,,,,,,,,,
593,National toutes directions tous partenaires,1750,Rouen,,Angleterre,Imports,Mats,,,18200,0,52,en nombre,,sources/National toutes directions tous partenaires/BM_Saint-Brieuc_Fonds_Gournay_M86_partner_Angleterre_Imports_1750.csv,BM Saint-Brieuc Fonds Gournay - M86,309,75565,,,,Jérémy Hervelin,,,,,,,,,,,,
594,National toutes directions tous partenaires,1750,Rouen,,Angleterre,Imports,Mats,,,52325,0,299,en nombre,,sources/National toutes directions tous partenaires/BM_Saint-Brieuc_Fonds_Gournay_M86_partner_Angleterre_Imports_1750.csv,BM Saint-Brieuc Fonds Gournay - M86,309,75565,,,,Jérémy Hervelin,,,,,,,,,,,,
595,National toutes directions tous partenaires,1750,Rouen,,Angleterre,Imports,Mats,,,5040,0,140,en nombre,,sources/National toutes directions tous partenaires/BM_Saint-Brieuc_Fonds_Gournay_M86_partner_Angleterre_Imports_1750.csv,BM Saint-Brieuc Fonds Gournay - M86,309,75565,,,,Jérémy Hervelin,,,,,,,,,,,,
596,National toutes directions tous partenaires,1750,Amiens,,Angleterre,Imports,Meules ; à taillander,,,5586,0,798,en nombre,,sources/National toutes directions tous partenaires/BM_Saint-Brieuc_Fonds_Gournay_M86_partner_Angleterre_Imports_1750.csv,BM Saint-Brieuc Fonds Gournay - M86,309,21349,,,,Jérémy Hervelin,,,,,,,,,,,,
597,National toutes directions tous partenaires,1750,Caen,,Angleterre,Imports,Meules ; à taillander,,,63,0,18,en nombre,,sources/National toutes directions tous partenaires/BM_Saint-Brieuc_Fonds_Gournay_M86_partner_Angleterre_Imports_1750.csv,BM Saint-Brieuc Fonds Gournay - M86,309,21349,,,,Jérémy Hervelin,,,,,,,,,,,,
598,National toutes directions tous partenaires,1750,La Rochelle,,Angleterre,Imports,Meules ; à taillander,,,100,0,40,petits,,sources/National toutes directions tous partenaires/BM_Saint-Brieuc_Fonds_Gournay_M86_partner_Angleterre_Imports_1750.csv,BM Saint-Brieuc Fonds Gournay - M86,309,21349,,,,Jérémy Hervelin,,,,,,,,,,,,
599,National toutes directions tous partenaires,1750,Rouen,,Angleterre,Imports,Meules ; à taillander,,,15600,0,1300,en nombre,,sources/National toutes directions tous partenaires/BM_Saint-Brieuc_Fonds_Gournay_M86_partner_Angleterre_Imports_1750.csv,BM Saint-Brieuc Fonds Gournay - M86,309,21349,,,,Jérémy Hervelin,,,,,,,,,,,,
600,National toutes directions tous partenaires,1750,Nantes,,Angleterre,Imports,Moël ; de beuf,,,168.10001,0,467,livres,,sources/National toutes directions tous partenaires/BM_Saint-Brieuc_Fonds_Gournay_M86_partner_Angleterre_Imports_1750.csv,BM Saint-Brieuc Fonds Gournay - M86,310,168.1,,,,Jérémy Hervelin,,,,,,,,,,,,
601,National toutes directions tous partenaires,1750,Rouen,,Angleterre,Imports,Morilles,,,10,0,,,,sources/National toutes directions tous partenaires/BM_Saint-Brieuc_Fonds_Gournay_M86_partner_Angleterre_Imports_1750.csv,BM Saint-Brieuc Fonds Gournay - M86,310,10,,,,Jérémy Hervelin,,,,,,,,,,,,
602,National toutes directions tous partenaires,1750,Amiens,,Angleterre,Imports,Morüe ; seche,,,12.5,0,50,livres,,sources/National toutes directions tous partenaires/BM_Saint-Brieuc_Fonds_Gournay_M86_partner_Angleterre_Imports_1750.csv,BM Saint-Brieuc Fonds Gournay - M86,310,3637.2,,,,Jérémy Hervelin,,,,,,,,,,,,
603,National toutes directions tous partenaires,1750,Caen,,Angleterre,Imports,Morüe ; seche,,,1244.7,0,4149,livres,,sources/National toutes directions tous partenaires/BM_Saint-Brieuc_Fonds_Gournay_M86_partner_Angleterre_Imports_1750.csv,BM Saint-Brieuc Fonds Gournay - M86,310,3637.2,,,,Jérémy Hervelin,,,,,,,,,,,,
604,National toutes directions tous partenaires,1750,Nantes,,Angleterre,Imports,Morüe ; seche,,,660,0,3,milliers,,sources/National toutes directions tous partenaires/BM_Saint-Brieuc_Fonds_Gournay_M86_partner_Angleterre_Imports_1750.csv,BM Saint-Brieuc Fonds Gournay - M86,310,3637.2,,,,Jérémy Hervelin,,,,,,,,,,,,
605,National toutes directions tous partenaires,1750,Rennes,,Angleterre,Imports,Morüe ; seche,,,1720,0,4300,livres,,sources/National toutes directions tous partenaires/BM_Saint-Brieuc_Fonds_Gournay_M86_partner_Angleterre_Imports_1750.csv,BM Saint-Brieuc Fonds Gournay - M86,310,3637.2,,,,Jérémy Hervelin,,,,,,,,,,,,
606,National toutes directions tous partenaires,1750,Rouen,,Angleterre,Imports,Moulins ; à caffé,,,312.10001,0,125,livres,,sources/National toutes directions tous partenaires/BM_Saint-Brieuc_Fonds_Gournay_M86_partner_Angleterre_Imports_1750.csv,BM Saint-Brieuc Fonds Gournay - M86,310,312.1,,,,Jérémy Hervelin,,,,,,,,,,,,
607,National toutes directions tous partenaires,1750,Nantes,,Angleterre,Imports,Nattes,,,25,0,100,en nombre,,sources/National toutes directions tous partenaires/BM_Saint-Brieuc_Fonds_Gournay_M86_partner_Angleterre_Imports_1750.csv,BM Saint-Brieuc Fonds Gournay - M86,310,25,,,,Jérémy Hervelin,,,,,,,,,,,,
608,National toutes directions tous partenaires,1750,Amiens,,Angleterre,Imports,Orge ; mondée,,,112.5,0,375,livres,,sources/National toutes directions tous partenaires/BM_Saint-Brieuc_Fonds_Gournay_M86_partner_Angleterre_Imports_1750.csv,BM Saint-Brieuc Fonds Gournay - M86,311,112.5,,,,Jérémy Hervelin,,,,,,,,,,,,
609,National toutes directions tous partenaires,1750,Rouen,,Angleterre,Imports,Os ; de beuf,,,310,0,3100,en nombre,,sources/National toutes directions tous partenaires/BM_Saint-Brieuc_Fonds_Gournay_M86_partner_Angleterre_Imports_1750.csv,BM Saint-Brieuc Fonds Gournay - M86,311,310,,,,Jérémy Hervelin,,,,,,,,,,,,
610,National toutes directions tous partenaires,1750,Amiens,,Angleterre,Imports,Pain ; d'épice,,,33,0,44,livres,,sources/National toutes directions tous partenaires/BM_Saint-Brieuc_Fonds_Gournay_M86_partner_Angleterre_Imports_1750.csv,BM Saint-Brieuc Fonds Gournay - M86,312,33,,,,Jérémy Hervelin,,,,,,,,,,,,
611,National toutes directions tous partenaires,1750,Amiens,,Angleterre,Imports,Papier ; à écrire,,,16,0,1,rames,,sources/National toutes directions tous partenaires/BM_Saint-Brieuc_Fonds_Gournay_M86_partner_Angleterre_Imports_1750.csv,BM Saint-Brieuc Fonds Gournay - M86,312,16,,,,Jérémy Hervelin,,,,,,,,,,,,
612,National toutes directions tous partenaires,1750,Rennes,,Angleterre,Imports,Paumelle,,,5886,0,1962,boisseaux,,sources/National toutes directions tous partenaires/BM_Saint-Brieuc_Fonds_Gournay_M86_partner_Angleterre_Imports_1750.csv,BM Saint-Brieuc Fonds Gournay - M86,312,5886,,,,Jérémy Hervelin,,,,,,,,,,,,
613,National toutes directions tous partenaires,1750,Nantes,,Angleterre,Imports,Peaux ; d'agneau,,,4.5,0,15,en nombre,,sources/National toutes directions tous partenaires/BM_Saint-Brieuc_Fonds_Gournay_M86_partner_Angleterre_Imports_1750.csv,BM Saint-Brieuc Fonds Gournay - M86,312,1075.5,,,,Jérémy Hervelin,,,,,,,,,,,,
614,National toutes directions tous partenaires,1750,Rouen,,Angleterre,Imports,Peaux ; de chevre ; en poil,,,480,0,32,douzaines,,sources/National toutes directions tous partenaires/BM_Saint-Brieuc_Fonds_Gournay_M86_partner_Angleterre_Imports_1750.csv,BM Saint-Brieuc Fonds Gournay - M86,312,1075.5,,,,Jérémy Hervelin,,,,,,,,,,,,
615,National toutes directions tous partenaires,1750,Marseille,,Angleterre,Imports,Peaux ; de lapin,,,375,0,150,livres,,sources/National toutes directions tous partenaires/BM_Saint-Brieuc_Fonds_Gournay_M86_partner_Angleterre_Imports_1750.csv,BM Saint-Brieuc Fonds Gournay - M86,312,1075.5,,,,Jérémy Hervelin,,,,,,,,,,,,
616,National toutes directions tous partenaires,1750,Rouen,,Angleterre,Imports,Peaux ; de veau ; en poil,,,216,0,12,douzaines,,sources/National toutes directions tous partenaires/BM_Saint-Brieuc_Fonds_Gournay_M86_partner_Angleterre_Imports_1750.csv,BM Saint-Brieuc Fonds Gournay - M86,312,1075.5,,,,Jérémy Hervelin,,,,,,,,,,,,
617,National toutes directions tous partenaires,1750,Rouen,,Angleterre,Imports,Pierres ; à éguiser,,,8,0,2,douzaines,,sources/National toutes directions tous partenaires/BM_Saint-Brieuc_Fonds_Gournay_M86_partner_Angleterre_Imports_1750.csv,BM Saint-Brieuc Fonds Gournay - M86,312,8,,,,Jérémy Hervelin,,,,,,,,,,,,
618,National toutes directions tous partenaires,1750,Caen,,Angleterre,Imports,Pipes ; à fumer,,,1021.5,0,340,grosses,,sources/National toutes directions tous partenaires/BM_Saint-Brieuc_Fonds_Gournay_M86_partner_Angleterre_Imports_1750.csv,BM Saint-Brieuc Fonds Gournay - M86,313,1171.5,,,,Jérémy Hervelin,,,,,,,,,,,,
619,National toutes directions tous partenaires,1750,Rouen,,Angleterre,Imports,Pipes ; à fumer,,,150,0,50,grosses,,sources/National toutes directions tous partenaires/BM_Saint-Brieuc_Fonds_Gournay_M86_partner_Angleterre_Imports_1750.csv,BM Saint-Brieuc Fonds Gournay - M86,313,1171.5,,,,Jérémy Hervelin,,,,,,,,,,,,
620,National toutes directions tous partenaires,1750,Amiens,,Angleterre,Imports,Planches ; de sapon,,,12951.3,0,10361,en nombre,,sources/National toutes directions tous partenaires/BM_Saint-Brieuc_Fonds_Gournay_M86_partner_Angleterre_Imports_1750.csv,BM Saint-Brieuc Fonds Gournay - M86,313,71401.3,,,,Jérémy Hervelin,,,,,,,,,,,,
621,National toutes directions tous partenaires,1750,Marseille,,Angleterre,Imports,Planches ; de sapon,,,900,0,100,douzaines,,sources/National toutes directions tous partenaires/BM_Saint-Brieuc_Fonds_Gournay_M86_partner_Angleterre_Imports_1750.csv,BM Saint-Brieuc Fonds Gournay - M86,313,71401.3,,,,Jérémy Hervelin,,,,,,,,,,,,
622,National toutes directions tous partenaires,1750,Rouen,,Angleterre,Imports,Planches ; de sapon,,,57550,0,57550,en nombre,,sources/National toutes directions tous partenaires/BM_Saint-Brieuc_Fonds_Gournay_M86_partner_Angleterre_Imports_1750.csv,BM Saint-Brieuc Fonds Gournay - M86,313,71401.3,,,,Jérémy Hervelin,,,,,,,,,,,,
623,National toutes directions tous partenaires,1750,Rennes,,Angleterre,Imports,Plocq,,,147.5,0,590,livres,,sources/National toutes directions tous partenaires/BM_Saint-Brieuc_Fonds_Gournay_M86_partner_Angleterre_Imports_1750.csv,BM Saint-Brieuc Fonds Gournay - M86,313,2902,,,,Jérémy Hervelin,,,,,,,,,,,,
624,National toutes directions tous partenaires,1750,Rennes,,Angleterre,Imports,Plocq,,,313.20001,0,2088,livres,,sources/National toutes directions tous partenaires/BM_Saint-Brieuc_Fonds_Gournay_M86_partner_Angleterre_Imports_1750.csv,BM Saint-Brieuc Fonds Gournay - M86,313,2902,,,,Jérémy Hervelin,,,,,,,,,,,,
625,National toutes directions tous partenaires,1750,Rouen,,Angleterre,Imports,Plocq,,,2441.3,0,16275,livres,,sources/National toutes directions tous partenaires/BM_Saint-Brieuc_Fonds_Gournay_M86_partner_Angleterre_Imports_1750.csv,BM Saint-Brieuc Fonds Gournay - M86,313,2902,,,,Jérémy Hervelin,,,,,,,,,,,,
626,National toutes directions tous partenaires,1750,Amiens,,Angleterre,Imports,Plomb ; en saumon,,,2849.5,0,16762,livres,,sources/National toutes directions tous partenaires/BM_Saint-Brieuc_Fonds_Gournay_M86_partner_Angleterre_Imports_1750.csv,BM Saint-Brieuc Fonds Gournay - M86,313,832968.1,,,,Jérémy Hervelin,,,,,,,,,,,,
627,National toutes directions tous partenaires,1750,Bordeaux,,Angleterre,Imports,Plomb ; en saumon,,,3839,0,19195,livres,,sources/National toutes directions tous partenaires/BM_Saint-Brieuc_Fonds_Gournay_M86_partner_Angleterre_Imports_1750.csv,BM Saint-Brieuc Fonds Gournay - M86,313,832968.1,,,,Jérémy Hervelin,,,,,,,,,,,,
628,National toutes directions tous partenaires,1750,Caen,,Angleterre,Imports,Plomb ; en saumon,,,2550,0,12750,livres,,sources/National toutes directions tous partenaires/BM_Saint-Brieuc_Fonds_Gournay_M86_partner_Angleterre_Imports_1750.csv,BM Saint-Brieuc Fonds Gournay - M86,313,832968.1,,,,Jérémy Hervelin,,,,,,,,,,,,
629,National toutes directions tous partenaires,1750,La Rochelle,,Angleterre,Imports,Plomb ; en saumon,,,64841.398,0,288184,livres,,sources/National toutes directions tous partenaires/BM_Saint-Brieuc_Fonds_Gournay_M86_partner_Angleterre_Imports_1750.csv,BM Saint-Brieuc Fonds Gournay - M86,313,832968.1,,,,Jérémy Hervelin,,,,,,,,,,,,
630,National toutes directions tous partenaires,1750,Marseille,,Angleterre,Imports,Plomb ; en saumon,,,263460,0,1317300,livres,,sources/National toutes directions tous partenaires/BM_Saint-Brieuc_Fonds_Gournay_M86_partner_Angleterre_Imports_1750.csv,BM Saint-Brieuc Fonds Gournay - M86,313,832968.1,,,,Jérémy Hervelin,,,,,,,,,,,,
631,National toutes directions tous partenaires,1750,Nantes,,Angleterre,Imports,Plomb ; en saumon,,,4520,0,22600,livres,,sources/National toutes directions tous partenaires/BM_Saint-Brieuc_Fonds_Gournay_M86_partner_Angleterre_Imports_1750.csv,BM Saint-Brieuc Fonds Gournay - M86,313,832968.1,,,,Jérémy Hervelin,,,,,,,,,,,,
632,National toutes directions tous partenaires,1750,Rennes,,Angleterre,Imports,Plomb ; en saumon,,,5323.2002,0,26616,livres,,sources/National toutes directions tous partenaires/BM_Saint-Brieuc_Fonds_Gournay_M86_partner_Angleterre_Imports_1750.csv,BM Saint-Brieuc Fonds Gournay - M86,313,832968.1,,,,Jérémy Hervelin,,,,,,,,,,,,
633,National toutes directions tous partenaires,1750,Rouen,,Angleterre,Imports,Plomb ; en saumon,,,485585,0,2427925,livres,,sources/National toutes directions tous partenaires/BM_Saint-Brieuc_Fonds_Gournay_M86_partner_Angleterre_Imports_1750.csv,BM Saint-Brieuc Fonds Gournay - M86,313,832968.1,,,,Jérémy Hervelin,,,,,,,,,,,,
634,National toutes directions tous partenaires,1750,Rouen,,Angleterre,Imports,Poil ; de chevrotin,,,11280,0,37600,livres,,sources/National toutes directions tous partenaires/BM_Saint-Brieuc_Fonds_Gournay_M86_partner_Angleterre_Imports_1750.csv,BM Saint-Brieuc Fonds Gournay - M86,314,11280,,,,Jérémy Hervelin,,,,,,,,,,,,
635,National toutes directions tous partenaires,1750,Rouen,,Angleterre,Imports,Pois,,,54,0,2,septiers,,sources/National toutes directions tous partenaires/BM_Saint-Brieuc_Fonds_Gournay_M86_partner_Angleterre_Imports_1750.csv,BM Saint-Brieuc Fonds Gournay - M86,314,54,,,,Jérémy Hervelin,,,,,,,,,,,,
636,National toutes directions tous partenaires,1750,Caen,,Angleterre,Imports,Pommes,,,310,0,31,muids,,sources/National toutes directions tous partenaires/BM_Saint-Brieuc_Fonds_Gournay_M86_partner_Angleterre_Imports_1750.csv,BM Saint-Brieuc Fonds Gournay - M86,314,310,,,,Jérémy Hervelin,,,,,,,,,,,,
637,National toutes directions tous partenaires,1750,Amiens,,Angleterre,Imports,Porcelaine,,,40,0,8,livres,,sources/National toutes directions tous partenaires/BM_Saint-Brieuc_Fonds_Gournay_M86_partner_Angleterre_Imports_1750.csv,BM Saint-Brieuc Fonds Gournay - M86,314,40,,,,Jérémy Hervelin,,,,,,,,,,,,
638,National toutes directions tous partenaires,1750,Amiens,,Angleterre,Imports,Poutrelles,,,228,0,76,en nombre,,sources/National toutes directions tous partenaires/BM_Saint-Brieuc_Fonds_Gournay_M86_partner_Angleterre_Imports_1750.csv,BM Saint-Brieuc Fonds Gournay - M86,314,228,,,,Jérémy Hervelin,,,,,,,,,,,,
639,National toutes directions tous partenaires,1750,Amiens,,Angleterre,Imports,Ramures ; de sapin,,,2577.5,0,2062,en nombre,,sources/National toutes directions tous partenaires/BM_Saint-Brieuc_Fonds_Gournay_M86_partner_Angleterre_Imports_1750.csv,BM Saint-Brieuc Fonds Gournay - M86,315,2577.5,,,,Jérémy Hervelin,,,,,,,,,,,,
640,National toutes directions tous partenaires,1750,Rouen,,Angleterre,Imports,Ris,,,30403,0,121612,livres,,sources/National toutes directions tous partenaires/BM_Saint-Brieuc_Fonds_Gournay_M86_partner_Angleterre_Imports_1750.csv,BM Saint-Brieuc Fonds Gournay - M86,315,30403,,,,Jérémy Hervelin,,,,,,,,,,,,
641,National toutes directions tous partenaires,1750,Rouen,,Angleterre,Imports,Sal ; de verre,,,21640,0,86560,livres,,sources/National toutes directions tous partenaires/BM_Saint-Brieuc_Fonds_Gournay_M86_partner_Angleterre_Imports_1750.csv,BM Saint-Brieuc Fonds Gournay - M86,316,21640,,,,Jérémy Hervelin,,,,,,,,,,,,
642,National toutes directions tous partenaires,1750,Rouen,,Angleterre,Imports,Sapins ; à f. comble,,,2217,0,1478,en nombre,,sources/National toutes directions tous partenaires/BM_Saint-Brieuc_Fonds_Gournay_M86_partner_Angleterre_Imports_1750.csv,BM Saint-Brieuc Fonds Gournay - M86,316,2247,,,,Jérémy Hervelin,,,,,,,,,,,,
643,National toutes directions tous partenaires,1750,Rouen,,Angleterre,Imports,Sapins ; à f. pioche,,,30,0,100,en nombre,,sources/National toutes directions tous partenaires/BM_Saint-Brieuc_Fonds_Gournay_M86_partner_Angleterre_Imports_1750.csv,BM Saint-Brieuc Fonds Gournay - M86,316,2247,,,,Jérémy Hervelin,,,,,,,,,,,,
644,National toutes directions tous partenaires,1750,Amiens,,Angleterre,Imports,Saumon,,,47385,0,729,barils,,sources/National toutes directions tous partenaires/BM_Saint-Brieuc_Fonds_Gournay_M86_partner_Angleterre_Imports_1750.csv,BM Saint-Brieuc Fonds Gournay - M86,316,79810.39999999999,,,,Jérémy Hervelin,,,,,,,,,,,,
645,National toutes directions tous partenaires,1750,La Rochelle,,Angleterre,Imports,Saumon,,,1672,0,38,barils,,sources/National toutes directions tous partenaires/BM_Saint-Brieuc_Fonds_Gournay_M86_partner_Angleterre_Imports_1750.csv,BM Saint-Brieuc Fonds Gournay - M86,316,79810.39999999999,,,,Jérémy Hervelin,,,,,,,,,,,,
646,National toutes directions tous partenaires,1750,Marseille,,Angleterre,Imports,Saumon,,,24000,0,300,barils,,sources/National toutes directions tous partenaires/BM_Saint-Brieuc_Fonds_Gournay_M86_partner_Angleterre_Imports_1750.csv,BM Saint-Brieuc Fonds Gournay - M86,316,79810.39999999999,,,,Jérémy Hervelin,,,,,,,,,,,,
647,National toutes directions tous partenaires,1750,Montpellier,,Angleterre,Imports,Saumon,,,1085,0,15.5,barils,,sources/National toutes directions tous partenaires/BM_Saint-Brieuc_Fonds_Gournay_M86_partner_Angleterre_Imports_1750.csv,BM Saint-Brieuc Fonds Gournay - M86,316,79810.39999999999,,,,Jérémy Hervelin,,,,,,,,,,,,
648,National toutes directions tous partenaires,1750,Nantes,,Angleterre,Imports,Saumon,,,600,0,12,barils,,sources/National toutes directions tous partenaires/BM_Saint-Brieuc_Fonds_Gournay_M86_partner_Angleterre_Imports_1750.csv,BM Saint-Brieuc Fonds Gournay - M86,316,79810.39999999999,,,,Jérémy Hervelin,,,,,,,,,,,,
649,National toutes directions tous partenaires,1750,Nantes,,Angleterre,Imports,Saumon,,,90,0,3,gonnes,,sources/National toutes directions tous partenaires/BM_Saint-Brieuc_Fonds_Gournay_M86_partner_Angleterre_Imports_1750.csv,BM Saint-Brieuc Fonds Gournay - M86,316,79810.39999999999,,,,Jérémy Hervelin,,,,,,,,,,,,
650,National toutes directions tous partenaires,1750,Nantes,,Angleterre,Imports,Saumon,,,2660,0,38,tierçons,,sources/National toutes directions tous partenaires/BM_Saint-Brieuc_Fonds_Gournay_M86_partner_Angleterre_Imports_1750.csv,BM Saint-Brieuc Fonds Gournay - M86,316,79810.39999999999,,,,Jérémy Hervelin,,,,,,,,,,,,
651,National toutes directions tous partenaires,1750,Rouen,,Angleterre,Imports,Saumon,,,1400,0,20,barils,,sources/National toutes directions tous partenaires/BM_Saint-Brieuc_Fonds_Gournay_M86_partner_Angleterre_Imports_1750.csv,BM Saint-Brieuc Fonds Gournay - M86,316,79810.39999999999,,,,Jérémy Hervelin,,,,,,,,,,,,
652,National toutes directions tous partenaires,1750,Rouen,,Angleterre,Imports,Saumon,,,918.40002,0,2296,livres,,sources/National toutes directions tous partenaires/BM_Saint-Brieuc_Fonds_Gournay_M86_partner_Angleterre_Imports_1750.csv,BM Saint-Brieuc Fonds Gournay - M86,316,79810.39999999999,,,,Jérémy Hervelin,,,,,,,,,,,,
653,National toutes directions tous partenaires,1750,Amiens,,Angleterre,Imports,Sel ; d'Angleterre,,,614,0,1,livres,,sources/National toutes directions tous partenaires/BM_Saint-Brieuc_Fonds_Gournay_M86_partner_Angleterre_Imports_1750.csv,BM Saint-Brieuc Fonds Gournay - M86,317,614,,,,Jérémy Hervelin,,,,,,,,,,,,
654,National toutes directions tous partenaires,1750,Amiens,,Angleterre,Imports,Selles ; de cheval,,,120,0,5,en nombre,,sources/National toutes directions tous partenaires/BM_Saint-Brieuc_Fonds_Gournay_M86_partner_Angleterre_Imports_1750.csv,BM Saint-Brieuc Fonds Gournay - M86,317,120,,,,Jérémy Hervelin,,,,,,,,,,,,
655,National toutes directions tous partenaires,1750,Bordeaux,,Angleterre,Imports,Serpentin ; à disti.,,,150,0,1,en nombre,,sources/National toutes directions tous partenaires/BM_Saint-Brieuc_Fonds_Gournay_M86_partner_Angleterre_Imports_1750.csv,BM Saint-Brieuc Fonds Gournay - M86,317,150,,,,Jérémy Hervelin,,,,,,,,,,,,
656,National toutes directions tous partenaires,1750,Amiens,,Angleterre,Imports,Sucre ; rafiné,,,6.5,0,10,livres,,sources/National toutes directions tous partenaires/BM_Saint-Brieuc_Fonds_Gournay_M86_partner_Angleterre_Imports_1750.csv,BM Saint-Brieuc Fonds Gournay - M86,318,6.5,,,,Jérémy Hervelin,,,,,,,,,,,,
657,National toutes directions tous partenaires,1750,Bayonne,,Angleterre,Imports,Suif,,,2025,0,4500,livres,,sources/National toutes directions tous partenaires/BM_Saint-Brieuc_Fonds_Gournay_M86_partner_Angleterre_Imports_1750.csv,BM Saint-Brieuc Fonds Gournay - M86,318,154713,,,,Jérémy Hervelin,,,,,,,,,,,,
658,National toutes directions tous partenaires,1750,Bordeaux,,Angleterre,Imports,Suif,,,75906,0,210850,livres,,sources/National toutes directions tous partenaires/BM_Saint-Brieuc_Fonds_Gournay_M86_partner_Angleterre_Imports_1750.csv,BM Saint-Brieuc Fonds Gournay - M86,318,154713,,,,Jérémy Hervelin,,,,,,,,,,,,
659,National toutes directions tous partenaires,1750,Caen,,Angleterre,Imports,Suif,,,4.5,0,10,livres,,sources/National toutes directions tous partenaires/BM_Saint-Brieuc_Fonds_Gournay_M86_partner_Angleterre_Imports_1750.csv,BM Saint-Brieuc Fonds Gournay - M86,318,154713,,,,Jérémy Hervelin,,,,,,,,,,,,
660,National toutes directions tous partenaires,1750,La Rochelle,,Angleterre,Imports,Suif,,,132,0,3,barils,,sources/National toutes directions tous partenaires/BM_Saint-Brieuc_Fonds_Gournay_M86_partner_Angleterre_Imports_1750.csv,BM Saint-Brieuc Fonds Gournay - M86,318,154713,,,,Jérémy Hervelin,,,,,,,,,,,,
661,National toutes directions tous partenaires,1750,La Rochelle,,Angleterre,Imports,Suif,,,43012.398,0,107531,livres,,sources/National toutes directions tous partenaires/BM_Saint-Brieuc_Fonds_Gournay_M86_partner_Angleterre_Imports_1750.csv,BM Saint-Brieuc Fonds Gournay - M86,318,154713,,,,Jérémy Hervelin,,,,,,,,,,,,
662,National toutes directions tous partenaires,1750,Nantes,,Angleterre,Imports,Suif,,,10954.8,0,30430,livres,,sources/National toutes directions tous partenaires/BM_Saint-Brieuc_Fonds_Gournay_M86_partner_Angleterre_Imports_1750.csv,BM Saint-Brieuc Fonds Gournay - M86,318,154713,,,,Jérémy Hervelin,,,,,,,,,,,,
663,National toutes directions tous partenaires,1750,Rennes,,Angleterre,Imports,Suif,,,600,0,2000,livres,,sources/National toutes directions tous partenaires/BM_Saint-Brieuc_Fonds_Gournay_M86_partner_Angleterre_Imports_1750.csv,BM Saint-Brieuc Fonds Gournay - M86,318,154713,,,,Jérémy Hervelin,,,,,,,,,,,,
664,National toutes directions tous partenaires,1750,Rouen,,Angleterre,Imports,Suif,,,22079.301,0,49065,livres,,sources/National toutes directions tous partenaires/BM_Saint-Brieuc_Fonds_Gournay_M86_partner_Angleterre_Imports_1750.csv,BM Saint-Brieuc Fonds Gournay - M86,318,154713,,,,Jérémy Hervelin,,,,,,,,,,,,
665,National toutes directions tous partenaires,1750,Bordeaux,,Angleterre,Imports,Tabac ; en feüilles,,,1186790.3,0,4747161,livres,,sources/National toutes directions tous partenaires/BM_Saint-Brieuc_Fonds_Gournay_M86_partner_Angleterre_Imports_1750.csv,BM Saint-Brieuc Fonds Gournay - M86,318,2056978.3,,,,Jérémy Hervelin,,,,,,,,,,,,
666,National toutes directions tous partenaires,1750,Rouen,,Angleterre,Imports,Tabac ; en feüilles,,,114300,0,11143,boucauds,,sources/National toutes directions tous partenaires/BM_Saint-Brieuc_Fonds_Gournay_M86_partner_Angleterre_Imports_1750.csv,BM Saint-Brieuc Fonds Gournay - M86,318,2056978.3,,,,Jérémy Hervelin,,,,,,,,,,,,
667,National toutes directions tous partenaires,1750,Rouen,,Angleterre,Imports,Tabac ; en feüilles,,,755888,0,3779440,livres,,sources/National toutes directions tous partenaires/BM_Saint-Brieuc_Fonds_Gournay_M86_partner_Angleterre_Imports_1750.csv,BM Saint-Brieuc Fonds Gournay - M86,318,2056978.3,,,,Jérémy Hervelin,,,,,,,,,,,,
668,National toutes directions tous partenaires,1750,Rouen,,Angleterre,Imports,Tables,,,64,0,3,en nombre,,sources/National toutes directions tous partenaires/BM_Saint-Brieuc_Fonds_Gournay_M86_partner_Angleterre_Imports_1750.csv,BM Saint-Brieuc Fonds Gournay - M86,319,64,,,,Jérémy Hervelin,,,,,,,,,,,,
669,National toutes directions tous partenaires,1750,Rouen,,Angleterre,Imports,Tableaux,,,2400,0,13,en nombre,,sources/National toutes directions tous partenaires/BM_Saint-Brieuc_Fonds_Gournay_M86_partner_Angleterre_Imports_1750.csv,BM Saint-Brieuc Fonds Gournay - M86,319,2400,,,,Jérémy Hervelin,,,,,,,,,,,,
670,National toutes directions tous partenaires,1750,Amiens,,Angleterre,Imports,Thé,,,21,0,7,livres,,sources/National toutes directions tous partenaires/BM_Saint-Brieuc_Fonds_Gournay_M86_partner_Angleterre_Imports_1750.csv,BM Saint-Brieuc Fonds Gournay - M86,319,21,,,,Jérémy Hervelin,,,,,,,,,,,,
671,National toutes directions tous partenaires,1750,Amiens,,Angleterre,Imports,Verres ; cristalins,,,149.5,0,74.75,livres,,sources/National toutes directions tous partenaires/BM_Saint-Brieuc_Fonds_Gournay_M86_partner_Angleterre_Imports_1750.csv,BM Saint-Brieuc Fonds Gournay - M86,322,149.5,,,,Jérémy Hervelin,,,,,,,,,,,,
672,National toutes directions tous partenaires,1750,Bordeaux,,Angleterre,Imports,Vieux-oing,,,672.5,0,2690,livres,,sources/National toutes directions tous partenaires/BM_Saint-Brieuc_Fonds_Gournay_M86_partner_Angleterre_Imports_1750.csv,BM Saint-Brieuc Fonds Gournay - M86,322,672.5,,,,Jérémy Hervelin,,,,,,,,,,,,
673,National toutes directions tous partenaires,1750,Rouen,,Angleterre,Imports,Vin ; du Rhin,,,1800,0,6,muids,,sources/National toutes directions tous partenaires/BM_Saint-Brieuc_Fonds_Gournay_M86_partner_Angleterre_Imports_1750.csv,BM Saint-Brieuc Fonds Gournay - M86,323,1800,,,,Jérémy Hervelin,,,,,,,,,,,,
674,National toutes directions tous partenaires,1750,Rouen,,Angleterre,Imports,Vitriol,,,49.5,0,18,livres,,sources/National toutes directions tous partenaires/BM_Saint-Brieuc_Fonds_Gournay_M86_partner_Angleterre_Imports_1750.csv,BM Saint-Brieuc Fonds Gournay - M86,324,49.5,,,,Jérémy Hervelin,,,,,,,,,,,,
