numrodeligne,dataentryby,source,sourcepath,sourcetype,year,exportsimports,direction,sheet,marchandises,pays,quantit,quantity_unit,prix_unitaire,value,probleme,remarks,unverified
1,Anthony Rebours,AD44 C706,Local/Nantes/Nantes - Exports – 1753.csv,Local,1753,Exports,Nantes,1,Chataignes,Angleterre,4,Barique,4,,,De 4 à 6 livres la barique,1
2,Anthony Rebours,AD44 C706,Local/Nantes/Nantes - Exports – 1753.csv,Local,1753,Exports,Nantes,1,Chataignes,Angleterre,2,Sac,1,,,,1
3,Anthony Rebours,AD44 C706,Local/Nantes/Nantes - Exports – 1753.csv,Local,1753,Exports,Nantes,1,Cotton en laine,Angleterre,12,Livre,"1,2",,,,1
4,Anthony Rebours,AD44 C706,Local/Nantes/Nantes - Exports – 1753.csv,Local,1753,Exports,Nantes,1,Eau de vie,Angleterre,"23,5",Ancre,36,,,,1
5,Anthony Rebours,AD44 C706,Local/Nantes/Nantes - Exports – 1753.csv,Local,1753,Exports,Nantes,1,Eau de vie,Angleterre,7653,Velte,4,,,,1
6,Anthony Rebours,AD44 C706,Local/Nantes/Nantes - Exports – 1753.csv,Local,1753,Exports,Nantes,1,Eau de vie,Angleterre,12,Pièce,0,,,,1
7,Anthony Rebours,AD44 C706,Local/Nantes/Nantes - Exports – 1753.csv,Local,1753,Exports,Nantes,1,Fer en barres,Angleterre,218400,Livre,"0,14",,,Prix unitaire en pourcentage,1
8,Anthony Rebours,AD44 C706,Local/Nantes/Nantes - Exports – 1753.csv,Local,1753,Exports,Nantes,1,Indigo,Angleterre,55480,Livre,5,,,,1
9,Anthony Rebours,AD44 C706,Local/Nantes/Nantes - Exports – 1753.csv,Local,1753,Exports,Nantes,1,Noix,Angleterre,3,Millier,"1,5",,,,1
10,Anthony Rebours,AD44 C706,Local/Nantes/Nantes - Exports – 1753.csv,Local,1753,Exports,Nantes,1,Papier,Angleterre,3500,Livre,"0,6",,,,1
11,Anthony Rebours,AD44 C706,Local/Nantes/Nantes - Exports – 1753.csv,Local,1753,Exports,Nantes,1,Sel du Croizic,Angleterre,1406,Muid,50,,,,1
12,Anthony Rebours,AD44 C706,Local/Nantes/Nantes - Exports – 1753.csv,Local,1753,Exports,Nantes,1,Sel du Pouliguen,Angleterre,584,Muid,50,,,,1
13,Anthony Rebours,AD44 C706,Local/Nantes/Nantes - Exports – 1753.csv,Local,1753,Exports,Nantes,1,Sucre en pain,Angleterre,198,Livre,"0,7",,,,1
14,Anthony Rebours,AD44 C706,Local/Nantes/Nantes - Exports – 1753.csv,Local,1753,Exports,Nantes,1,Taffia,Angleterre,374,Velte,"2,5",,,,1
15,Anthony Rebours,AD44 C706,Local/Nantes/Nantes - Exports – 1753.csv,Local,1753,Exports,Nantes,1,Thé,Angleterre,720,Livre,"3,75",,,,1
16,Anthony Rebours,AD44 C706,Local/Nantes/Nantes - Exports – 1753.csv,Local,1753,Exports,Nantes,1,Vin d'Amont,Angleterre,1,Barique,30,,,,1
17,Anthony Rebours,AD44 C706,Local/Nantes/Nantes - Exports – 1753.csv,Local,1753,Exports,Nantes,1,Vin d'Amont,Angleterre,2,Tonneau,140,,,,1
18,Anthony Rebours,AD44 C706,Local/Nantes/Nantes - Exports – 1753.csv,Local,1753,Exports,Nantes,2,Vin de Bordeaux,Angleterre,5,Barique,80,,,,1
19,Anthony Rebours,AD44 C706,Local/Nantes/Nantes - Exports – 1753.csv,Local,1753,Exports,Nantes,2,Vin de Bordeaux,Angleterre,1,Tierçon ,36,,,,1
20,Anthony Rebours,AD44 C706,Local/Nantes/Nantes - Exports – 1753.csv,Local,1753,Exports,Nantes,2,Vin de Bourgogne,Angleterre,2,Quart,40,,,,1
21,Anthony Rebours,AD44 C706,Local/Nantes/Nantes - Exports – 1753.csv,Local,1753,Exports,Nantes,2,Vin nantois,Angleterre,2,Barique,25,,,,1
22,Anthony Rebours,AD44 C706,Local/Nantes/Nantes - Exports – 1753.csv,Local,1753,Exports,Nantes,2,Vinaigre,Angleterre,2,Quart,9,,,,1
23,Anthony Rebours,AD44 C706,Local/Nantes/Nantes - Exports – 1753.csv,Local,1753,Exports,Nantes,2,Caffé des Isles,Danemark,11325,Livre,"0,9",,,,1
24,Anthony Rebours,AD44 C706,Local/Nantes/Nantes - Exports – 1753.csv,Local,1753,Exports,Nantes,2,Chataignes,Danemark,320,Boisseau,"0,9",,,,1
25,Anthony Rebours,AD44 C706,Local/Nantes/Nantes - Exports – 1753.csv,Local,1753,Exports,Nantes,2,Confitures,Danemark,80,Livre,1,,,,1
26,Anthony Rebours,AD44 C706,Local/Nantes/Nantes - Exports – 1753.csv,Local,1753,Exports,Nantes,2,Cotton en laine,Danemark,1775,Livre,"1,2",,,,1
27,Anthony Rebours,AD44 C706,Local/Nantes/Nantes - Exports – 1753.csv,Local,1753,Exports,Nantes,2,Douelles à tonneaux,Danemark,1000,Nombre,"0,25",,,Prix unitaire en millier,1
28,Anthony Rebours,AD44 C706,Local/Nantes/Nantes - Exports – 1753.csv,Local,1753,Exports,Nantes,2,Eau de vie,Danemark,"9304,5",Velte,4,,,,1
29,Anthony Rebours,AD44 C706,Local/Nantes/Nantes - Exports – 1753.csv,Local,1753,Exports,Nantes,2,Etoffe de soye,Danemark,6,Livre,40,,,,1
30,Anthony Rebours,AD44 C706,Local/Nantes/Nantes - Exports – 1753.csv,Local,1753,Exports,Nantes,2,Indigo,Danemark,580,Livre,5,,,,1
31,Anthony Rebours,AD44 C706,Local/Nantes/Nantes - Exports – 1753.csv,Local,1753,Exports,Nantes,2,Noix,Danemark,40,Millier,"1,5",,,,1
32,Anthony Rebours,AD44 C706,Local/Nantes/Nantes - Exports – 1753.csv,Local,1753,Exports,Nantes,2,Pruneaux,Danemark,280,Livre,"0,2",,,,1
33,Anthony Rebours,AD44 C706,Local/Nantes/Nantes - Exports – 1753.csv,Local,1753,Exports,Nantes,2,Sel du Croizic,Danemark,"127,5",Muid,50,,,,1
34,Anthony Rebours,AD44 C706,Local/Nantes/Nantes - Exports – 1753.csv,Local,1753,Exports,Nantes,2,Sirop melasse,Danemark,1100,Livre,"0,08",,,Prix unitaire en pourcentage,1
35,Anthony Rebours,AD44 C706,Local/Nantes/Nantes - Exports – 1753.csv,Local,1753,Exports,Nantes,2,Sucre en pain,Danemark,1012,Livre,"0,14",,,Prix unitaire en pourcentage,1
36,Anthony Rebours,AD44 C706,Local/Nantes/Nantes - Exports – 1753.csv,Local,1753,Exports,Nantes,2,Sucre terré,Danemark,1345,Livre,"0,35",,,Prix unitaire en pourcentage,1
37,Anthony Rebours,AD44 C706,Local/Nantes/Nantes - Exports – 1753.csv,Local,1753,Exports,Nantes,2,Thé,Danemark,12682,Livre,"3,75",,,,1
38,Anthony Rebours,AD44 C706,Local/Nantes/Nantes - Exports – 1753.csv,Local,1753,Exports,Nantes,2,Toille de Bretagne,Danemark,25,Livre,"3,5",,,,1
39,Anthony Rebours,AD44 C706,Local/Nantes/Nantes - Exports – 1753.csv,Local,1753,Exports,Nantes,2,Vin d'Amont,Danemark,"140,5",Tonneau,140,,,,1
40,Anthony Rebours,AD44 C706,Local/Nantes/Nantes - Exports – 1753.csv,Local,1753,Exports,Nantes,2,Vin de Bordeaux,Danemark,2,Barique,80,,,,1
41,Anthony Rebours,AD44 C706,Local/Nantes/Nantes - Exports – 1753.csv,Local,1753,Exports,Nantes,2,Vin de Bordeaux,Danemark,48,Bouteille,"0,5",,,,1
42,Anthony Rebours,AD44 C706,Local/Nantes/Nantes - Exports – 1753.csv,Local,1753,Exports,Nantes,2,Vin nantois,Danemark,8,Barique,25,,,,1
43,Anthony Rebours,AD44 C706,Local/Nantes/Nantes - Exports – 1753.csv,Local,1753,Exports,Nantes,2,Vin nantois,Danemark,29,Tonneau,100,,,,1
44,Anthony Rebours,AD44 C706,Local/Nantes/Nantes - Exports – 1753.csv,Local,1753,Exports,Nantes,3,Vinaigre,Danemark,1,Tonneau,100,,,,1
45,Anthony Rebours,AD44 C706,Local/Nantes/Nantes - Exports – 1753.csv,Local,1753,Exports,Nantes,3,Vinaigre,Danemark,28,Quart,9,,,,1
46,Anthony Rebours,AD44 C706,Local/Nantes/Nantes - Exports – 1753.csv,Local,1753,Exports,Nantes,3,Ajamis ,Espagne,1299,Pièce,20,,,,1
47,Anthony Rebours,AD44 C706,Local/Nantes/Nantes - Exports – 1753.csv,Local,1753,Exports,Nantes,3,Armes a feu,Espagne,5920,Livre,"0,15",,,,1
48,Anthony Rebours,AD44 C706,Local/Nantes/Nantes - Exports – 1753.csv,Local,1753,Exports,Nantes,3,Bazins brodés,Espagne,12,Pièce,18,,,,1
49,Anthony Rebours,AD44 C706,Local/Nantes/Nantes - Exports – 1753.csv,Local,1753,Exports,Nantes,3,Beure,Espagne,909,Livre,"0,5",,,,1
50,Anthony Rebours,AD44 C706,Local/Nantes/Nantes - Exports – 1753.csv,Local,1753,Exports,Nantes,3,Bonnetterie,Espagne,5487,Livre,"2,5",,,,1
51,Anthony Rebours,AD44 C706,Local/Nantes/Nantes - Exports – 1753.csv,Local,1753,Exports,Nantes,3,Bougie,Espagne,3265,Livre,"2,25",,,,1
52,Anthony Rebours,AD44 C706,Local/Nantes/Nantes - Exports – 1753.csv,Local,1753,Exports,Nantes,3,Cacao,Espagne,16948,Livre,"0,6",,,,1
53,Anthony Rebours,AD44 C706,Local/Nantes/Nantes - Exports – 1753.csv,Local,1753,Exports,Nantes,3,Caffé des Isles,Espagne,16763,Livre,"0,9",,,,1
54,Anthony Rebours,AD44 C706,Local/Nantes/Nantes - Exports – 1753.csv,Local,1753,Exports,Nantes,3,Camelot de laine,Espagne,560,Aune,"2,5",,,,1
55,Anthony Rebours,AD44 C706,Local/Nantes/Nantes - Exports – 1753.csv,Local,1753,Exports,Nantes,3,Chaises de paille,Espagne,36,Pièce,1,,,,1
56,Anthony Rebours,AD44 C706,Local/Nantes/Nantes - Exports – 1753.csv,Local,1753,Exports,Nantes,3,Chandelles,Espagne,420,Livre,"0,45",,,,1
57,Anthony Rebours,AD44 C706,Local/Nantes/Nantes - Exports – 1753.csv,Local,1753,Exports,Nantes,3,Chapeaux castors,Espagne,30,Pièce,16,,,,1
58,Anthony Rebours,AD44 C706,Local/Nantes/Nantes - Exports – 1753.csv,Local,1753,Exports,Nantes,3,Chapeaux communs,Espagne,10,Douzaine,36,,,,1
59,Anthony Rebours,AD44 C706,Local/Nantes/Nantes - Exports – 1753.csv,Local,1753,Exports,Nantes,3,Chataignes,Espagne,30,Boisseau,"0,9",,,,1
60,Anthony Rebours,AD44 C706,Local/Nantes/Nantes - Exports – 1753.csv,Local,1753,Exports,Nantes,3,Chilas,Espagne,4,Pièce,18,,,,1
61,Anthony Rebours,AD44 C706,Local/Nantes/Nantes - Exports – 1753.csv,Local,1753,Exports,Nantes,3,Circaca,Espagne,19,Pièce,70,,,,1
62,Anthony Rebours,AD44 C706,Local/Nantes/Nantes - Exports – 1753.csv,Local,1753,Exports,Nantes,3,Confitures,Espagne,331,Livre,1,,,,1
63,Anthony Rebours,AD44 C706,Local/Nantes/Nantes - Exports – 1753.csv,Local,1753,Exports,Nantes,3,Cuir doré,Espagne,255,Livre,2,,,,1
64,Anthony Rebours,AD44 C706,Local/Nantes/Nantes - Exports – 1753.csv,Local,1753,Exports,Nantes,3,Cuirs secs en poil,Espagne,2105,Livre,20,,,,1
65,Anthony Rebours,AD44 C706,Local/Nantes/Nantes - Exports – 1753.csv,Local,1753,Exports,Nantes,3,Cuirs tannés,Espagne,112,Livre,"0,45",,,,1
66,Anthony Rebours,AD44 C706,Local/Nantes/Nantes - Exports – 1753.csv,Local,1753,Exports,Nantes,3,Culottes de toilles,Espagne,8,Douzaine,15,,,,1
67,Anthony Rebours,AD44 C706,Local/Nantes/Nantes - Exports – 1753.csv,Local,1753,Exports,Nantes,3,Draps d'Elbeuf,Espagne,38,Aune,15,,,,1
68,Anthony Rebours,AD44 C706,Local/Nantes/Nantes - Exports – 1753.csv,Local,1753,Exports,Nantes,3,Draps de Louvier,Espagne,60,Aune,18,,,,1
69,Anthony Rebours,AD44 C706,Local/Nantes/Nantes - Exports – 1753.csv,Local,1753,Exports,Nantes,3,Draps de Sedan,Espagne,1185,Livre,24,,,,1
70,Anthony Rebours,AD44 C706,Local/Nantes/Nantes - Exports – 1753.csv,Local,1753,Exports,Nantes,3,Drogueries,Espagne,3108,Livre,2,,,,1
71,Anthony Rebours,AD44 C706,Local/Nantes/Nantes - Exports – 1753.csv,Local,1753,Exports,Nantes,4,Drogues,Espagne,50,Aune,10,,,,1
72,Anthony Rebours,AD44 C706,Local/Nantes/Nantes - Exports – 1753.csv,Local,1753,Exports,Nantes,4,Eau de vie,Espagne,3589,Velte,4,,,,1
73,Anthony Rebours,AD44 C706,Local/Nantes/Nantes - Exports – 1753.csv,Local,1753,Exports,Nantes,4,Etamine de laine,Espagne,150766,Aune,5,,,,1
74,Anthony Rebours,AD44 C706,Local/Nantes/Nantes - Exports – 1753.csv,Local,1753,Exports,Nantes,4,Etamine de laine,Espagne,3252,Livre,6,,,,1
75,Anthony Rebours,AD44 C706,Local/Nantes/Nantes - Exports – 1753.csv,Local,1753,Exports,Nantes,4,Etoffe de soye,Espagne,180,Aune,40,,,,1
76,Anthony Rebours,AD44 C706,Local/Nantes/Nantes - Exports – 1753.csv,Local,1753,Exports,Nantes,4,Fayance,Espagne,214,Douzaine,"3,25",,,,1
77,Anthony Rebours,AD44 C706,Local/Nantes/Nantes - Exports – 1753.csv,Local,1753,Exports,Nantes,4,Fer en marmittes,Espagne,559,Pièce,"1,5",,,,1
78,Anthony Rebours,AD44 C706,Local/Nantes/Nantes - Exports – 1753.csv,Local,1753,Exports,Nantes,4,Feves,Espagne,"405,5",Tonneau,100,,,,1
79,Anthony Rebours,AD44 C706,Local/Nantes/Nantes - Exports – 1753.csv,Local,1753,Exports,Nantes,4,Fromage de Gruyere,Espagne,106,Livre,"0,5",,,,1
80,Anthony Rebours,AD44 C706,Local/Nantes/Nantes - Exports – 1753.csv,Local,1753,Exports,Nantes,4,Gingembre,Espagne,579,Livre,"0,6",,,,1
81,Anthony Rebours,AD44 C706,Local/Nantes/Nantes - Exports – 1753.csv,Local,1753,Exports,Nantes,4,Gourgouran,Espagne,9,Pièce,120,,,,1
82,Anthony Rebours,AD44 C706,Local/Nantes/Nantes - Exports – 1753.csv,Local,1753,Exports,Nantes,4,Guingans,Espagne,44,Pièce,15,,,,1
83,Anthony Rebours,AD44 C706,Local/Nantes/Nantes - Exports – 1753.csv,Local,1753,Exports,Nantes,4,Huile d'olive,Espagne,15,Livre,"0,8",,,,1
84,Anthony Rebours,AD44 C706,Local/Nantes/Nantes - Exports – 1753.csv,Local,1753,Exports,Nantes,4,Lampas,Espagne,4,Pièce,12,,,,1
85,Anthony Rebours,AD44 C706,Local/Nantes/Nantes - Exports – 1753.csv,Local,1753,Exports,Nantes,4,Lamproyes,Espagne,98,Boete,4,,,,1
86,Anthony Rebours,AD44 C706,Local/Nantes/Nantes - Exports – 1753.csv,Local,1753,Exports,Nantes,4,Librairie,Espagne,1,Balle,0,,,,1
87,Anthony Rebours,AD44 C706,Local/Nantes/Nantes - Exports – 1753.csv,Local,1753,Exports,Nantes,4,Librairie,Espagne,600,Livre,2,,,,1
88,Anthony Rebours,AD44 C706,Local/Nantes/Nantes - Exports – 1753.csv,Local,1753,Exports,Nantes,4,Lignes à pecher,Espagne,300,Livre,"1,2",,,,1
89,Anthony Rebours,AD44 C706,Local/Nantes/Nantes - Exports – 1753.csv,Local,1753,Exports,Nantes,4,Mercerie,Espagne,32105,Livre,"3,5",,,,1
90,Anthony Rebours,AD44 C706,Local/Nantes/Nantes - Exports – 1753.csv,Local,1753,Exports,Nantes,4,Mouchoirs peints,Espagne,102,Pièce,2,,,,1
91,Anthony Rebours,AD44 C706,Local/Nantes/Nantes - Exports – 1753.csv,Local,1753,Exports,Nantes,4,Mouchoirs de Pontichery,Espagne,102,Pièce,30,,,,1
92,Anthony Rebours,AD44 C706,Local/Nantes/Nantes - Exports – 1753.csv,Local,1753,Exports,Nantes,4,Mouchoirs de soye,Espagne,6,Pièce,70,,,,1
93,Anthony Rebours,AD44 C706,Local/Nantes/Nantes - Exports – 1753.csv,Local,1753,Exports,Nantes,4,Mouchoirs de toille cholet,Espagne,4850,Livre,4,,,,1
94,Anthony Rebours,AD44 C706,Local/Nantes/Nantes - Exports – 1753.csv,Local,1753,Exports,Nantes,4,Mouchoirs de toille de cotton,Espagne,6,Pièce,"3,5",,,,1
95,Anthony Rebours,AD44 C706,Local/Nantes/Nantes - Exports – 1753.csv,Local,1753,Exports,Nantes,4,Noix,Espagne,12,Millier,"1,5",,,,1
96,Anthony Rebours,AD44 C706,Local/Nantes/Nantes - Exports – 1753.csv,Local,1753,Exports,Nantes,4,Papier,Espagne,180,Livre,"0,6",,,,1
97,Anthony Rebours,AD44 C706,Local/Nantes/Nantes - Exports – 1753.csv,Local,1753,Exports,Nantes,4,Peaux de chevres,Espagne,40,Livre,"1,5",,,,1
98,Anthony Rebours,AD44 C706,Local/Nantes/Nantes - Exports – 1753.csv,Local,1753,Exports,Nantes,4,Peaux de mouton passées,Espagne,108,Pièce,1,,,,1
99,Anthony Rebours,AD44 C706,Local/Nantes/Nantes - Exports – 1753.csv,Local,1753,Exports,Nantes,4,Peaux de vache en poils,Espagne,5200,Livre,"0,4",,,,1
100,Anthony Rebours,AD44 C706,Local/Nantes/Nantes - Exports – 1753.csv,Local,1753,Exports,Nantes,4,Peaux de vache tannées,Espagne,3600,Pièce,8,,,Prix de 8 à 10 livres la peau,1
101,Anthony Rebours,AD44 C706,Local/Nantes/Nantes - Exports – 1753.csv,Local,1753,Exports,Nantes,4,Peaux de veau corroyées,Espagne,279,Douzaine,28,,,,1
102,Anthony Rebours,AD44 C706,Local/Nantes/Nantes - Exports – 1753.csv,Local,1753,Exports,Nantes,5,Pekin,Espagne,22,Pièce,25,,,,1
103,Anthony Rebours,AD44 C706,Local/Nantes/Nantes - Exports – 1753.csv,Local,1753,Exports,Nantes,5,Pierres à fuzils,Espagne,159,Millier,"1,5",,,,1
104,Anthony Rebours,AD44 C706,Local/Nantes/Nantes - Exports – 1753.csv,Local,1753,Exports,Nantes,5,Poivre,Espagne,400,Livre,"1,4",,,,1
105,Anthony Rebours,AD44 C706,Local/Nantes/Nantes - Exports – 1753.csv,Local,1753,Exports,Nantes,5,Pruneaux,Espagne,2125,Livre,"0,2",,,,1
106,Anthony Rebours,AD44 C706,Local/Nantes/Nantes - Exports – 1753.csv,Local,1753,Exports,Nantes,5,Rogues de morue,Espagne,100,Baril,10,,,,1
107,Anthony Rebours,AD44 C706,Local/Nantes/Nantes - Exports – 1753.csv,Local,1753,Exports,Nantes,5,Satin,Espagne,7,Pièce,48,,,prix de 48 à 150 livres la pièce,1
108,Anthony Rebours,AD44 C706,Local/Nantes/Nantes - Exports – 1753.csv,Local,1753,Exports,Nantes,5,Savon,Espagne,1860,Livre,"0,45",,,,1
109,Anthony Rebours,AD44 C706,Local/Nantes/Nantes - Exports – 1753.csv,Local,1753,Exports,Nantes,5,Sel du Croizic,Espagne,8,Muid,50,,,,1
110,Anthony Rebours,AD44 C706,Local/Nantes/Nantes - Exports – 1753.csv,Local,1753,Exports,Nantes,5,Sel du Pouliguen,Espagne,220,Muid,50,,,,1
111,Anthony Rebours,AD44 C706,Local/Nantes/Nantes - Exports – 1753.csv,Local,1753,Exports,Nantes,5,Serge de laine,Espagne,400,Aune,2,,,,1
112,Anthony Rebours,AD44 C706,Local/Nantes/Nantes - Exports – 1753.csv,Local,1753,Exports,Nantes,5,Sirop melasse,Espagne,3627,Livre,"0,08",,,Prix unitaire en pourcentage,1
113,Anthony Rebours,AD44 C706,Local/Nantes/Nantes - Exports – 1753.csv,Local,1753,Exports,Nantes,5,Soufflets,Espagne,36,Pièce,"1,2",,,Quantité d'origine = 3 douzaines,1
114,Anthony Rebours,AD44 C706,Local/Nantes/Nantes - Exports – 1753.csv,Local,1753,Exports,Nantes,5,Sucre brut,Espagne,101278,Livre,"0,24",,,Prix unitaire en pourcentage,1
115,Anthony Rebours,AD44 C706,Local/Nantes/Nantes - Exports – 1753.csv,Local,1753,Exports,Nantes,5,Sucre candy,Espagne,100,Livre,"1,1",,,,1
116,Anthony Rebours,AD44 C706,Local/Nantes/Nantes - Exports – 1753.csv,Local,1753,Exports,Nantes,5,Sucre en pain,Espagne,1917,Livre,"0,45",,,De 9 à 10 sous la livre,1
117,Anthony Rebours,AD44 C706,Local/Nantes/Nantes - Exports – 1753.csv,Local,1753,Exports,Nantes,5,Sucre terré,Espagne,1400375,Livre,"0,35",,,Prix unitaire en pourcentage,1
118,Anthony Rebours,AD44 C706,Local/Nantes/Nantes - Exports – 1753.csv,Local,1753,Exports,Nantes,5,Thé,Espagne,295,Livre,"3,75",,,,1
119,Anthony Rebours,AD44 C706,Local/Nantes/Nantes - Exports – 1753.csv,Local,1753,Exports,Nantes,5,Toille de Bretagne,Espagne,296440,Livre,"3,5",,,,1
120,Anthony Rebours,AD44 C706,Local/Nantes/Nantes - Exports – 1753.csv,Local,1753,Exports,Nantes,5,Toille de cotton,Espagne,11776,Livre,4,,,,1
121,Anthony Rebours,AD44 C706,Local/Nantes/Nantes - Exports – 1753.csv,Local,1753,Exports,Nantes,5,Toille peinte,Espagne,1380,Livre,"3,5",,,,1
122,Anthony Rebours,AD44 C706,Local/Nantes/Nantes - Exports – 1753.csv,Local,1753,Exports,Nantes,5,Toille a serviette,Espagne,35,Livre,"1,2",,,,1
123,Anthony Rebours,AD44 C706,Local/Nantes/Nantes - Exports – 1753.csv,Local,1753,Exports,Nantes,5,Vin de Bordeaux,Espagne,900,Bouteille,"0,5",,,,1
124,Anthony Rebours,AD44 C706,Local/Nantes/Nantes - Exports – 1753.csv,Local,1753,Exports,Nantes,5,Vin de Bourgogne,Espagne,80,Bouteille,2,,,,1
125,Anthony Rebours,AD44 C706,Local/Nantes/Nantes - Exports – 1753.csv,Local,1753,Exports,Nantes,5,Vin de Champagne,Espagne,300,Bouteille,2,,,,1
126,Anthony Rebours,AD44 C706,Local/Nantes/Nantes - Exports – 1753.csv,Local,1753,Exports,Nantes,5,Vinaigre,Espagne,4,Barique,36,,,,1
127,Anthony Rebours,AD44 C706,Local/Nantes/Nantes - Exports – 1753.csv,Local,1753,Exports,Nantes,5,Vinaigre,Espagne,70,Quart,9,,,,1
128,Anthony Rebours,AD44 C706,Local/Nantes/Nantes - Exports – 1753.csv,Local,1753,Exports,Nantes,5,Ardoises,Flandre autrichienne,40,Millier,20,,,,1
129,Anthony Rebours,AD44 C706,Local/Nantes/Nantes - Exports – 1753.csv,Local,1753,Exports,Nantes,6,Bougie,Flandre autrichienne,100,Livre,"2,25",,,,1
130,Anthony Rebours,AD44 C706,Local/Nantes/Nantes - Exports – 1753.csv,Local,1753,Exports,Nantes,6,Cacao,Flandre autrichienne,5450,Livre,"0,6",,,,1
131,Anthony Rebours,AD44 C706,Local/Nantes/Nantes - Exports – 1753.csv,Local,1753,Exports,Nantes,6,Chataignes,Flandre autrichienne,3505,Boisseau,"0,9",,,,1
132,Anthony Rebours,AD44 C706,Local/Nantes/Nantes - Exports – 1753.csv,Local,1753,Exports,Nantes,6,Confitures,Flandre autrichienne,13,Livre,1,,,,1
133,Anthony Rebours,AD44 C706,Local/Nantes/Nantes - Exports – 1753.csv,Local,1753,Exports,Nantes,6,Cotton en laine,Flandre autrichienne,42441,Livre,"1,2",,,,1
134,Anthony Rebours,AD44 C706,Local/Nantes/Nantes - Exports – 1753.csv,Local,1753,Exports,Nantes,6,Cuirs secs en poil,Flandre autrichienne,5906,Pièce,20,,,,1
135,Anthony Rebours,AD44 C706,Local/Nantes/Nantes - Exports – 1753.csv,Local,1753,Exports,Nantes,6,Eau de vie,Flandre autrichienne,3433,Velte,4,,,,1
136,Anthony Rebours,AD44 C706,Local/Nantes/Nantes - Exports – 1753.csv,Local,1753,Exports,Nantes,6,Etamine de laine,Flandre autrichienne,1010,Aune,4,,,,1
137,Anthony Rebours,AD44 C706,Local/Nantes/Nantes - Exports – 1753.csv,Local,1753,Exports,Nantes,6,Fruit cuit,Flandre autrichienne,216,Livre,"0,08",,,Prix unitaire en pourcentage,1
138,Anthony Rebours,AD44 C706,Local/Nantes/Nantes - Exports – 1753.csv,Local,1753,Exports,Nantes,6,Gomme,Flandre autrichienne,40,Livre,"0,5",,,,1
139,Anthony Rebours,AD44 C706,Local/Nantes/Nantes - Exports – 1753.csv,Local,1753,Exports,Nantes,6,Huile d'olive,Flandre autrichienne,550,Livre,"0,8",,,,1
140,Anthony Rebours,AD44 C706,Local/Nantes/Nantes - Exports – 1753.csv,Local,1753,Exports,Nantes,6,Indigo,Flandre autrichienne,5152,Livre,5,,,,1
141,Anthony Rebours,AD44 C706,Local/Nantes/Nantes - Exports – 1753.csv,Local,1753,Exports,Nantes,6,Liqueur,Flandre autrichienne,18,Bouteille,2,,,,1
142,Anthony Rebours,AD44 C706,Local/Nantes/Nantes - Exports – 1753.csv,Local,1753,Exports,Nantes,6,Noix,Flandre autrichienne,50,Millier,6,,,De 6 à 10 livres le millier,1
143,Anthony Rebours,AD44 C706,Local/Nantes/Nantes - Exports – 1753.csv,Local,1753,Exports,Nantes,6,Peaux de lapin,Flandre autrichienne,2406,Pièce,"0,2",,,,1
144,Anthony Rebours,AD44 C706,Local/Nantes/Nantes - Exports – 1753.csv,Local,1753,Exports,Nantes,6,Peaux de lièvres,Flandre autrichienne,820,Pièce,"0,1",,,,1
145,Anthony Rebours,AD44 C706,Local/Nantes/Nantes - Exports – 1753.csv,Local,1753,Exports,Nantes,6,Plumes à lit,Flandre autrichienne,40,Livre,"1,2",,,,1
146,Anthony Rebours,AD44 C706,Local/Nantes/Nantes - Exports – 1753.csv,Local,1753,Exports,Nantes,6,Pruneaux,Flandre autrichienne,1548,Livre,"0,2",,,,1
147,Anthony Rebours,AD44 C706,Local/Nantes/Nantes - Exports – 1753.csv,Local,1753,Exports,Nantes,6,Saffran,Flandre autrichienne,6,Livre,24,,,,1
148,Anthony Rebours,AD44 C706,Local/Nantes/Nantes - Exports – 1753.csv,Local,1753,Exports,Nantes,6,Sel du Croizic,Flandre autrichienne,71,Muid,50,,,,1
149,Anthony Rebours,AD44 C706,Local/Nantes/Nantes - Exports – 1753.csv,Local,1753,Exports,Nantes,6,Sirop d'Amont,Flandre autrichienne,133550,Livre,"0,08",,,Prix unitaire en pourcentage,1
150,Anthony Rebours,AD44 C706,Local/Nantes/Nantes - Exports – 1753.csv,Local,1753,Exports,Nantes,6,Sirop melasse,Flandre autrichienne,456773,Livre,"0,08",,,Prix unitaire en pourcentage,1
151,Anthony Rebours,AD44 C706,Local/Nantes/Nantes - Exports – 1753.csv,Local,1753,Exports,Nantes,6,Sucre brut,Flandre autrichienne,292375,Livre,"0,24",,,Prix unitaire en pourcentage,1
152,Anthony Rebours,AD44 C706,Local/Nantes/Nantes - Exports – 1753.csv,Local,1753,Exports,Nantes,6,Sucre en pain,Flandre autrichienne,22,Livre,"0,7",,,,1
153,Anthony Rebours,AD44 C706,Local/Nantes/Nantes - Exports – 1753.csv,Local,1753,Exports,Nantes,6,Sucre terré,Flandre autrichienne,353502,Livre,"0,35",,,Prix unitaire en pourcentage,1
154,Anthony Rebours,AD44 C706,Local/Nantes/Nantes - Exports – 1753.csv,Local,1753,Exports,Nantes,6,Thé,Flandre autrichienne,4714,Livre,"3,75",,,,1
155,Anthony Rebours,AD44 C706,Local/Nantes/Nantes - Exports – 1753.csv,Local,1753,Exports,Nantes,6,Vin d'Amont,Flandre autrichienne,"2197,25",Tonneau,140,,,,1
156,Anthony Rebours,AD44 C706,Local/Nantes/Nantes - Exports – 1753.csv,Local,1753,Exports,Nantes,6,Vin de Bordeaux,Flandre autrichienne,"1,5",Tonneau,340,,,,1
157,Anthony Rebours,AD44 C706,Local/Nantes/Nantes - Exports – 1753.csv,Local,1753,Exports,Nantes,6,Vin nantois,Flandre autrichienne,4,Barique,25,,,,1
158,Anthony Rebours,AD44 C706,Local/Nantes/Nantes - Exports – 1753.csv,Local,1753,Exports,Nantes,6,Vin nantois,Flandre autrichienne,"1287,75",Tonneau,100,,,,1
159,Anthony Rebours,AD44 C706,Local/Nantes/Nantes - Exports – 1753.csv,Local,1753,Exports,Nantes,7,Vinaigre,Flandre autrichienne,1,Barique,36,,,,1
160,Anthony Rebours,AD44 C706,Local/Nantes/Nantes - Exports – 1753.csv,Local,1753,Exports,Nantes,7,Vinaigre,Flandre autrichienne,12,Quart,9,,,,1
161,Anthony Rebours,AD44 C706,Local/Nantes/Nantes - Exports – 1753.csv,Local,1753,Exports,Nantes,7,Amandes,Holande,12,Livre,"0,4",,,,1
162,Anthony Rebours,AD44 C706,Local/Nantes/Nantes - Exports – 1753.csv,Local,1753,Exports,Nantes,7,Bierres,Holande,2,Barique,25,,,,1
163,Anthony Rebours,AD44 C706,Local/Nantes/Nantes - Exports – 1753.csv,Local,1753,Exports,Nantes,7,Bougie,Holande,199,Livre,"2,25",,,,1
164,Anthony Rebours,AD44 C706,Local/Nantes/Nantes - Exports – 1753.csv,Local,1753,Exports,Nantes,7,Cacao,Holande,3000,Livre,"0,6",,,,1
165,Anthony Rebours,AD44 C706,Local/Nantes/Nantes - Exports – 1753.csv,Local,1753,Exports,Nantes,7,Caffé des Isles,Holande,1022242,Livre,"0,9",,,,1
166,Anthony Rebours,AD44 C706,Local/Nantes/Nantes - Exports – 1753.csv,Local,1753,Exports,Nantes,7,Cardamomon,Holande,30,Livre,"2,5",,,,1
167,Anthony Rebours,AD44 C706,Local/Nantes/Nantes - Exports – 1753.csv,Local,1753,Exports,Nantes,7,Chanvre cru,Holande,136600,Livre,"0,6",,,,1
168,Anthony Rebours,AD44 C706,Local/Nantes/Nantes - Exports – 1753.csv,Local,1753,Exports,Nantes,7,Chataignes,Holande,756,Boisseau,"0,9",,,,1
169,Anthony Rebours,AD44 C706,Local/Nantes/Nantes - Exports – 1753.csv,Local,1753,Exports,Nantes,7,Confitures,Holande,218,Livre,1,,,,1
170,Anthony Rebours,AD44 C706,Local/Nantes/Nantes - Exports – 1753.csv,Local,1753,Exports,Nantes,7,Cotton en laine,Holande,7570,Livre,"1,2",,,,1
171,Anthony Rebours,AD44 C706,Local/Nantes/Nantes - Exports – 1753.csv,Local,1753,Exports,Nantes,7,Coupis,Holande,168,Pièce,25,,,,1
172,Anthony Rebours,AD44 C706,Local/Nantes/Nantes - Exports – 1753.csv,Local,1753,Exports,Nantes,7,Cuirs secs en poil,Holande,900,Pièce,20,,,,1
173,Anthony Rebours,AD44 C706,Local/Nantes/Nantes - Exports – 1753.csv,Local,1753,Exports,Nantes,7,Eau de vie,Holande,710,Velte,4,,,,1
174,Anthony Rebours,AD44 C706,Local/Nantes/Nantes - Exports – 1753.csv,Local,1753,Exports,Nantes,7,Ferremens ouvrés,Holande,3112,Livre,"0,5",,,,1
175,Anthony Rebours,AD44 C706,Local/Nantes/Nantes - Exports – 1753.csv,Local,1753,Exports,Nantes,7,Fil de Rennes,Holande,300,Livre,"1,25",,,,1
176,Anthony Rebours,AD44 C706,Local/Nantes/Nantes - Exports – 1753.csv,Local,1753,Exports,Nantes,7,Fromage de Gruyere,Holande,50,Livre,"0,6",,,,1
177,Anthony Rebours,AD44 C706,Local/Nantes/Nantes - Exports – 1753.csv,Local,1753,Exports,Nantes,7,Fruit cuit,Holande,548,Livre,"0,08",,,Prix unitaire en pourcentage,1
178,Anthony Rebours,AD44 C706,Local/Nantes/Nantes - Exports – 1753.csv,Local,1753,Exports,Nantes,7,Gingembre,Holande,14004,Livre,"0,6",,,,1
179,Anthony Rebours,AD44 C706,Local/Nantes/Nantes - Exports – 1753.csv,Local,1753,Exports,Nantes,7,Gommes,Holande,4902,Livre,"0,5",,,,1
180,Anthony Rebours,AD44 C706,Local/Nantes/Nantes - Exports – 1753.csv,Local,1753,Exports,Nantes,7,Graine de lin,Holande,3575,Livre,"0,06",,,Prix unitaire en pourcentage,1
181,Anthony Rebours,AD44 C706,Local/Nantes/Nantes - Exports – 1753.csv,Local,1753,Exports,Nantes,7,Guinée,Holande,480,Demiepièce,15,,,,1
182,Anthony Rebours,AD44 C706,Local/Nantes/Nantes - Exports – 1753.csv,Local,1753,Exports,Nantes,7,Huile d'olive,Holande,1403,Livre,"0,8",,,,1
183,Anthony Rebours,AD44 C706,Local/Nantes/Nantes - Exports – 1753.csv,Local,1753,Exports,Nantes,7,Indigo,Holande,35123,Livre,5,,,,1
184,Anthony Rebours,AD44 C706,Local/Nantes/Nantes - Exports – 1753.csv,Local,1753,Exports,Nantes,7,Laine de Barbarie,Holande,662,Livre,"1,25",,,,1
185,Anthony Rebours,AD44 C706,Local/Nantes/Nantes - Exports – 1753.csv,Local,1753,Exports,Nantes,7,Lin cru,Holande,17060,Livre,"0,5",,,,1
186,Anthony Rebours,AD44 C706,Local/Nantes/Nantes - Exports – 1753.csv,Local,1753,Exports,Nantes,8,Liqueur,Holande,12,Bouteille,2,,,,1
187,Anthony Rebours,AD44 C706,Local/Nantes/Nantes - Exports – 1753.csv,Local,1753,Exports,Nantes,8,Miel,Holande,34609,Livre,"0,4",,,,1
188,Anthony Rebours,AD44 C706,Local/Nantes/Nantes - Exports – 1753.csv,Local,1753,Exports,Nantes,8,Mouchoirs des Indes,Holande,240,Pièce,18,,,De 18 à 24 livres la pièce,1
189,Anthony Rebours,AD44 C706,Local/Nantes/Nantes - Exports – 1753.csv,Local,1753,Exports,Nantes,8,Mouchoirs de Pontichery,Holande,6,Pièce,20,,,De 20 à 30 livres la pièce,1
190,Anthony Rebours,AD44 C706,Local/Nantes/Nantes - Exports – 1753.csv,Local,1753,Exports,Nantes,8,Ocre,Holande,160,Barique,20,,,,1
191,Anthony Rebours,AD44 C706,Local/Nantes/Nantes - Exports – 1753.csv,Local,1753,Exports,Nantes,8,Pierres à fuzils,Holande,2670,Millier,"1,5",,,,1
192,Anthony Rebours,AD44 C706,Local/Nantes/Nantes - Exports – 1753.csv,Local,1753,Exports,Nantes,8,Pruneaux,Holande,51928,Livre,"0,2",,,,1
193,Anthony Rebours,AD44 C706,Local/Nantes/Nantes - Exports – 1753.csv,Local,1753,Exports,Nantes,8,Saffran,Holande,550,Livre,24,,,,1
194,Anthony Rebours,AD44 C706,Local/Nantes/Nantes - Exports – 1753.csv,Local,1753,Exports,Nantes,8,Savon,Holande,2700,Livre,"0,45",,,,1
195,Anthony Rebours,AD44 C706,Local/Nantes/Nantes - Exports – 1753.csv,Local,1753,Exports,Nantes,8,Sel de Bourgneuf,Holande,546,Charge,30,,,,1
196,Anthony Rebours,AD44 C706,Local/Nantes/Nantes - Exports – 1753.csv,Local,1753,Exports,Nantes,8,Sel de Poulinguen,Holande,48,Muid,50,,,,1
197,Anthony Rebours,AD44 C706,Local/Nantes/Nantes - Exports – 1753.csv,Local,1753,Exports,Nantes,8,Sirop d'Amont,Holande,150000,Livre,"0,08",,,Prix unitaire en pourcentage,1
198,Anthony Rebours,AD44 C706,Local/Nantes/Nantes - Exports – 1753.csv,Local,1753,Exports,Nantes,8,Sirop melasse,Holande,122928,Livre,"0,08",,,Prix unitaire en pourcentage,1
199,Anthony Rebours,AD44 C706,Local/Nantes/Nantes - Exports – 1753.csv,Local,1753,Exports,Nantes,8,Sucre brut,Holande,11413914,Livre,"0,24",,,Prix unitaire en pourcentage,1
200,Anthony Rebours,AD44 C706,Local/Nantes/Nantes - Exports – 1753.csv,Local,1753,Exports,Nantes,8,Sucre terré,Holande,2117964,Livre,"0,35",,,Prix unitaire en pourcentage,1
201,Anthony Rebours,AD44 C706,Local/Nantes/Nantes - Exports – 1753.csv,Local,1753,Exports,Nantes,8,Sucre tete,Holande,231026,Livre,"0,24",,,Prix unitaire en pourcentage,1
202,Anthony Rebours,AD44 C706,Local/Nantes/Nantes - Exports – 1753.csv,Local,1753,Exports,Nantes,8,Tabac en feuilles,Holande,15622,Livre,"0,25",,,,1
203,Anthony Rebours,AD44 C706,Local/Nantes/Nantes - Exports – 1753.csv,Local,1753,Exports,Nantes,8,Thé,Holande,10679,Livre,"3,75",,,,1
204,Anthony Rebours,AD44 C706,Local/Nantes/Nantes - Exports – 1753.csv,Local,1753,Exports,Nantes,8,Toille de Bretagne,Holande,1570,Livre,"3,5",,,,1
205,Anthony Rebours,AD44 C706,Local/Nantes/Nantes - Exports – 1753.csv,Local,1753,Exports,Nantes,8,Toille peinte,Holande,19,Pièce,28,,,,1
206,Anthony Rebours,AD44 C706,Local/Nantes/Nantes - Exports – 1753.csv,Local,1753,Exports,Nantes,8,Vin d'Amont,Holande,4,Barique,26,,,,1
207,Anthony Rebours,AD44 C706,Local/Nantes/Nantes - Exports – 1753.csv,Local,1753,Exports,Nantes,8,Vin d'Amont,Holande,"2964,5",Tonneau,100,,,,1
208,Anthony Rebours,AD44 C706,Local/Nantes/Nantes - Exports – 1753.csv,Local,1753,Exports,Nantes,8,Vin de Bordeaux,Holande,2,Barique,70,,,De 70 à 80 livres,1
209,Anthony Rebours,AD44 C706,Local/Nantes/Nantes - Exports – 1753.csv,Local,1753,Exports,Nantes,8,Vin nantois,Holande,"418,5",Tonneau,100,,,,1
210,Anthony Rebours,AD44 C706,Local/Nantes/Nantes - Exports – 1753.csv,Local,1753,Exports,Nantes,8,Vin d'oleron,Holande,8,Tonneau,70,,,,1
211,Anthony Rebours,AD44 C706,Local/Nantes/Nantes - Exports – 1753.csv,Local,1753,Exports,Nantes,8,Vinaigre,Holande,40,Quart,9,,,,1
212,Anthony Rebours,AD44 C706,Local/Nantes/Nantes - Exports – 1753.csv,Local,1753,Exports,Nantes,8,Cacao,Italie,3900,Livre,"0,6",,,,1
213,Anthony Rebours,AD44 C706,Local/Nantes/Nantes - Exports – 1753.csv,Local,1753,Exports,Nantes,9,Caffé,Italie,52504,Livre,"0,9",,,,1
214,Anthony Rebours,AD44 C706,Local/Nantes/Nantes - Exports – 1753.csv,Local,1753,Exports,Nantes,9,Camelot laine et soye,Italie,390,Livre,"4,5",,,,1
215,Anthony Rebours,AD44 C706,Local/Nantes/Nantes - Exports – 1753.csv,Local,1753,Exports,Nantes,9,Chaises,Italie,6,Douzaine,12,,,,1
216,Anthony Rebours,AD44 C706,Local/Nantes/Nantes - Exports – 1753.csv,Local,1753,Exports,Nantes,9,Chapeaux castors,Italie,24,Pièce,16,,,,1
217,Anthony Rebours,AD44 C706,Local/Nantes/Nantes - Exports – 1753.csv,Local,1753,Exports,Nantes,9,Chapeaux communs,Italie,"23,5",Douzaine,"1,25",,,De 25 à 30 sous la pièce,1
218,Anthony Rebours,AD44 C706,Local/Nantes/Nantes - Exports – 1753.csv,Local,1753,Exports,Nantes,9,Cuivre ouvré,Italie,30,Livre,"1,5",,,,1
219,Anthony Rebours,AD44 C706,Local/Nantes/Nantes - Exports – 1753.csv,Local,1753,Exports,Nantes,9,Eau de vie,Italie,267,Velte,4,,,,1
220,Anthony Rebours,AD44 C706,Local/Nantes/Nantes - Exports – 1753.csv,Local,1753,Exports,Nantes,9,Papier,Italie,2500,Livre,"0,6",,,,1
221,Anthony Rebours,AD44 C706,Local/Nantes/Nantes - Exports – 1753.csv,Local,1753,Exports,Nantes,9,Peaux de veau corroyées,Italie,57,Douzaine,"0,18",,,Prix unitaire en pourcentage,1
222,Anthony Rebours,AD44 C706,Local/Nantes/Nantes - Exports – 1753.csv,Local,1753,Exports,Nantes,9,Quinquaillerie,Italie,2750,Livre,1,,,,1
223,Anthony Rebours,AD44 C706,Local/Nantes/Nantes - Exports – 1753.csv,Local,1753,Exports,Nantes,9,Sirop melasse,Italie,8300,Livre,"0,08",,,Prix unitaire en pourcentage,1
224,Anthony Rebours,AD44 C706,Local/Nantes/Nantes - Exports – 1753.csv,Local,1753,Exports,Nantes,9,Sucre brut,Italie,601500,Livre,"0,24",,,Prix unitaire en pourcentage,1
225,Anthony Rebours,AD44 C706,Local/Nantes/Nantes - Exports – 1753.csv,Local,1753,Exports,Nantes,9,Sucre en pain,Italie,250,Livre,"0,6",,,,1
226,Anthony Rebours,AD44 C706,Local/Nantes/Nantes - Exports – 1753.csv,Local,1753,Exports,Nantes,9,Sucre terré,Italie,895550,Livre,"0,35",,,Prix unitaire en pourcentage,1
227,Anthony Rebours,AD44 C706,Local/Nantes/Nantes - Exports – 1753.csv,Local,1753,Exports,Nantes,9,Thé,Italie,69,Livre,"3,75",,,,1
228,Anthony Rebours,AD44 C706,Local/Nantes/Nantes - Exports – 1753.csv,Local,1753,Exports,Nantes,9,Toille de Bretagne,Italie,160,Livre,"3,5",,,,1
229,Anthony Rebours,AD44 C706,Local/Nantes/Nantes - Exports – 1753.csv,Local,1753,Exports,Nantes,9,Toille à carreaux,Italie,1000,Aune,"0,4",,,,1
230,Anthony Rebours,AD44 C706,Local/Nantes/Nantes - Exports – 1753.csv,Local,1753,Exports,Nantes,9,Vin de Bordeaux,Italie,600,Bouteille,"0,5",,,,1
231,Anthony Rebours,AD44 C706,Local/Nantes/Nantes - Exports – 1753.csv,Local,1753,Exports,Nantes,9,Amandes,Nord,700,Livre,"0,4",,,,1
232,Anthony Rebours,AD44 C706,Local/Nantes/Nantes - Exports – 1753.csv,Local,1753,Exports,Nantes,9,Beure,Nord,1300,Livre,"0,5",,,,1
233,Anthony Rebours,AD44 C706,Local/Nantes/Nantes - Exports – 1753.csv,Local,1753,Exports,Nantes,9,Bled froment,Nord,140,Tonneau,180,,,,1
234,Anthony Rebours,AD44 C706,Local/Nantes/Nantes - Exports – 1753.csv,Local,1753,Exports,Nantes,9,Cacao,Nord,200,Livre,"0,6",,,,1
235,Anthony Rebours,AD44 C706,Local/Nantes/Nantes - Exports – 1753.csv,Local,1753,Exports,Nantes,9,Caffé,Nord,1366017,Livre,"0,9",,,,1
236,Anthony Rebours,AD44 C706,Local/Nantes/Nantes - Exports – 1753.csv,Local,1753,Exports,Nantes,9,Chataignes,Nord,65,Boisseau,"0,9",,,,1
237,Anthony Rebours,AD44 C706,Local/Nantes/Nantes - Exports – 1753.csv,Local,1753,Exports,Nantes,9,Citrons confits,Nord,23,Livre,1,,,,1
238,Anthony Rebours,AD44 C706,Local/Nantes/Nantes - Exports – 1753.csv,Local,1753,Exports,Nantes,9,Confitures,Nord,132,Livre,1,,,,1
239,Anthony Rebours,AD44 C706,Local/Nantes/Nantes - Exports – 1753.csv,Local,1753,Exports,Nantes,9,Cornes de bœuf,Nord,600,Livre,"0,3",,,,1
240,Anthony Rebours,AD44 C706,Local/Nantes/Nantes - Exports – 1753.csv,Local,1753,Exports,Nantes,10,Cotton en laine,Nord,15728,Livre,"1,2",,,,1
241,Anthony Rebours,AD44 C706,Local/Nantes/Nantes - Exports – 1753.csv,Local,1753,Exports,Nantes,10,Eau de vie,Nord,"1362,5",Velte,4,,,,1
242,Anthony Rebours,AD44 C706,Local/Nantes/Nantes - Exports – 1753.csv,Local,1753,Exports,Nantes,10,Fil de Rennes,Nord,780,Livre,"1,25",,,,1
243,Anthony Rebours,AD44 C706,Local/Nantes/Nantes - Exports – 1753.csv,Local,1753,Exports,Nantes,10,Gingembre,Nord,10500,Livre,"0,6",,,,1
244,Anthony Rebours,AD44 C706,Local/Nantes/Nantes - Exports – 1753.csv,Local,1753,Exports,Nantes,10,Gomme du Sénégal,Nord,26158,Livre,"0,5",,,,1
245,Anthony Rebours,AD44 C706,Local/Nantes/Nantes - Exports – 1753.csv,Local,1753,Exports,Nantes,10,Guinée blanche,Nord,465,Pièce,30,,,,1
246,Anthony Rebours,AD44 C706,Local/Nantes/Nantes - Exports – 1753.csv,Local,1753,Exports,Nantes,10,Guingans,Nord,20,Pièce,15,,,,1
247,Anthony Rebours,AD44 C706,Local/Nantes/Nantes - Exports – 1753.csv,Local,1753,Exports,Nantes,10,Huile d'olive,Nord,2,Pot,"0,8",,,,1
248,Anthony Rebours,AD44 C706,Local/Nantes/Nantes - Exports – 1753.csv,Local,1753,Exports,Nantes,10,Indigo,Nord,172436,Livre,5,,,,1
249,Anthony Rebours,AD44 C706,Local/Nantes/Nantes - Exports – 1753.csv,Local,1753,Exports,Nantes,10,Limeneas,Nord,40,Pièce,25,,,,1
250,Anthony Rebours,AD44 C706,Local/Nantes/Nantes - Exports – 1753.csv,Local,1753,Exports,Nantes,10,Lustrines,Nord,20,Pièce,50,,,,1
251,Anthony Rebours,AD44 C706,Local/Nantes/Nantes - Exports – 1753.csv,Local,1753,Exports,Nantes,10,Miel,Nord,40824,Livre,"0,4",,,,1
252,Anthony Rebours,AD44 C706,Local/Nantes/Nantes - Exports – 1753.csv,Local,1753,Exports,Nantes,10,Mousseline,Nord,2380,Livre,60,,,,1
253,Anthony Rebours,AD44 C706,Local/Nantes/Nantes - Exports – 1753.csv,Local,1753,Exports,Nantes,10,Ocre,Nord,78,Barique,20,,,,1
254,Anthony Rebours,AD44 C706,Local/Nantes/Nantes - Exports – 1753.csv,Local,1753,Exports,Nantes,10,Ocre,Nord,12,Tierçon,12,,,,1
255,Anthony Rebours,AD44 C706,Local/Nantes/Nantes - Exports – 1753.csv,Local,1753,Exports,Nantes,10,Papier,Nord,2200,Livre,"0,6",,,,1
256,Anthony Rebours,AD44 C706,Local/Nantes/Nantes - Exports – 1753.csv,Local,1753,Exports,Nantes,10,Peaux de fouines,Nord,200,Pièce,"0,3",,,,1
257,Anthony Rebours,AD44 C706,Local/Nantes/Nantes - Exports – 1753.csv,Local,1753,Exports,Nantes,10,Peaux de renard,Nord,200,Pièce,6,,,,1
258,Anthony Rebours,AD44 C706,Local/Nantes/Nantes - Exports – 1753.csv,Local,1753,Exports,Nantes,10,Peaux de veau corroyées,Nord,407,Douzaine,28,,,,1
259,Anthony Rebours,AD44 C706,Local/Nantes/Nantes - Exports – 1753.csv,Local,1753,Exports,Nantes,10,Pekin,Nord,20,Pièce,22,,,,1
260,Anthony Rebours,AD44 C706,Local/Nantes/Nantes - Exports – 1753.csv,Local,1753,Exports,Nantes,10,Pierres à fuzils,Nord,3066,Millier,"1,5",,,,1
261,Anthony Rebours,AD44 C706,Local/Nantes/Nantes - Exports – 1753.csv,Local,1753,Exports,Nantes,10,Rocou,Nord,480,Livre,"0,75",,,,1
262,Anthony Rebours,AD44 C706,Local/Nantes/Nantes - Exports – 1753.csv,Local,1753,Exports,Nantes,10,Saffran,Nord,25,Livre,24,,,,1
263,Anthony Rebours,AD44 C706,Local/Nantes/Nantes - Exports – 1753.csv,Local,1753,Exports,Nantes,10,Sel de Bourgneuf,Nord,"842,5",Charge,30,,,,1
264,Anthony Rebours,AD44 C706,Local/Nantes/Nantes - Exports – 1753.csv,Local,1753,Exports,Nantes,10,Sel du Croizic,Nord,3822,Muid,50,,,,1
265,Anthony Rebours,AD44 C706,Local/Nantes/Nantes - Exports – 1753.csv,Local,1753,Exports,Nantes,10,Sel du Pouliguen,Nord,502,Muid,50,,,,1
266,Anthony Rebours,AD44 C706,Local/Nantes/Nantes - Exports – 1753.csv,Local,1753,Exports,Nantes,10,Sirop melasse,Nord,39429,Livre,"0,08",,,Prix unitaire en pourcentage,1
267,Anthony Rebours,AD44 C706,Local/Nantes/Nantes - Exports – 1753.csv,Local,1753,Exports,Nantes,10,Sucre brut,Nord,3520358,Livre,"0,08",,,Prix unitaire en pourcentage,1
268,Anthony Rebours,AD44 C706,Local/Nantes/Nantes - Exports – 1753.csv,Local,1753,Exports,Nantes,10,Sucre en pain,Nord,500,Livre,"0,7",,,,1
269,Anthony Rebours,AD44 C706,Local/Nantes/Nantes - Exports – 1753.csv,Local,1753,Exports,Nantes,10,Sucre terré,Nord,2811214,Livre,"0,35",,,Prix unitaire en pourcentage,1
270,Anthony Rebours,AD44 C706,Local/Nantes/Nantes - Exports – 1753.csv,Local,1753,Exports,Nantes,10,Sucre tete,Nord,281943,Livre,"0,2",,,Prix unitaire en pourcentage,1
271,Anthony Rebours,AD44 C706,Local/Nantes/Nantes - Exports – 1753.csv,Local,1753,Exports,Nantes,10,Thé,Nord,554,Livre,"3,75",,,,1
272,Anthony Rebours,AD44 C706,Local/Nantes/Nantes - Exports – 1753.csv,Local,1753,Exports,Nantes,11,Vers de gris,Nord,1300,Livre,"1,2",,,,1
273,Anthony Rebours,AD44 C706,Local/Nantes/Nantes - Exports – 1753.csv,Local,1753,Exports,Nantes,11,Vin d'Amont,Nord,9,Barique,26,,,,1
274,Anthony Rebours,AD44 C706,Local/Nantes/Nantes - Exports – 1753.csv,Local,1753,Exports,Nantes,11,Vin d'Amont,Nord,29,Tonneau,140,,,,1
275,Anthony Rebours,AD44 C706,Local/Nantes/Nantes - Exports – 1753.csv,Local,1753,Exports,Nantes,11,Vin du Cap,Nord,9,Tierçon,100,,,,1
276,Anthony Rebours,AD44 C706,Local/Nantes/Nantes - Exports – 1753.csv,Local,1753,Exports,Nantes,11,Vin nantois,Nord,4,Barique,24,,,Prix de 24 à 25 livres bariques,1
277,Anthony Rebours,AD44 C706,Local/Nantes/Nantes - Exports – 1753.csv,Local,1753,Exports,Nantes,11,Vin nantois,Nord,242,Tonneau,100,,,,1
278,Anthony Rebours,AD44 C706,Local/Nantes/Nantes - Exports – 1753.csv,Local,1753,Exports,Nantes,11,Vinaigre,Nord,20,Barique,34,,,,1
279,Anthony Rebours,AD44 C706,Local/Nantes/Nantes - Exports – 1753.csv,Local,1753,Exports,Nantes,11,Bas de fil,Portugal,12,Paire,2,,,,1
280,Anthony Rebours,AD44 C706,Local/Nantes/Nantes - Exports – 1753.csv,Local,1753,Exports,Nantes,11,Bonneterie,Portugal,350,Livre,"0,25",,,,1
281,Anthony Rebours,AD44 C706,Local/Nantes/Nantes - Exports – 1753.csv,Local,1753,Exports,Nantes,11,Bougie,Portugal,910,Livre,"2,25",,,,1
282,Anthony Rebours,AD44 C706,Local/Nantes/Nantes - Exports – 1753.csv,Local,1753,Exports,Nantes,11,Chaussettes de fil,Portugal,12,Douzaine,18,,,,1
283,Anthony Rebours,AD44 C706,Local/Nantes/Nantes - Exports – 1753.csv,Local,1753,Exports,Nantes,11,Confitures,Portugal,120,Livre,1,,,,1
284,Anthony Rebours,AD44 C706,Local/Nantes/Nantes - Exports – 1753.csv,Local,1753,Exports,Nantes,11,Cordages,Portugal,5000,Livre,"0,05",,,Prix unitaire en pourcentage,1
285,Anthony Rebours,AD44 C706,Local/Nantes/Nantes - Exports – 1753.csv,Local,1753,Exports,Nantes,11,Cuivre,Portugal,120,Livre,1,,,,1
286,Anthony Rebours,AD44 C706,Local/Nantes/Nantes - Exports – 1753.csv,Local,1753,Exports,Nantes,11,Drap de Carcassonnes,Portugal,200,Aune,10,,,,1
287,Anthony Rebours,AD44 C706,Local/Nantes/Nantes - Exports – 1753.csv,Local,1753,Exports,Nantes,11,Ecaille de tortue,Portugal,1237,Livre,10,,,,1
288,Anthony Rebours,AD44 C706,Local/Nantes/Nantes - Exports – 1753.csv,Local,1753,Exports,Nantes,11,Etamine de laine,Portugal,1010,Aune,"2,5",,,,1
289,Anthony Rebours,AD44 C706,Local/Nantes/Nantes - Exports – 1753.csv,Local,1753,Exports,Nantes,11,Etamine de laine,Portugal,385,Livre,0,,,,1
290,Anthony Rebours,AD44 C706,Local/Nantes/Nantes - Exports – 1753.csv,Local,1753,Exports,Nantes,11,Etoffe de soye,Portugal,117,Livre,40,,,,1
291,Anthony Rebours,AD44 C706,Local/Nantes/Nantes - Exports – 1753.csv,Local,1753,Exports,Nantes,11,Fayance,Portugal,5,Douzaine,"3,25",,,,1
292,Anthony Rebours,AD44 C706,Local/Nantes/Nantes - Exports – 1753.csv,Local,1753,Exports,Nantes,11,Fuzils,Portugal,2200,Livre,"0,15",,,,1
293,Anthony Rebours,AD44 C706,Local/Nantes/Nantes - Exports – 1753.csv,Local,1753,Exports,Nantes,11,Herbes veroniques,Portugal,12,Livre,"0,3",,,,1
294,Anthony Rebours,AD44 C706,Local/Nantes/Nantes - Exports – 1753.csv,Local,1753,Exports,Nantes,11,Indigo,Portugal,345,Livre,5,,,,1
295,Anthony Rebours,AD44 C706,Local/Nantes/Nantes - Exports – 1753.csv,Local,1753,Exports,Nantes,11,Jussienne,Portugal,286,Livre,0,,,,1
296,Anthony Rebours,AD44 C706,Local/Nantes/Nantes - Exports – 1753.csv,Local,1753,Exports,Nantes,11,Liqueur,Portugal,8,Pot,4,,,,1
297,Anthony Rebours,AD44 C706,Local/Nantes/Nantes - Exports – 1753.csv,Local,1753,Exports,Nantes,11,Mercerie,Portugal,2218,Livre,"3,5",,,,1
298,Anthony Rebours,AD44 C706,Local/Nantes/Nantes - Exports – 1753.csv,Local,1753,Exports,Nantes,11,Mouchoirs de toille cholet,Portugal,2217,Pièce,18,,,,1
299,Anthony Rebours,AD44 C706,Local/Nantes/Nantes - Exports – 1753.csv,Local,1753,Exports,Nantes,12,Oignons de jonquille,Portugal,1000,Livre,1,,,,1
300,Anthony Rebours,AD44 C706,Local/Nantes/Nantes - Exports – 1753.csv,Local,1753,Exports,Nantes,12,Peaux de daim,Portugal,4,Douzaine,60,,,,1
301,Anthony Rebours,AD44 C706,Local/Nantes/Nantes - Exports – 1753.csv,Local,1753,Exports,Nantes,12,Peaux d'ours en poil,Portugal,12,Livre,10,,,,1
302,Anthony Rebours,AD44 C706,Local/Nantes/Nantes - Exports – 1753.csv,Local,1753,Exports,Nantes,12,Peaux de mouton passées,Portugal,14440,Livre,0,,,20 sous la pièce,1
303,Anthony Rebours,AD44 C706,Local/Nantes/Nantes - Exports – 1753.csv,Local,1753,Exports,Nantes,12,Peaux de mouton passées,Portugal,43178,Pièce,1,,,,1
304,Anthony Rebours,AD44 C706,Local/Nantes/Nantes - Exports – 1753.csv,Local,1753,Exports,Nantes,12,Peaux de veau corroyées,Portugal,"13397,5",Douzaine,28,,,,1
305,Anthony Rebours,AD44 C706,Local/Nantes/Nantes - Exports – 1753.csv,Local,1753,Exports,Nantes,12,Pois,Portugal,2,Septier,0,,,80 livres le tonneau,1
306,Anthony Rebours,AD44 C706,Local/Nantes/Nantes - Exports – 1753.csv,Local,1753,Exports,Nantes,12,Pois,Portugal,25,Tonneau,80,,,,1
307,Anthony Rebours,AD44 C706,Local/Nantes/Nantes - Exports – 1753.csv,Local,1753,Exports,Nantes,12,Pruneaux,Portugal,55,Livre,"0,2",,,,1
308,Anthony Rebours,AD44 C706,Local/Nantes/Nantes - Exports – 1753.csv,Local,1753,Exports,Nantes,12,Serge,Portugal,11246,Aune,"1,5",,,,1
309,Anthony Rebours,AD44 C706,Local/Nantes/Nantes - Exports – 1753.csv,Local,1753,Exports,Nantes,12,Sirop melasse,Portugal,9400,Livre,"0,08",,,Prix unitaire en pourcentage,1
310,Anthony Rebours,AD44 C706,Local/Nantes/Nantes - Exports – 1753.csv,Local,1753,Exports,Nantes,12,Tapisserie,Portugal,739,Livre,6,,,,1
311,Anthony Rebours,AD44 C706,Local/Nantes/Nantes - Exports – 1753.csv,Local,1753,Exports,Nantes,12,Toille de Bretagne,Portugal,31341,Livre,"3,5",,,,1
312,Anthony Rebours,AD44 C706,Local/Nantes/Nantes - Exports – 1753.csv,Local,1753,Exports,Nantes,12,Vin nantois,Portugal,1,Tonneau,100,,,,1
313,Anthony Rebours,AD44 C706,Local/Nantes/Nantes - Exports – 1753.csv,Local,1753,Exports,Nantes,12,Indigo,Russie,1496,Livre,5,,,,1
314,Anthony Rebours,AD44 C706,Local/Nantes/Nantes - Exports – 1753.csv,Local,1753,Exports,Nantes,12,Sel du Croizic,Russie,78,Muid,50,,,,1
315,Anthony Rebours,AD44 C706,Local/Nantes/Nantes - Exports – 1753.csv,Local,1753,Exports,Nantes,12,Sucre brut,Russie,617252,Livre,"0,24",,,Prix unitaire en pourcentage,1
316,Anthony Rebours,AD44 C706,Local/Nantes/Nantes - Exports – 1753.csv,Local,1753,Exports,Nantes,12,Sucre terré,Russie,244000,Livre,"0,35",,,Prix unitaire en pourcentage,1
317,Anthony Rebours,AD44 C706,Local/Nantes/Nantes - Exports – 1753.csv,Local,1753,Exports,Nantes,12,Anchois ,Suède,240,Livre,"2,5",,,,1
318,Anthony Rebours,AD44 C706,Local/Nantes/Nantes - Exports – 1753.csv,Local,1753,Exports,Nantes,12,Cacao,Suède,200,Livre,"0,6",,,,1
319,Anthony Rebours,AD44 C706,Local/Nantes/Nantes - Exports – 1753.csv,Local,1753,Exports,Nantes,12,Caffé des Isles,Suède,4569,Livre,"0,9",,,,1
320,Anthony Rebours,AD44 C706,Local/Nantes/Nantes - Exports – 1753.csv,Local,1753,Exports,Nantes,12,Capres,Suède,12,Livre,"1,2",,,,1
321,Anthony Rebours,AD44 C706,Local/Nantes/Nantes - Exports – 1753.csv,Local,1753,Exports,Nantes,13,Chataignes,Suède,10,Boisseau,"0,9",,,,1
322,Anthony Rebours,AD44 C706,Local/Nantes/Nantes - Exports – 1753.csv,Local,1753,Exports,Nantes,13,Citrons confits,Suède,50,Livre,1,,,,1
323,Anthony Rebours,AD44 C706,Local/Nantes/Nantes - Exports – 1753.csv,Local,1753,Exports,Nantes,13,Confitures,Suède,285,Livre,1,,,,1
324,Anthony Rebours,AD44 C706,Local/Nantes/Nantes - Exports – 1753.csv,Local,1753,Exports,Nantes,13,Crespe de soye,Suède,4,Once,"3,5",,,,1
325,Anthony Rebours,AD44 C706,Local/Nantes/Nantes - Exports – 1753.csv,Local,1753,Exports,Nantes,13,Eau de la Reyne d'Hongrie,Suède,126,Fiolle,2,,,,1
326,Anthony Rebours,AD44 C706,Local/Nantes/Nantes - Exports – 1753.csv,Local,1753,Exports,Nantes,13,Eau de vie,Suède,5259,Velte,4,,,,1
327,Anthony Rebours,AD44 C706,Local/Nantes/Nantes - Exports – 1753.csv,Local,1753,Exports,Nantes,13,Etoffe de soye,Suède,19,Aune,0,,,,1
328,Anthony Rebours,AD44 C706,Local/Nantes/Nantes - Exports – 1753.csv,Local,1753,Exports,Nantes,13,Fayance,Suède,100,Douzaine,"3,25",,,,1
329,Anthony Rebours,AD44 C706,Local/Nantes/Nantes - Exports – 1753.csv,Local,1753,Exports,Nantes,13,Fer en marmittes,Suède,130,Pièce,"1,5",,,,1
330,Anthony Rebours,AD44 C706,Local/Nantes/Nantes - Exports – 1753.csv,Local,1753,Exports,Nantes,13,Gands de chamois,Suède,47,Douzaine,8,,,,1
331,Anthony Rebours,AD44 C706,Local/Nantes/Nantes - Exports – 1753.csv,Local,1753,Exports,Nantes,13,Gingembre,Suède,32,Livre,"0,6",,,,1
332,Anthony Rebours,AD44 C706,Local/Nantes/Nantes - Exports – 1753.csv,Local,1753,Exports,Nantes,13,Indigo,Suède,15554,Livre,5,,,,1
333,Anthony Rebours,AD44 C706,Local/Nantes/Nantes - Exports – 1753.csv,Local,1753,Exports,Nantes,13,Mouchoirs de toille de cholet,Suède,6,Pièce,"1,5",,,,1
334,Anthony Rebours,AD44 C706,Local/Nantes/Nantes - Exports – 1753.csv,Local,1753,Exports,Nantes,13,Papier,Suède,240,Livre,"0,6",,,,1
335,Anthony Rebours,AD44 C706,Local/Nantes/Nantes - Exports – 1753.csv,Local,1753,Exports,Nantes,13,Pruneaux,Suède,1050,Livre,"0,2",,,,1
336,Anthony Rebours,AD44 C706,Local/Nantes/Nantes - Exports – 1753.csv,Local,1753,Exports,Nantes,13,Savon,Suède,300,Livre,"0,45",,,,1
337,Anthony Rebours,AD44 C706,Local/Nantes/Nantes - Exports – 1753.csv,Local,1753,Exports,Nantes,13,Sel du Croizic,Suède,"372,5",Muid,50,,,,1
338,Anthony Rebours,AD44 C706,Local/Nantes/Nantes - Exports – 1753.csv,Local,1753,Exports,Nantes,13,Sirop melasse,Suède,20150,Livre,"0,08",,,Prix unitaire en pourcentage,1
339,Anthony Rebours,AD44 C706,Local/Nantes/Nantes - Exports – 1753.csv,Local,1753,Exports,Nantes,13,Sucre brut,Suède,187470,Livre,"0,24",,,Prix unitaire en pourcentage,1
340,Anthony Rebours,AD44 C706,Local/Nantes/Nantes - Exports – 1753.csv,Local,1753,Exports,Nantes,13,Sucre en pain,Suède,458,Livre,"0,7",,,,1
341,Anthony Rebours,AD44 C706,Local/Nantes/Nantes - Exports – 1753.csv,Local,1753,Exports,Nantes,13,Sucre terré,Suède,94500,Livre,"0,35",,,Prix unitaire en pourcentage,1
342,Anthony Rebours,AD44 C706,Local/Nantes/Nantes - Exports – 1753.csv,Local,1753,Exports,Nantes,13,Terre a sucre,Suède,10,Barique,4,,,,1
343,Anthony Rebours,AD44 C706,Local/Nantes/Nantes - Exports – 1753.csv,Local,1753,Exports,Nantes,13,Toille cholet,Suède,50,Livre,"3,5",,,,1
344,Anthony Rebours,AD44 C706,Local/Nantes/Nantes - Exports – 1753.csv,Local,1753,Exports,Nantes,13,Verres à vitres,Suède,100,Pièce,"0,4",,,,1
345,Anthony Rebours,AD44 C706,Local/Nantes/Nantes - Exports – 1753.csv,Local,1753,Exports,Nantes,13,Vin d'Amont,Suède,8,Tonneau,140,,,,1
346,Anthony Rebours,AD44 C706,Local/Nantes/Nantes - Exports – 1753.csv,Local,1753,Exports,Nantes,13,Vin nantois,Suède,26,Barique,25,,,,1
347,Anthony Rebours,AD44 C706,Local/Nantes/Nantes - Exports – 1753.csv,Local,1753,Exports,Nantes,13,Vin nantois,Suède,3,Tierçon,16,,,,1
348,Anthony Rebours,AD44 C706,Local/Nantes/Nantes - Exports – 1753.csv,Local,1753,Exports,Nantes,13,Vinaigre,Suède,63,Quart,9,,,,1
349,Anthony Rebours,AD44 C706,Local/Nantes/Nantes - Exports – 1753.csv,Local,1753,Exports,Nantes,14,Alibanis,Guinée,60,Pièce,20,,,,1
350,Anthony Rebours,AD44 C706,Local/Nantes/Nantes - Exports – 1753.csv,Local,1753,Exports,Nantes,14,Anabas,Guinée,9330,Pièce,26,,,,1
351,Anthony Rebours,AD44 C706,Local/Nantes/Nantes - Exports – 1753.csv,Local,1753,Exports,Nantes,14,Baffetas blanc,Guinée,405,Pièce,18,,,,1
352,Anthony Rebours,AD44 C706,Local/Nantes/Nantes - Exports – 1753.csv,Local,1753,Exports,Nantes,14,Bajutapeaux,Guinée,2496,Pièce,30,,,,1
353,Anthony Rebours,AD44 C706,Local/Nantes/Nantes - Exports – 1753.csv,Local,1753,Exports,Nantes,14,Bagette,Guinée,255,Livre,0,,,,1
354,Anthony Rebours,AD44 C706,Local/Nantes/Nantes - Exports – 1753.csv,Local,1753,Exports,Nantes,14,Basin fil et coton,Guinée,3876,Livre,4,,,,1
355,Anthony Rebours,AD44 C706,Local/Nantes/Nantes - Exports – 1753.csv,Local,1753,Exports,Nantes,14,Bœuf salé,Guinée,473,Baril,35,,,,1
356,Anthony Rebours,AD44 C706,Local/Nantes/Nantes - Exports – 1753.csv,Local,1753,Exports,Nantes,14,Bœuf salé,Guinée,10,Quart,0,,,,1
357,Anthony Rebours,AD44 C706,Local/Nantes/Nantes - Exports – 1753.csv,Local,1753,Exports,Nantes,14,Bœuf salé,Guinée,324,Tierçon,36,,,,1
358,Anthony Rebours,AD44 C706,Local/Nantes/Nantes - Exports – 1753.csv,Local,1753,Exports,Nantes,14,Beure,Guinée,16272,Livre,"0,5",,,,1
359,Anthony Rebours,AD44 C706,Local/Nantes/Nantes - Exports – 1753.csv,Local,1753,Exports,Nantes,14,Bougie,Guinée,740,Livre,"2,25",,,,1
360,Anthony Rebours,AD44 C706,Local/Nantes/Nantes - Exports – 1753.csv,Local,1753,Exports,Nantes,14,Boulange,Guinée,100,Pièce,20,,,,1
361,Anthony Rebours,AD44 C706,Local/Nantes/Nantes - Exports – 1753.csv,Local,1753,Exports,Nantes,14,Brodamabe,Guinée,100,Pièce,25,,,,1
362,Anthony Rebours,AD44 C706,Local/Nantes/Nantes - Exports – 1753.csv,Local,1753,Exports,Nantes,14,Cadenats,Guinée,21,Douzaine,3,,,,1
363,Anthony Rebours,AD44 C706,Local/Nantes/Nantes - Exports – 1753.csv,Local,1753,Exports,Nantes,14,Caffé,Guinée,191,Livre,"0,9",,,,1
364,Anthony Rebours,AD44 C706,Local/Nantes/Nantes - Exports – 1753.csv,Local,1753,Exports,Nantes,14,Caladaris,Guinée,31,Pièce,24,,,,1
365,Anthony Rebours,AD44 C706,Local/Nantes/Nantes - Exports – 1753.csv,Local,1753,Exports,Nantes,14,Canevettes de grez,Guinée,5320,Pièce,"0,2",,,,1
366,Anthony Rebours,AD44 C706,Local/Nantes/Nantes - Exports – 1753.csv,Local,1753,Exports,Nantes,14,Canevettes de grez,Guinée,2550,Livre,0,,,,1
367,Anthony Rebours,AD44 C706,Local/Nantes/Nantes - Exports – 1753.csv,Local,1753,Exports,Nantes,14,Caves garnies,Guinée,2365,Pièce,6,,,Caves de 6 flacons,1
368,Anthony Rebours,AD44 C706,Local/Nantes/Nantes - Exports – 1753.csv,Local,1753,Exports,Nantes,14,Caves garnies,Guinée,840,Pièce,9,,,Caves de 9 flacons,1
369,Anthony Rebours,AD44 C706,Local/Nantes/Nantes - Exports – 1753.csv,Local,1753,Exports,Nantes,14,Caves garnies,Guinée,12,Pièce,12,,,Caves de 12 flacons,1
370,Anthony Rebours,AD44 C706,Local/Nantes/Nantes - Exports – 1753.csv,Local,1753,Exports,Nantes,14,Cauris,Guinée,427420,Livre,"0,7",,,,1
371,Anthony Rebours,AD44 C706,Local/Nantes/Nantes - Exports – 1753.csv,Local,1753,Exports,Nantes,14,Chandelles,Guinée,2185,Livre,"0,45",,,,1
372,Anthony Rebours,AD44 C706,Local/Nantes/Nantes - Exports – 1753.csv,Local,1753,Exports,Nantes,14,Chapeaux à negres,Guinée,7860,Pièce,1,,,,1
373,Anthony Rebours,AD44 C706,Local/Nantes/Nantes - Exports – 1753.csv,Local,1753,Exports,Nantes,14,Chapilas,Guinée,50,Pièce,30,,,,1
374,Anthony Rebours,AD44 C706,Local/Nantes/Nantes - Exports – 1753.csv,Local,1753,Exports,Nantes,14,Chaselas,Guinée,1575,Pièce,25,,,,1
375,Anthony Rebours,AD44 C706,Local/Nantes/Nantes - Exports – 1753.csv,Local,1753,Exports,Nantes,14,Chuquelas,Guinée,199,Pièce,20,,,,1
376,Anthony Rebours,AD44 C706,Local/Nantes/Nantes - Exports – 1753.csv,Local,1753,Exports,Nantes,14,Clochettes,Guinée,12,Douzaine,2,,,,1
377,Anthony Rebours,AD44 C706,Local/Nantes/Nantes - Exports – 1753.csv,Local,1753,Exports,Nantes,15,Cloux de fer,Guinée,700,Livre,"0,25",,,,1
378,Anthony Rebours,AD44 C706,Local/Nantes/Nantes - Exports – 1753.csv,Local,1753,Exports,Nantes,15,Conetif,Guinée,1100,Livre,"1,5",,,,1
379,Anthony Rebours,AD44 C706,Local/Nantes/Nantes - Exports – 1753.csv,Local,1753,Exports,Nantes,15,Coquelaria,Guinée,21,Livre,"0,25",,,,1
380,Anthony Rebours,AD44 C706,Local/Nantes/Nantes - Exports – 1753.csv,Local,1753,Exports,Nantes,15,Corail ouvré,Guinée,39,Livre,160,,,,1
381,Anthony Rebours,AD44 C706,Local/Nantes/Nantes - Exports – 1753.csv,Local,1753,Exports,Nantes,15,Cordages,Guinée,87112,Livre,"0,25",,,,1
382,Anthony Rebours,AD44 C706,Local/Nantes/Nantes - Exports – 1753.csv,Local,1753,Exports,Nantes,15,Corues de bœuf,Guinée,1800,Livre,"0,2",,,,1
383,Anthony Rebours,AD44 C706,Local/Nantes/Nantes - Exports – 1753.csv,Local,1753,Exports,Nantes,15,Coroos,Guinée,3807,Pièce,"4,5",,,,1
384,Anthony Rebours,AD44 C706,Local/Nantes/Nantes - Exports – 1753.csv,Local,1753,Exports,Nantes,15,Cotton en laine,Guinée,859,Livre,"1,2",,,,1
385,Anthony Rebours,AD44 C706,Local/Nantes/Nantes - Exports – 1753.csv,Local,1753,Exports,Nantes,15,Coupis,Guinée,1370,Pièce,15,,,,1
386,Anthony Rebours,AD44 C706,Local/Nantes/Nantes - Exports – 1753.csv,Local,1753,Exports,Nantes,15,Couteaux flamands,Guinée,11613,Douzaine,"1,5",,,,1
387,Anthony Rebours,AD44 C706,Local/Nantes/Nantes - Exports – 1753.csv,Local,1753,Exports,Nantes,15,Coutil,Guinée,1300,Livre,"1,5",,,,1
388,Anthony Rebours,AD44 C706,Local/Nantes/Nantes - Exports – 1753.csv,Local,1753,Exports,Nantes,15,Crin,Guinée,1800,Livre,"0,5",,,,1
389,Anthony Rebours,AD44 C706,Local/Nantes/Nantes - Exports – 1753.csv,Local,1753,Exports,Nantes,15,Cuivre en bassins,Guinée,27365,Livre,"1,5",,,,1
390,Anthony Rebours,AD44 C706,Local/Nantes/Nantes - Exports – 1753.csv,Local,1753,Exports,Nantes,15,Cuivre ouvré,Guinée,1080,Livre,"1,5",,,,1
391,Anthony Rebours,AD44 C706,Local/Nantes/Nantes - Exports – 1753.csv,Local,1753,Exports,Nantes,15,Cuivre en planches,Guinée,800,Livre,"1,4",,,,1
392,Anthony Rebours,AD44 C706,Local/Nantes/Nantes - Exports – 1753.csv,Local,1753,Exports,Nantes,15,Draps de Beauvais,Guinée,90,Aune,10,,,,1
393,Anthony Rebours,AD44 C706,Local/Nantes/Nantes - Exports – 1753.csv,Local,1753,Exports,Nantes,15,Drap de Carcassonnes,Guinée,3165,Aune,6,,,,1
394,Anthony Rebours,AD44 C706,Local/Nantes/Nantes - Exports – 1753.csv,Local,1753,Exports,Nantes,15,Drap de Carcassonnes,Guinée,150,Livre,0,,,,1
395,Anthony Rebours,AD44 C706,Local/Nantes/Nantes - Exports – 1753.csv,Local,1753,Exports,Nantes,15,Draps vieux,Guinée,130,Pièce,40,,,,1
396,Anthony Rebours,AD44 C706,Local/Nantes/Nantes - Exports – 1753.csv,Local,1753,Exports,Nantes,15,Eau de vie,Guinée,78505,Velte,4,,,,1
397,Anthony Rebours,AD44 C706,Local/Nantes/Nantes - Exports – 1753.csv,Local,1753,Exports,Nantes,15,Esprit de Coclaria,Guinée,6,Flacon,0,,,40 sous la livre,1
398,Anthony Rebours,AD44 C706,Local/Nantes/Nantes - Exports – 1753.csv,Local,1753,Exports,Nantes,15,Etain ouvré,Guinée,5530,Livre,1,,,,1
399,Anthony Rebours,AD44 C706,Local/Nantes/Nantes - Exports – 1753.csv,Local,1753,Exports,Nantes,15,Etoffe de soye,Guinée,43,Livre,40,,,,1
400,Anthony Rebours,AD44 C706,Local/Nantes/Nantes - Exports – 1753.csv,Local,1753,Exports,Nantes,15,Farine,Guinée,689,Baril,30,,,,1
401,Anthony Rebours,AD44 C706,Local/Nantes/Nantes - Exports – 1753.csv,Local,1753,Exports,Nantes,15,Fayance,Guinée,430,Douzaine,35,,,,1
402,Anthony Rebours,AD44 C706,Local/Nantes/Nantes - Exports – 1753.csv,Local,1753,Exports,Nantes,15,Fer en anneaux,Guinée,230,Douzaine,"0,75",,,,1
403,Anthony Rebours,AD44 C706,Local/Nantes/Nantes - Exports – 1753.csv,Local,1753,Exports,Nantes,15,Fer en barres,Guinée,275812,Livre,"0,14",,,Prix unitaire en pourcentage,1
404,Anthony Rebours,AD44 C706,Local/Nantes/Nantes - Exports – 1753.csv,Local,1753,Exports,Nantes,15,Fer en grilles,Guinée,8260,Livre,"0,12",,,Prix unitaire en pourcentage,1
405,Anthony Rebours,AD44 C706,Local/Nantes/Nantes - Exports – 1753.csv,Local,1753,Exports,Nantes,15,Fer en marmittes,Guinée,2650,Pièce,"1,5",,,,1
406,Anthony Rebours,AD44 C706,Local/Nantes/Nantes - Exports – 1753.csv,Local,1753,Exports,Nantes,15,Feves,Guinée,443,Tonneau,100,,,,1
407,Anthony Rebours,AD44 C706,Local/Nantes/Nantes - Exports – 1753.csv,Local,1753,Exports,Nantes,15,Fil de coton,Guinée,200,Livre,"1,5",,,,1
408,Anthony Rebours,AD44 C706,Local/Nantes/Nantes - Exports – 1753.csv,Local,1753,Exports,Nantes,15,Fottas,Guinée,1489,Pièce,12,,,,1
409,Anthony Rebours,AD44 C706,Local/Nantes/Nantes - Exports – 1753.csv,Local,1753,Exports,Nantes,16,Fuzils damasquinés,Guinée,20,Estimation,,800,,,1
410,Anthony Rebours,AD44 C706,Local/Nantes/Nantes - Exports – 1753.csv,Local,1753,Exports,Nantes,16,Fuzils de traitte,Guinée,13716,Pièce,8,,,,1
411,Anthony Rebours,AD44 C706,Local/Nantes/Nantes - Exports – 1753.csv,Local,1753,Exports,Nantes,16,Garas bleuë,Guinée,3561,Pièce,18,,,,1
412,Anthony Rebours,AD44 C706,Local/Nantes/Nantes - Exports – 1753.csv,Local,1753,Exports,Nantes,16,Gaze or et argent faux,Guinée,30,Livre,24,,,,1
413,Anthony Rebours,AD44 C706,Local/Nantes/Nantes - Exports – 1753.csv,Local,1753,Exports,Nantes,16,Gaze or et argent fin,Guinée,21,Livre,128,,,,1
414,Anthony Rebours,AD44 C706,Local/Nantes/Nantes - Exports – 1753.csv,Local,1753,Exports,Nantes,16,Grellots,Guinée,130,Douzaine,"1,5",,,,1
415,Anthony Rebours,AD44 C706,Local/Nantes/Nantes - Exports – 1753.csv,Local,1753,Exports,Nantes,16,Grellots,Guinée,2165,Livre,"1,4",,,,1
416,Anthony Rebours,AD44 C706,Local/Nantes/Nantes - Exports – 1753.csv,Local,1753,Exports,Nantes,16,Grellots,Guinée,50,Paquet,10,,,,1
417,Anthony Rebours,AD44 C706,Local/Nantes/Nantes - Exports – 1753.csv,Local,1753,Exports,Nantes,16,Gruau,Guinée,2,Barique,25,,,,1
418,Anthony Rebours,AD44 C706,Local/Nantes/Nantes - Exports – 1753.csv,Local,1753,Exports,Nantes,16,Gruau,Guinée,1,Futaille,0,,,20 livres la barique,1
419,Anthony Rebours,AD44 C706,Local/Nantes/Nantes - Exports – 1753.csv,Local,1753,Exports,Nantes,16,Gruau,Guinée,6834,Livre,"0,1",,,,1
420,Anthony Rebours,AD44 C706,Local/Nantes/Nantes - Exports – 1753.csv,Local,1753,Exports,Nantes,16,Guinée bleuë,Guinée,5221,Pièce,30,,,,1
421,Anthony Rebours,AD44 C706,Local/Nantes/Nantes - Exports – 1753.csv,Local,1753,Exports,Nantes,16,Guingans de Bengalle,Guinée,735,Pièce,15,,,,1
422,Anthony Rebours,AD44 C706,Local/Nantes/Nantes - Exports – 1753.csv,Local,1753,Exports,Nantes,16,Guingans de Madras,Guinée,660,Pièce,28,,,,1
423,Anthony Rebours,AD44 C706,Local/Nantes/Nantes - Exports – 1753.csv,Local,1753,Exports,Nantes,16,Guingans de Pontichery,Guinée,734,Pièce,30,,,,1
424,Anthony Rebours,AD44 C706,Local/Nantes/Nantes - Exports – 1753.csv,Local,1753,Exports,Nantes,16,Huile de graine,Guinée,940,Livre,"0,4",,,,1
425,Anthony Rebours,AD44 C706,Local/Nantes/Nantes - Exports – 1753.csv,Local,1753,Exports,Nantes,16,Huile d'olive,Guinée,1670,Livre,"0,8",,,,1
426,Anthony Rebours,AD44 C706,Local/Nantes/Nantes - Exports – 1753.csv,Local,1753,Exports,Nantes,16,Jambon,Guinée,940,Livre,"0,5",,,,1
427,Anthony Rebours,AD44 C706,Local/Nantes/Nantes - Exports – 1753.csv,Local,1753,Exports,Nantes,16,Indienne,Guinée,5102,Pièce,26,,,,1
428,Anthony Rebours,AD44 C706,Local/Nantes/Nantes - Exports – 1753.csv,Local,1753,Exports,Nantes,16,Limeneas,Guinée,1560,Pièce,25,,,,1
429,Anthony Rebours,AD44 C706,Local/Nantes/Nantes - Exports – 1753.csv,Local,1753,Exports,Nantes,16,Liqueur,Guinée,700,Toupette,2,,,,1
430,Anthony Rebours,AD44 C706,Local/Nantes/Nantes - Exports – 1753.csv,Local,1753,Exports,Nantes,16,Mercerie,Guinée,730,Livre,"3,5",,,,1
431,Anthony Rebours,AD44 C706,Local/Nantes/Nantes - Exports – 1753.csv,Local,1753,Exports,Nantes,16,Meubles,Guinée,,,,,,,1
432,Anthony Rebours,AD44 C706,Local/Nantes/Nantes - Exports – 1753.csv,Local,1753,Exports,Nantes,16,Miroirs,Guinée,12,Douzaine,8,,,,1
433,Anthony Rebours,AD44 C706,Local/Nantes/Nantes - Exports – 1753.csv,Local,1753,Exports,Nantes,16,Mouchoirs de Bengalle,Guinée,400,Pièce,24,,,,1
434,Anthony Rebours,AD44 C706,Local/Nantes/Nantes - Exports – 1753.csv,Local,1753,Exports,Nantes,16,Mouchoirs de Madras,Guinée,30,Pièce,24,,,,1
435,Anthony Rebours,AD44 C706,Local/Nantes/Nantes - Exports – 1753.csv,Local,1753,Exports,Nantes,16,Mouchoirs de Pontichery,Guinée,462,Pièce,30,,,,1
436,Anthony Rebours,AD44 C706,Local/Nantes/Nantes - Exports – 1753.csv,Local,1753,Exports,Nantes,16,Mouchoirs de toille cholet,Guinée,835,Livre,4,,,,1
437,Anthony Rebours,AD44 C706,Local/Nantes/Nantes - Exports – 1753.csv,Local,1753,Exports,Nantes,16,Mouchoirs de toille de cotton,Guinée,30,Douzaine,20,,,,1
438,Anthony Rebours,AD44 C706,Local/Nantes/Nantes - Exports – 1753.csv,Local,1753,Exports,Nantes,16,Nankin,Guinée,200,Pièce,24,,,,1
439,Anthony Rebours,AD44 C706,Local/Nantes/Nantes - Exports – 1753.csv,Local,1753,Exports,Nantes,16,?,Guinée,4662,Pièce,12,,,,1
440,Anthony Rebours,AD44 C706,Local/Nantes/Nantes - Exports – 1753.csv,Local,1753,Exports,Nantes,16,Néganipeaux,Guinée,1663,Pièce,25,,,,1
441,Anthony Rebours,AD44 C706,Local/Nantes/Nantes - Exports – 1753.csv,Local,1753,Exports,Nantes,17,Pierres à fuzils,Guinée,170,Millier,"1,5",,,,1
442,Anthony Rebours,AD44 C706,Local/Nantes/Nantes - Exports – 1753.csv,Local,1753,Exports,Nantes,17,Pipes à fumer,Guinée,4219,Grosse,"2,25",,,,1
443,Anthony Rebours,AD44 C706,Local/Nantes/Nantes - Exports – 1753.csv,Local,1753,Exports,Nantes,17,Pistolets,Guinée,150,Paire,10,,,,1
444,Anthony Rebours,AD44 C706,Local/Nantes/Nantes - Exports – 1753.csv,Local,1753,Exports,Nantes,17,Plomb en grenaille,Guinée,1785,Livre,"0,35",,,,1
445,Anthony Rebours,AD44 C706,Local/Nantes/Nantes - Exports – 1753.csv,Local,1753,Exports,Nantes,17,Plomb en saumon,Guinée,1000,Livre,"0,2",,,,1
446,Anthony Rebours,AD44 C706,Local/Nantes/Nantes - Exports – 1753.csv,Local,1753,Exports,Nantes,17,Rassades,Guinée,5778,Livre,"0,8",,,,1
447,Anthony Rebours,AD44 C706,Local/Nantes/Nantes - Exports – 1753.csv,Local,1753,Exports,Nantes,17,Ris,Guinée,23000,Livre,"0,25",,,,1
448,Anthony Rebours,AD44 C706,Local/Nantes/Nantes - Exports – 1753.csv,Local,1753,Exports,Nantes,17,Salemporis bleus,Guinée,3696,Pièce,25,,,,1
449,Anthony Rebours,AD44 C706,Local/Nantes/Nantes - Exports – 1753.csv,Local,1753,Exports,Nantes,17,Satin sur fil,Guinée,35,Aune,"2,25",,,,1
450,Anthony Rebours,AD44 C706,Local/Nantes/Nantes - Exports – 1753.csv,Local,1753,Exports,Nantes,17,Siamoise fil et coton,Guinée,2927,Livre,4,,,,1
451,Anthony Rebours,AD44 C706,Local/Nantes/Nantes - Exports – 1753.csv,Local,1753,Exports,Nantes,17,Stocfiches,Guinée,830,Livre,"0,2",,,,1
452,Anthony Rebours,AD44 C706,Local/Nantes/Nantes - Exports – 1753.csv,Local,1753,Exports,Nantes,17,Sucre en pain,Guinée,300,Livre,"0,7",,,,1
453,Anthony Rebours,AD44 C706,Local/Nantes/Nantes - Exports – 1753.csv,Local,1753,Exports,Nantes,17,Suif,Guinée,9347,Livre,"0,4",,,,1
454,Anthony Rebours,AD44 C706,Local/Nantes/Nantes - Exports – 1753.csv,Local,1753,Exports,Nantes,17,Tabac en corde,Guinée,300,Livre,1,,,,1
455,Anthony Rebours,AD44 C706,Local/Nantes/Nantes - Exports – 1753.csv,Local,1753,Exports,Nantes,17,Tabac en feuilles,Guinée,2043,Livre,"0,25",,,,1
456,Anthony Rebours,AD44 C706,Local/Nantes/Nantes - Exports – 1753.csv,Local,1753,Exports,Nantes,17,Tabac en roulleau,Guinée,2400,Livre,"0,75",,,,1
457,Anthony Rebours,AD44 C706,Local/Nantes/Nantes - Exports – 1753.csv,Local,1753,Exports,Nantes,17,Taffia,Guinée,12,Baril,15,,,,1
458,Anthony Rebours,AD44 C706,Local/Nantes/Nantes - Exports – 1753.csv,Local,1753,Exports,Nantes,17,Taffia,Guinée,5878,Velte,"2,5",,,,1
459,Anthony Rebours,AD44 C706,Local/Nantes/Nantes - Exports – 1753.csv,Local,1753,Exports,Nantes,17,Tapfetas,Guinée,39,Pièce,0,,,,1
460,Anthony Rebours,AD44 C706,Local/Nantes/Nantes - Exports – 1753.csv,Local,1753,Exports,Nantes,17,Tapsels,Guinée,3039,Pièce,22,,,,1
461,Anthony Rebours,AD44 C706,Local/Nantes/Nantes - Exports – 1753.csv,Local,1753,Exports,Nantes,17,Toille de Bretagne,Guinée,3263,Livre,"3,5",,,,1
462,Anthony Rebours,AD44 C706,Local/Nantes/Nantes - Exports – 1753.csv,Local,1753,Exports,Nantes,17,Toille de chanvre,Guinée,630,Aune,"0,75",,,,1
463,Anthony Rebours,AD44 C706,Local/Nantes/Nantes - Exports – 1753.csv,Local,1753,Exports,Nantes,17,Toille cholet,Guinée,9859,Livre,"3,5",,,,1
464,Anthony Rebours,AD44 C706,Local/Nantes/Nantes - Exports – 1753.csv,Local,1753,Exports,Nantes,17,Toille de cotton,Guinée,90,Pièce,60,,,,1
465,Anthony Rebours,AD44 C706,Local/Nantes/Nantes - Exports – 1753.csv,Local,1753,Exports,Nantes,17,Toille de cotton,Guinée,571,Livre,4,,,,1
466,Anthony Rebours,AD44 C706,Local/Nantes/Nantes - Exports – 1753.csv,Local,1753,Exports,Nantes,17,Toille peinte,Guinée,170,Pièce,28,,,,1
467,Anthony Rebours,AD44 C706,Local/Nantes/Nantes - Exports – 1753.csv,Local,1753,Exports,Nantes,17,Toille platille,Guinée,35484,Pièce,5,,,,1
468,Anthony Rebours,AD44 C706,Local/Nantes/Nantes - Exports – 1753.csv,Local,1753,Exports,Nantes,17,Verres à boire,Guinée,183,Douzaine,"1,2",,,,1
469,Anthony Rebours,AD44 C706,Local/Nantes/Nantes - Exports – 1753.csv,Local,1753,Exports,Nantes,17,Verres à boire,Guinée,2805,Livre,1,,,,1
470,Anthony Rebours,AD44 C706,Local/Nantes/Nantes - Exports – 1753.csv,Local,1753,Exports,Nantes,17,Vin de Bordeaux,Guinée,12,Barique,80,,,,1
471,Anthony Rebours,AD44 C706,Local/Nantes/Nantes - Exports – 1753.csv,Local,1753,Exports,Nantes,17,Vin de Bordeaux,Guinée,"111,25",Tonneau,340,,,,1
472,Anthony Rebours,AD44 C706,Local/Nantes/Nantes - Exports – 1753.csv,Local,1753,Exports,Nantes,17,Vin nantois,Guinée,5,Barique,25,,,,1
473,Anthony Rebours,AD44 C706,Local/Nantes/Nantes - Exports – 1753.csv,Local,1753,Exports,Nantes,17,Vin nantois,Guinée,"160,5",Tonneau,100,,,,1
474,Anthony Rebours,AD44 C706,Local/Nantes/Nantes - Exports – 1753.csv,Local,1753,Exports,Nantes,18,Acier,Isles françoises de l'Amérique,4,Baril,30,,,,1
475,Anthony Rebours,AD44 C706,Local/Nantes/Nantes - Exports – 1753.csv,Local,1753,Exports,Nantes,18,Amandes en coque,Isles françoises de l'Amérique,1650,Livre,"0,25",,,,1
476,Anthony Rebours,AD44 C706,Local/Nantes/Nantes - Exports – 1753.csv,Local,1753,Exports,Nantes,18,Ardoises,Isles françoises de l'Amérique,3625500,Nombre,"0,015",,,Prix unitaire en millier,1
477,Anthony Rebours,AD44 C706,Local/Nantes/Nantes - Exports – 1753.csv,Local,1753,Exports,Nantes,18,Barbamous de grez,Isles françoises de l'Amérique,193,Pièce,2,,,,1
478,Anthony Rebours,AD44 C706,Local/Nantes/Nantes - Exports – 1753.csv,Local,1753,Exports,Nantes,18,Bas de fil,Isles françoises de l'Amérique,2660,Livre,6,,,,1
479,Anthony Rebours,AD44 C706,Local/Nantes/Nantes - Exports – 1753.csv,Local,1753,Exports,Nantes,18,Bas de soye,Isles françoises de l'Amérique,17,Livre,40,,,,1
480,Anthony Rebours,AD44 C706,Local/Nantes/Nantes - Exports – 1753.csv,Local,1753,Exports,Nantes,18,Bagette,Isles françoises de l'Amérique,90,Livre,0,,,,1
481,Anthony Rebours,AD44 C706,Local/Nantes/Nantes - Exports – 1753.csv,Local,1753,Exports,Nantes,18,Berluine avec ses harnois,Isles françoises de l'Amérique,1,Pièce,2000,,,,1
482,Anthony Rebours,AD44 C706,Local/Nantes/Nantes - Exports – 1753.csv,Local,1753,Exports,Nantes,18,Bœuf salé,Isles françoises de l'Amérique,9793,Baril,35,,,,1
483,Anthony Rebours,AD44 C706,Local/Nantes/Nantes - Exports – 1753.csv,Local,1753,Exports,Nantes,18,Bœuf salé,Isles françoises de l'Amérique,415,Tierçon,36,,,,1
484,Anthony Rebours,AD44 C706,Local/Nantes/Nantes - Exports – 1753.csv,Local,1753,Exports,Nantes,18,Bœuf salé,Isles françoises de l'Amérique,1200,Livre,"0,2",,,,1
485,Anthony Rebours,AD44 C706,Local/Nantes/Nantes - Exports – 1753.csv,Local,1753,Exports,Nantes,18,Beure,Isles françoises de l'Amérique,149629,Livre,"0,5",,,,1
486,Anthony Rebours,AD44 C706,Local/Nantes/Nantes - Exports – 1753.csv,Local,1753,Exports,Nantes,18,Bierre,Isles françoises de l'Amérique,352,Barique,25,,,,1
487,Anthony Rebours,AD44 C706,Local/Nantes/Nantes - Exports – 1753.csv,Local,1753,Exports,Nantes,18,Bouchons de liege,Isles françoises de l'Amérique,13000,Livre,"0,01",,,Prix unitaire en millier,1
488,Anthony Rebours,AD44 C706,Local/Nantes/Nantes - Exports – 1753.csv,Local,1753,Exports,Nantes,18,Bougie,Isles françoises de l'Amérique,9679,Livre,"2,25",,,,1
489,Anthony Rebours,AD44 C706,Local/Nantes/Nantes - Exports – 1753.csv,Local,1753,Exports,Nantes,18,Bray gras,Isles françoises de l'Amérique,52,Baril,25,,,,1
490,Anthony Rebours,AD44 C706,Local/Nantes/Nantes - Exports – 1753.csv,Local,1753,Exports,Nantes,18,Brique,Isles françoises de l'Amérique,71200,Nombre,"0,14",,,Prix unitaire en pourcentage,1
491,Anthony Rebours,AD44 C706,Local/Nantes/Nantes - Exports – 1753.csv,Local,1753,Exports,Nantes,18,Brouettes,Isles françoises de l'Amérique,50,Pièce,6,,,,1
492,Anthony Rebours,AD44 C706,Local/Nantes/Nantes - Exports – 1753.csv,Local,1753,Exports,Nantes,18,Cacao,Isles françoises de l'Amérique,1500,Livre,"0,6",,,,1
493,Anthony Rebours,AD44 C706,Local/Nantes/Nantes - Exports – 1753.csv,Local,1753,Exports,Nantes,18,Caffé de Moka,Isles françoises de l'Amérique,1102,Livre,"2,5",,,,1
494,Anthony Rebours,AD44 C706,Local/Nantes/Nantes - Exports – 1753.csv,Local,1753,Exports,Nantes,18,Callemandes,Isles françoises de l'Amérique,85,Aune,3,,,,1
495,Anthony Rebours,AD44 C706,Local/Nantes/Nantes - Exports – 1753.csv,Local,1753,Exports,Nantes,18,Camelot de laine,Isles françoises de l'Amérique,4986,Aune,"2,5",,,,1
496,Anthony Rebours,AD44 C706,Local/Nantes/Nantes - Exports – 1753.csv,Local,1753,Exports,Nantes,18,Carreaux rouges,Isles françoises de l'Amérique,2081000,Nombre,"0,018",,,Prix unitaire en millier,1
497,Anthony Rebours,AD44 C706,Local/Nantes/Nantes - Exports – 1753.csv,Local,1753,Exports,Nantes,18,Cartes à jouer,Isles françoises de l'Amérique,1641,Livre,"2,25",,,,1
498,Anthony Rebours,AD44 C706,Local/Nantes/Nantes - Exports – 1753.csv,Local,1753,Exports,Nantes,18,Caves garnies,Isles françoises de l'Amérique,50,Pièce,6,,,Caves de 6 flacons,1
499,Anthony Rebours,AD44 C706,Local/Nantes/Nantes - Exports – 1753.csv,Local,1753,Exports,Nantes,18,Cercles à tonneaux,Isles françoises de l'Amérique,4006,Fourniture,10,,,,1
500,Anthony Rebours,AD44 C706,Local/Nantes/Nantes - Exports – 1753.csv,Local,1753,Exports,Nantes,18,Cercles à tonneaux,Isles françoises de l'Amérique,50,Millier,"2,5",,,,1
501,Anthony Rebours,AD44 C706,Local/Nantes/Nantes - Exports – 1753.csv,Local,1753,Exports,Nantes,18,Ceruse,Isles françoises de l'Amérique,900,Livre,"0,3",,,,1
502,Anthony Rebours,AD44 C706,Local/Nantes/Nantes - Exports – 1753.csv,Local,1753,Exports,Nantes,18,Chaises de paille,Isles françoises de l'Amérique,22,Douzaine,12,,,,1
503,Anthony Rebours,AD44 C706,Local/Nantes/Nantes - Exports – 1753.csv,Local,1753,Exports,Nantes,19,Chandelles,Isles françoises de l'Amérique,70513,Livre,"0,45",,,,1
504,Anthony Rebours,AD44 C706,Local/Nantes/Nantes - Exports – 1753.csv,Local,1753,Exports,Nantes,19,Chapeaux castors,Isles françoises de l'Amérique,2801,Pièce,16,,,,1
505,Anthony Rebours,AD44 C706,Local/Nantes/Nantes - Exports – 1753.csv,Local,1753,Exports,Nantes,19,Chapeaux micastors,Isles françoises de l'Amérique,248,Pièce,9,,,,1
506,Anthony Rebours,AD44 C706,Local/Nantes/Nantes - Exports – 1753.csv,Local,1753,Exports,Nantes,19,Chapeaux communs,Isles françoises de l'Amérique,72,Pièce,4,,,,1
507,Anthony Rebours,AD44 C706,Local/Nantes/Nantes - Exports – 1753.csv,Local,1753,Exports,Nantes,19,Chapeaux à negres,Isles françoises de l'Amérique,62,Douzaine,12,,,,1
508,Anthony Rebours,AD44 C706,Local/Nantes/Nantes - Exports – 1753.csv,Local,1753,Exports,Nantes,19,Chapeaux à negres,Isles françoises de l'Amérique,150,Livre,3,,,,1
509,Anthony Rebours,AD44 C706,Local/Nantes/Nantes - Exports – 1753.csv,Local,1753,Exports,Nantes,19,Chapeaux poil et laine,Isles françoises de l'Amérique,96,Pièce,4,,,,1
510,Anthony Rebours,AD44 C706,Local/Nantes/Nantes - Exports – 1753.csv,Local,1753,Exports,Nantes,19,Charbon à terre,Isles françoises de l'Amérique,2355,Barique,10,,,,1
511,Anthony Rebours,AD44 C706,Local/Nantes/Nantes - Exports – 1753.csv,Local,1753,Exports,Nantes,19,Charbon à terre,Isles françoises de l'Amérique,63,Tonneau,40,,,,1
512,Anthony Rebours,AD44 C706,Local/Nantes/Nantes - Exports – 1753.csv,Local,1753,Exports,Nantes,19,Cire blanche,Isles françoises de l'Amérique,200,Livre,2,,,,1
513,Anthony Rebours,AD44 C706,Local/Nantes/Nantes - Exports – 1753.csv,Local,1753,Exports,Nantes,19,Cloches de fonte,Isles françoises de l'Amérique,1400,Livre,2,,,,1
514,Anthony Rebours,AD44 C706,Local/Nantes/Nantes - Exports – 1753.csv,Local,1753,Exports,Nantes,19,Cloux de fer,Isles françoises de l'Amérique,285729,Livre,"0,3",,,,1
515,Anthony Rebours,AD44 C706,Local/Nantes/Nantes - Exports – 1753.csv,Local,1753,Exports,Nantes,19,Coutis,Isles françoises de l'Amérique,1920,Livre,"1,75",,,,1
516,Anthony Rebours,AD44 C706,Local/Nantes/Nantes - Exports – 1753.csv,Local,1753,Exports,Nantes,19,Confitures,Isles françoises de l'Amérique,1505,Livre,1,,,,1
517,Anthony Rebours,AD44 C706,Local/Nantes/Nantes - Exports – 1753.csv,Local,1753,Exports,Nantes,19,Cordages,Isles françoises de l'Amérique,245365,Livre,"0,25",,,,1
518,Anthony Rebours,AD44 C706,Local/Nantes/Nantes - Exports – 1753.csv,Local,1753,Exports,Nantes,19,Crin,Isles françoises de l'Amérique,2090,Livre,"0,6",,,,1
519,Anthony Rebours,AD44 C706,Local/Nantes/Nantes - Exports – 1753.csv,Local,1753,Exports,Nantes,19,Cuirs de bœuf tannés,Isles françoises de l'Amérique,900,Pièce,28,,,,1
520,Anthony Rebours,AD44 C706,Local/Nantes/Nantes - Exports – 1753.csv,Local,1753,Exports,Nantes,19,Cuirs de Russie,Isles françoises de l'Amérique,550,Livre,1,,,,1
521,Anthony Rebours,AD44 C706,Local/Nantes/Nantes - Exports – 1753.csv,Local,1753,Exports,Nantes,19,Cuirs de vache tannés,Isles françoises de l'Amérique,2450,Livre,"0,45",,,,1
522,Anthony Rebours,AD44 C706,Local/Nantes/Nantes - Exports – 1753.csv,Local,1753,Exports,Nantes,19,Cuirs de vache tannés,Isles françoises de l'Amérique,3,Douzaine,288,,,,1
523,Anthony Rebours,AD44 C706,Local/Nantes/Nantes - Exports – 1753.csv,Local,1753,Exports,Nantes,19,Cuivre ouvré,Isles françoises de l'Amérique,7298,Livre,"1,5",,,,1
524,Anthony Rebours,AD44 C706,Local/Nantes/Nantes - Exports – 1753.csv,Local,1753,Exports,Nantes,19,Cuivre en planches,Isles françoises de l'Amérique,2180,Livre,"1,4",,,,1
525,Anthony Rebours,AD44 C706,Local/Nantes/Nantes - Exports – 1753.csv,Local,1753,Exports,Nantes,19,Damesjeannes,Isles françoises de l'Amérique,148,Pièce,"0,75",,,,1
526,Anthony Rebours,AD44 C706,Local/Nantes/Nantes - Exports – 1753.csv,Local,1753,Exports,Nantes,19,Dentelle,Isles françoises de l'Amérique,85,Livre,60,,,,1
527,Anthony Rebours,AD44 C706,Local/Nantes/Nantes - Exports – 1753.csv,Local,1753,Exports,Nantes,19,Dorure fine,Isles françoises de l'Amérique,35,Marc,128,,,,1
528,Anthony Rebours,AD44 C706,Local/Nantes/Nantes - Exports – 1753.csv,Local,1753,Exports,Nantes,19,Douelles à barique,Isles françoises de l'Amérique,12600,Nombre,"0,09",,,Prix unitaire en millier,1
529,Anthony Rebours,AD44 C706,Local/Nantes/Nantes - Exports – 1753.csv,Local,1753,Exports,Nantes,19,Douelles à pipes,Isles françoises de l'Amérique,64000,Nombre,"0,18",,,Prix unitaire en millier,1
530,Anthony Rebours,AD44 C706,Local/Nantes/Nantes - Exports – 1753.csv,Local,1753,Exports,Nantes,19,Douelles à poinçons,Isles françoises de l'Amérique,22000,Nombre,"0,08",,,Prix unitaire en millier,1
531,Anthony Rebours,AD44 C706,Local/Nantes/Nantes - Exports – 1753.csv,Local,1753,Exports,Nantes,19,Douelles à tonneaux,Isles françoises de l'Amérique,8000,Nombre,"0,19",,,Prix unitaire en millier,1
532,Anthony Rebours,AD44 C706,Local/Nantes/Nantes - Exports – 1753.csv,Local,1753,Exports,Nantes,19,Drap de Maroc,Isles françoises de l'Amérique,220,Aune,12,,,,1
533,Anthony Rebours,AD44 C706,Local/Nantes/Nantes - Exports – 1753.csv,Local,1753,Exports,Nantes,19,Draps de Lyon,Isles françoises de l'Amérique,300,Aune,18,,,,1
534,Anthony Rebours,AD44 C706,Local/Nantes/Nantes - Exports – 1753.csv,Local,1753,Exports,Nantes,20,Draperie,Isles françoises de l'Amérique,172,Aune,10,,,,1
535,Anthony Rebours,AD44 C706,Local/Nantes/Nantes - Exports – 1753.csv,Local,1753,Exports,Nantes,20,Drogueries,Isles françoises de l'Amérique,2755,Livre,2,,,,1
536,Anthony Rebours,AD44 C706,Local/Nantes/Nantes - Exports – 1753.csv,Local,1753,Exports,Nantes,20,Eau de vie,Isles françoises de l'Amérique,3608,Velte,4,,,,1
537,Anthony Rebours,AD44 C706,Local/Nantes/Nantes - Exports – 1753.csv,Local,1753,Exports,Nantes,20,Essieux de fer,Isles françoises de l'Amérique,9300,Livre,"0,2",,,,1
538,Anthony Rebours,AD44 C706,Local/Nantes/Nantes - Exports – 1753.csv,Local,1753,Exports,Nantes,20,Etain ouvré,Isles françoises de l'Amérique,2635,Livre,1,,,,1
539,Anthony Rebours,AD44 C706,Local/Nantes/Nantes - Exports – 1753.csv,Local,1753,Exports,Nantes,20,Etoffe de soye,Isles françoises de l'Amérique,737,Pièce,40,,,,1
540,Anthony Rebours,AD44 C706,Local/Nantes/Nantes - Exports – 1753.csv,Local,1753,Exports,Nantes,20,Etoupe de chanvre,Isles françoises de l'Amérique,800,Livre,"0,1",,,,1
541,Anthony Rebours,AD44 C706,Local/Nantes/Nantes - Exports – 1753.csv,Local,1753,Exports,Nantes,20,Farine,Isles françoises de l'Amérique,3171,Baril,30,,,,1
542,Anthony Rebours,AD44 C706,Local/Nantes/Nantes - Exports – 1753.csv,Local,1753,Exports,Nantes,20,Farine,Isles françoises de l'Amérique,493,Quart,30,,,,1
543,Anthony Rebours,AD44 C706,Local/Nantes/Nantes - Exports – 1753.csv,Local,1753,Exports,Nantes,20,Fayance,Isles françoises de l'Amérique,3977,Douzaine,"3,25",,,,1
544,Anthony Rebours,AD44 C706,Local/Nantes/Nantes - Exports – 1753.csv,Local,1753,Exports,Nantes,20,Fayance,Isles françoises de l'Amérique,13040,Livre,"0,5",,,Vaisselle,1
545,Anthony Rebours,AD44 C706,Local/Nantes/Nantes - Exports – 1753.csv,Local,1753,Exports,Nantes,20,Fer en barres,Isles françoises de l'Amérique,123310,Livre,"0,14",,,Prix unitaire en pourcentage,1
546,Anthony Rebours,AD44 C706,Local/Nantes/Nantes - Exports – 1753.csv,Local,1753,Exports,Nantes,20,Fer en chaudieres,Isles françoises de l'Amérique,60120,Livre,"0,13",,,Prix unitaire en pourcentage,1
547,Anthony Rebours,AD44 C706,Local/Nantes/Nantes - Exports – 1753.csv,Local,1753,Exports,Nantes,20,Fer de fonte,Isles françoises de l'Amérique,14000,Livre,"0,15",,,,1
548,Anthony Rebours,AD44 C706,Local/Nantes/Nantes - Exports – 1753.csv,Local,1753,Exports,Nantes,20,Fer en grilles,Isles françoises de l'Amérique,13900,Livre,"0,2",,,,1
549,Anthony Rebours,AD44 C706,Local/Nantes/Nantes - Exports – 1753.csv,Local,1753,Exports,Nantes,20,Fer en marmittes,Isles françoises de l'Amérique,41811,Livre,"0,15",,,,1
550,Anthony Rebours,AD44 C706,Local/Nantes/Nantes - Exports – 1753.csv,Local,1753,Exports,Nantes,20,Fer en platines,Isles françoises de l'Amérique,10000,Livre,"0,2",,,,1
551,Anthony Rebours,AD44 C706,Local/Nantes/Nantes - Exports – 1753.csv,Local,1753,Exports,Nantes,20,Ferremens ouvrés,Isles françoises de l'Amérique,96067,Livre,"0,3",,,,1
552,Anthony Rebours,AD44 C706,Local/Nantes/Nantes - Exports – 1753.csv,Local,1753,Exports,Nantes,20,Feves,Isles françoises de l'Amérique,30,Tonneau,100,,,,1
553,Anthony Rebours,AD44 C706,Local/Nantes/Nantes - Exports – 1753.csv,Local,1753,Exports,Nantes,20,Fil de France,Isles françoises de l'Amérique,3280,Livre,"1,5",,,,1
554,Anthony Rebours,AD44 C706,Local/Nantes/Nantes - Exports – 1753.csv,Local,1753,Exports,Nantes,20,Fil de leton,Isles françoises de l'Amérique,195,Livre,1,,,,1
555,Anthony Rebours,AD44 C706,Local/Nantes/Nantes - Exports – 1753.csv,Local,1753,Exports,Nantes,20,Fil de Rennes,Isles françoises de l'Amérique,2620,Livre,"1,25",,,,1
556,Anthony Rebours,AD44 C706,Local/Nantes/Nantes - Exports – 1753.csv,Local,1753,Exports,Nantes,20,Fil a voille,Isles françoises de l'Amérique,810,Livre,1,,,,1
557,Anthony Rebours,AD44 C706,Local/Nantes/Nantes - Exports – 1753.csv,Local,1753,Exports,Nantes,20,Frange de soye,Isles françoises de l'Amérique,24,Livre,40,,,,1
558,Anthony Rebours,AD44 C706,Local/Nantes/Nantes - Exports – 1753.csv,Local,1753,Exports,Nantes,20,Fromage de Gruyere,Isles françoises de l'Amérique,31260,Livre,"0,5",,,,1
559,Anthony Rebours,AD44 C706,Local/Nantes/Nantes - Exports – 1753.csv,Local,1753,Exports,Nantes,20,Fromage d'Holande,Isles françoises de l'Amérique,5006,Livre,"0,3",,,,1
560,Anthony Rebours,AD44 C706,Local/Nantes/Nantes - Exports – 1753.csv,Local,1753,Exports,Nantes,20,Fruis cuit,Isles françoises de l'Amérique,6786,Livre,"0,08",,,Prix unitaire en pourcentage,1
561,Anthony Rebours,AD44 C706,Local/Nantes/Nantes - Exports – 1753.csv,Local,1753,Exports,Nantes,20,Fuzils,Isles françoises de l'Amérique,64,Pièce,8,,,,1
562,Anthony Rebours,AD44 C706,Local/Nantes/Nantes - Exports – 1753.csv,Local,1753,Exports,Nantes,20,Fuzils,Isles françoises de l'Amérique,25,Livre,"0,35",,,,1
563,Anthony Rebours,AD44 C706,Local/Nantes/Nantes - Exports – 1753.csv,Local,1753,Exports,Nantes,20,Galon d'or,Isles françoises de l'Amérique,20,Livre,168,,,,1
564,Anthony Rebours,AD44 C706,Local/Nantes/Nantes - Exports – 1753.csv,Local,1753,Exports,Nantes,21,Galons d'or et d'argent,Isles françoises de l'Amérique,37,Livre,128,,,,1
565,Anthony Rebours,AD44 C706,Local/Nantes/Nantes - Exports – 1753.csv,Local,1753,Exports,Nantes,21,Galon de soye,Isles françoises de l'Amérique,43,Livre,"3,5",,,,1
566,Anthony Rebours,AD44 C706,Local/Nantes/Nantes - Exports – 1753.csv,Local,1753,Exports,Nantes,21,Gans de chamois,Isles françoises de l'Amérique,110,Paire,"0,6",,,,1
567,Anthony Rebours,AD44 C706,Local/Nantes/Nantes - Exports – 1753.csv,Local,1753,Exports,Nantes,21,Gans communs,Isles françoises de l'Amérique,160,Paire,"0,25",,,,1
568,Anthony Rebours,AD44 C706,Local/Nantes/Nantes - Exports – 1753.csv,Local,1753,Exports,Nantes,21,Gans de cuir,Isles françoises de l'Amérique,150,Paire,"0,25",,,,1
569,Anthony Rebours,AD44 C706,Local/Nantes/Nantes - Exports – 1753.csv,Local,1753,Exports,Nantes,21,Gans de peau,Isles françoises de l'Amérique,100,Douzaine,8,,,,1
570,Anthony Rebours,AD44 C706,Local/Nantes/Nantes - Exports – 1753.csv,Local,1753,Exports,Nantes,21,Gaudron,Isles françoises de l'Amérique,55,Baril,30,,,,1
571,Anthony Rebours,AD44 C706,Local/Nantes/Nantes - Exports – 1753.csv,Local,1753,Exports,Nantes,21,Graines de jardin,Isles françoises de l'Amérique,425,Livre,1,,,,1
572,Anthony Rebours,AD44 C706,Local/Nantes/Nantes - Exports – 1753.csv,Local,1753,Exports,Nantes,21,Gruau,Isles françoises de l'Amérique,300,Futaille,0,,,20 livres la barique,1
573,Anthony Rebours,AD44 C706,Local/Nantes/Nantes - Exports – 1753.csv,Local,1753,Exports,Nantes,21,Houes et serpes,Isles françoises de l'Amérique,4476,Pièce,1,,,,1
574,Anthony Rebours,AD44 C706,Local/Nantes/Nantes - Exports – 1753.csv,Local,1753,Exports,Nantes,21,Houes et serpes,Isles françoises de l'Amérique,4500,Livre,"0,3",,,,1
575,Anthony Rebours,AD44 C706,Local/Nantes/Nantes - Exports – 1753.csv,Local,1753,Exports,Nantes,21,Huille de lin,Isles françoises de l'Amérique,4080,Livre,"0,3",,,,1
576,Anthony Rebours,AD44 C706,Local/Nantes/Nantes - Exports – 1753.csv,Local,1753,Exports,Nantes,21,Huille de navettes,Isles françoises de l'Amérique,10809,Livre,3,,,,1
577,Anthony Rebours,AD44 C706,Local/Nantes/Nantes - Exports – 1753.csv,Local,1753,Exports,Nantes,21,Huille de noix,Isles françoises de l'Amérique,800,Livre,"0,4",,,,1
578,Anthony Rebours,AD44 C706,Local/Nantes/Nantes - Exports – 1753.csv,Local,1753,Exports,Nantes,21,Huile d'olive,Isles françoises de l'Amérique,17623,Livre,"0,8",,,,1
579,Anthony Rebours,AD44 C706,Local/Nantes/Nantes - Exports – 1753.csv,Local,1753,Exports,Nantes,21,Huille de poisson,Isles françoises de l'Amérique,5640,Livre,"0,25",,,,1
580,Anthony Rebours,AD44 C706,Local/Nantes/Nantes - Exports – 1753.csv,Local,1753,Exports,Nantes,21,Jambon,Isles françoises de l'Amérique,9249,Livre,"0,5",,,,1
581,Anthony Rebours,AD44 C706,Local/Nantes/Nantes - Exports – 1753.csv,Local,1753,Exports,Nantes,21,Lard,Isles françoises de l'Amérique,2760,Livre,"0,4",,,,1
582,Anthony Rebours,AD44 C706,Local/Nantes/Nantes - Exports – 1753.csv,Local,1753,Exports,Nantes,21,Lattes,Isles françoises de l'Amérique,359000,Livre,"0,015",,,Prix unitaire en millier,1
583,Anthony Rebours,AD44 C706,Local/Nantes/Nantes - Exports – 1753.csv,Local,1753,Exports,Nantes,21,Liqueur,Isles françoises de l'Amérique,3919,Bouteille,2,,,,1
584,Anthony Rebours,AD44 C706,Local/Nantes/Nantes - Exports – 1753.csv,Local,1753,Exports,Nantes,21,Liqueur,Isles françoises de l'Amérique,,,,,,,1
585,Anthony Rebours,AD44 C706,Local/Nantes/Nantes - Exports – 1753.csv,Local,1753,Exports,Nantes,21,Marbres en mortier,Isles françoises de l'Amérique,24,Pièce,6,,,,1
586,Anthony Rebours,AD44 C706,Local/Nantes/Nantes - Exports – 1753.csv,Local,1753,Exports,Nantes,21,Mercerie,Isles françoises de l'Amérique,39521,Livre,"3,5",,,,1
587,Anthony Rebours,AD44 C706,Local/Nantes/Nantes - Exports – 1753.csv,Local,1753,Exports,Nantes,21,Meubles et ornements,Isles françoises de l'Amérique,,Valeur,,122459,,,1
588,Anthony Rebours,AD44 C706,Local/Nantes/Nantes - Exports – 1753.csv,Local,1753,Exports,Nantes,21,Moruë seche,Isles françoises de l'Amérique,2800,Livre,"0,2",,,,1
589,Anthony Rebours,AD44 C706,Local/Nantes/Nantes - Exports – 1753.csv,Local,1753,Exports,Nantes,21,Papier,Isles françoises de l'Amérique,1510,Livre,"0,6",,,,1
590,Anthony Rebours,AD44 C706,Local/Nantes/Nantes - Exports – 1753.csv,Local,1753,Exports,Nantes,21,Peaux de mouton aprestées,Isles françoises de l'Amérique,288,Pièce,"1,5",,,Quantité d'origine = 24 douzaines,1
591,Anthony Rebours,AD44 C706,Local/Nantes/Nantes - Exports – 1753.csv,Local,1753,Exports,Nantes,21,Peaux de veau corroyées,Isles françoises de l'Amérique,291,Douzaine,28,,,,1
592,Anthony Rebours,AD44 C706,Local/Nantes/Nantes - Exports – 1753.csv,Local,1753,Exports,Nantes,21,Pierres de grizon,Isles françoises de l'Amérique,2464,Pièce,1,,,,1
593,Anthony Rebours,AD44 C706,Local/Nantes/Nantes - Exports – 1753.csv,Local,1753,Exports,Nantes,21,Pipes à fumer,Isles françoises de l'Amérique,530,Grosse,"2,25",,,,1
594,Anthony Rebours,AD44 C706,Local/Nantes/Nantes - Exports – 1753.csv,Local,1753,Exports,Nantes,21,Planches de chenes,Isles françoises de l'Amérique,290,Pièce,2,,,,1
595,Anthony Rebours,AD44 C706,Local/Nantes/Nantes - Exports – 1753.csv,Local,1753,Exports,Nantes,22,Planches de sapin,Isles françoises de l'Amérique,22187,Pièce,"0,6",,,,1
596,Anthony Rebours,AD44 C706,Local/Nantes/Nantes - Exports – 1753.csv,Local,1753,Exports,Nantes,22,Plomb en grenaille,Isles françoises de l'Amérique,2240,Livre,"0,35",,,,1
597,Anthony Rebours,AD44 C706,Local/Nantes/Nantes - Exports – 1753.csv,Local,1753,Exports,Nantes,22,Plomb en saumon,Isles françoises de l'Amérique,23050,Livre,"0,2",,,,1
598,Anthony Rebours,AD44 C706,Local/Nantes/Nantes - Exports – 1753.csv,Local,1753,Exports,Nantes,22,Plumes à lit,Isles françoises de l'Amérique,240,Livre,1,,,,1
599,Anthony Rebours,AD44 C706,Local/Nantes/Nantes - Exports – 1753.csv,Local,1753,Exports,Nantes,22,Poids de fer,Isles françoises de l'Amérique,5319,Livre,"0,1",,,,1
600,Anthony Rebours,AD44 C706,Local/Nantes/Nantes - Exports – 1753.csv,Local,1753,Exports,Nantes,22,Porcelaine,Isles françoises de l'Amérique,2985,Livre,5,,,,1
601,Anthony Rebours,AD44 C706,Local/Nantes/Nantes - Exports – 1753.csv,Local,1753,Exports,Nantes,22,Pots de terre et formes à sucre,Isles françoises de l'Amérique,48867,Pièce,"0,3",,,,1
602,Anthony Rebours,AD44 C706,Local/Nantes/Nantes - Exports – 1753.csv,Local,1753,Exports,Nantes,22,Poudre à poudrer,Isles françoises de l'Amérique,1067,Livre,"0,3",,,,1
603,Anthony Rebours,AD44 C706,Local/Nantes/Nantes - Exports – 1753.csv,Local,1753,Exports,Nantes,22,Pruneaux,Isles françoises de l'Amérique,2261,Livre,"0,2",,,,1
604,Anthony Rebours,AD44 C706,Local/Nantes/Nantes - Exports – 1753.csv,Local,1753,Exports,Nantes,22,Quinquaillerie,Isles françoises de l'Amérique,16148,Livre,1,,,,1
605,Anthony Rebours,AD44 C706,Local/Nantes/Nantes - Exports – 1753.csv,Local,1753,Exports,Nantes,22,Raisin,Isles françoises de l'Amérique,950,Livre,"0,35",,,,1
606,Anthony Rebours,AD44 C706,Local/Nantes/Nantes - Exports – 1753.csv,Local,1753,Exports,Nantes,22,Ras de Maroc,Isles françoises de l'Amérique,1560,Aune,8,,,,1
607,Anthony Rebours,AD44 C706,Local/Nantes/Nantes - Exports – 1753.csv,Local,1753,Exports,Nantes,22,Remedes,Isles françoises de l'Amérique,300,Livre,2,,,,1
608,Anthony Rebours,AD44 C706,Local/Nantes/Nantes - Exports – 1753.csv,Local,1753,Exports,Nantes,22,Ris,Isles françoises de l'Amérique,2000,Livre,"0,6",,,,1
609,Anthony Rebours,AD44 C706,Local/Nantes/Nantes - Exports – 1753.csv,Local,1753,Exports,Nantes,22,Roues et cabrouets,Isles françoises de l'Amérique,193,Paire,50,,,,1
610,Anthony Rebours,AD44 C706,Local/Nantes/Nantes - Exports – 1753.csv,Local,1753,Exports,Nantes,22,Ruban de soye,Isles françoises de l'Amérique,196,Livre,60,,,,1
611,Anthony Rebours,AD44 C706,Local/Nantes/Nantes - Exports – 1753.csv,Local,1753,Exports,Nantes,22,Sardines pressées,Isles françoises de l'Amérique,150,Baril,15,,,Petits barils,1
612,Anthony Rebours,AD44 C706,Local/Nantes/Nantes - Exports – 1753.csv,Local,1753,Exports,Nantes,22,Savon,Isles françoises de l'Amérique,19150,Livre,"0,45",,,,1
613,Anthony Rebours,AD44 C706,Local/Nantes/Nantes - Exports – 1753.csv,Local,1753,Exports,Nantes,22,Sel,Isles françoises de l'Amérique,"4,5",Charge,0,,,,1
614,Anthony Rebours,AD44 C706,Local/Nantes/Nantes - Exports – 1753.csv,Local,1753,Exports,Nantes,22,Sel,Isles françoises de l'Amérique,,Muid,70,,,,1
615,Anthony Rebours,AD44 C706,Local/Nantes/Nantes - Exports – 1753.csv,Local,1753,Exports,Nantes,22,Selles de cheval,Isles françoises de l'Amérique,621,Pièce,25,,,,1
616,Anthony Rebours,AD44 C706,Local/Nantes/Nantes - Exports – 1753.csv,Local,1753,Exports,Nantes,22,Serge drapée,Isles françoises de l'Amérique,80,Aune,4,,,,1
617,Anthony Rebours,AD44 C706,Local/Nantes/Nantes - Exports – 1753.csv,Local,1753,Exports,Nantes,22,Souliers,Isles françoises de l'Amérique,5877,Paire,4,,,,1
618,Anthony Rebours,AD44 C706,Local/Nantes/Nantes - Exports – 1753.csv,Local,1753,Exports,Nantes,22,Sucre en pain,Isles françoises de l'Amérique,2050,Livre,"0,7",,,,1
619,Anthony Rebours,AD44 C706,Local/Nantes/Nantes - Exports – 1753.csv,Local,1753,Exports,Nantes,22,Suif,Isles françoises de l'Amérique,62386,Livre,"0,3",,,,1
620,Anthony Rebours,AD44 C706,Local/Nantes/Nantes - Exports – 1753.csv,Local,1753,Exports,Nantes,22,Tabac de la ferme,Isles françoises de l'Amérique,60,Livre,"2,5",,,,1
621,Anthony Rebours,AD44 C706,Local/Nantes/Nantes - Exports – 1753.csv,Local,1753,Exports,Nantes,22,Tabac rapé,Isles françoises de l'Amérique,50,Livre,"3,5",,,,1
622,Anthony Rebours,AD44 C706,Local/Nantes/Nantes - Exports – 1753.csv,Local,1753,Exports,Nantes,22,Tapisserie peinte,Isles françoises de l'Amérique,215,Livre,2,,,,1
623,Anthony Rebours,AD44 C706,Local/Nantes/Nantes - Exports – 1753.csv,Local,1753,Exports,Nantes,22,Thé,Isles françoises de l'Amérique,533,Livre,"3,5",,,,1
624,Anthony Rebours,AD44 C706,Local/Nantes/Nantes - Exports – 1753.csv,Local,1753,Exports,Nantes,22,Toille Baptiste,Isles françoises de l'Amérique,120,Pièce,30,,,,1
625,Anthony Rebours,AD44 C706,Local/Nantes/Nantes - Exports – 1753.csv,Local,1753,Exports,Nantes,22,Toille de Bretagne,Isles françoises de l'Amérique,633068,Livre,"3,5",,,,1
626,Anthony Rebours,AD44 C706,Local/Nantes/Nantes - Exports – 1753.csv,Local,1753,Exports,Nantes,23,Toille de cotton des Indes,Isles françoises de l'Amérique,3740,Pièce,"6,5",,,,1
627,Anthony Rebours,AD44 C706,Local/Nantes/Nantes - Exports – 1753.csv,Local,1753,Exports,Nantes,23,Toille à voile,Isles françoises de l'Amérique,600,Aune,"1,5",,,,1
628,Anthony Rebours,AD44 C706,Local/Nantes/Nantes - Exports – 1753.csv,Local,1753,Exports,Nantes,23,Tuffaux,Isles françoises de l'Amérique,85186,Pièce,"0,22",,,Prix unitaire en pourcentage,1
629,Anthony Rebours,AD44 C706,Local/Nantes/Nantes - Exports – 1753.csv,Local,1753,Exports,Nantes,23,Tuilles,Isles françoises de l'Amérique,8000,Nombre,"0,24",,,Prix unitaire en pourcentage,1
630,Anthony Rebours,AD44 C706,Local/Nantes/Nantes - Exports – 1753.csv,Local,1753,Exports,Nantes,23,Velour,Isles françoises de l'Amérique,20,Aune,24,,,,1
631,Anthony Rebours,AD44 C706,Local/Nantes/Nantes - Exports – 1753.csv,Local,1753,Exports,Nantes,23,Verres à boire,Isles françoises de l'Amérique,600,Livre,1,,,,1
632,Anthony Rebours,AD44 C706,Local/Nantes/Nantes - Exports – 1753.csv,Local,1753,Exports,Nantes,23,Vin de Bordeaux,Isles françoises de l'Amérique,102,Barique,80,,,,1
633,Anthony Rebours,AD44 C706,Local/Nantes/Nantes - Exports – 1753.csv,Local,1753,Exports,Nantes,23,Vin de Bordeaux,Isles françoises de l'Amérique,3,Tierçon,54,,,,1
634,Anthony Rebours,AD44 C706,Local/Nantes/Nantes - Exports – 1753.csv,Local,1753,Exports,Nantes,23,Vin de Bordeaux,Isles françoises de l'Amérique,"302,5",Tonneau,320,,,,1
635,Anthony Rebours,AD44 C706,Local/Nantes/Nantes - Exports – 1753.csv,Local,1753,Exports,Nantes,23,Vin nantois,Isles françoises de l'Amérique,"542,75",Tonneau,100,,,,1
636,Anthony Rebours,AD44 C706,Local/Nantes/Nantes - Exports – 1753.csv,Local,1753,Exports,Nantes,23,Vin de Tonnere,Isles françoises de l'Amérique,1100,Bouteille,2,,,,1
