numrodeligne,dataentryby,source,sourcepath,sourcetype,year,exportsimports,direction,sheet,marchandises,pays,quantit,quantity_unit,Prix unitaire / unité de compte Lt,Prix unitaire / unité de compte Sous,Prix unitaire / unité de compte Deniers,prix_unitaire,Valeur en Livres tournois,valeur en sous,valeur en denier,value,Valeur (Prix unitaire ,problem,remarks,Unverified
1,Hasna,AD 44 C706,Local/Nantes/Nantes – Imports – 1742.csv,Local,1742,Import,Nantes,1,bœuf salé,Angleterre,"7,321.00",barils,30.00,,,30.0000000,,,,,"219,630.00",,absence de prix,1
2,Hasna,AD 44 C706,Local/Nantes/Nantes – Imports – 1742.csv,Local,1742,Import,Nantes,1,bœuf salé,Angleterre,309.00,tierçons,45.00,,,45.0000000,,,,,"13,905.00",,absence de prix,1
3,Hasna,AD 44 C706,Local/Nantes/Nantes – Imports – 1742.csv,Local,1742,Import,Nantes,1,bled froment,Angleterre,106.00,tonneaux,120.00,,,120.0000000,,,,,"12,720.00",,absence de prix,1
4,Hasna,AD 44 C706,Local/Nantes/Nantes – Imports – 1742.csv,Local,1742,Import,Nantes,1,beurre,Angleterre,"88,808.00",livres,0.35,,,0.3500000,,,,,"31,082.80",,absence de prix,1
5,Hasna,AD 44 C706,Local/Nantes/Nantes – Imports – 1742.csv,Local,1742,Import,Nantes,1,chandelle,Angleterre,"8,229.00",livres,0.42,,,0.4200000,,,,,"3,456.18",,absence de prix,1
6,Hasna,AD 44 C706,Local/Nantes/Nantes – Imports – 1742.csv,Local,1742,Import,Nantes,1,crin de cheval,Angleterre,286.00,livres,,12.00,,0.6000000,,,,,171.60,,absence de prix,1
7,Hasna,AD 44 C706,Local/Nantes/Nantes – Imports – 1742.csv,Local,1742,Import,Nantes,1,cuirs verts en poil,Angleterre,"6,876.00",nombre,24.00,,,24.0000000,,,,,"165,024.00",,absence de prix,1
8,Hasna,AD 44 C706,Local/Nantes/Nantes – Imports – 1742.csv,Local,1742,Import,Nantes,1,charbon de terre,Angleterre,25.00,tonneaux de 2000 livres,20.00,,,20.0000000,,,,,500.00,,absence de prix,1
9,Hasna,AD 44 C706,Local/Nantes/Nantes – Imports – 1742.csv,Local,1742,Import,Nantes,1,charbon de terre,Angleterre,"1,024.00",bariques de 1000 livres,10.00,,,10.0000000,,,,,"10,240.00",,absence de prix,1
10,Hasna,AD 44 C706,Local/Nantes/Nantes – Imports – 1742.csv,Local,1742,Import,Nantes,1,charbon de terre,Angleterre,"349,000.00",livres,0.01,,,0.0100000,,,,,"3,490.00",,absence de prix,1
11,Hasna,AD 44 C706,Local/Nantes/Nantes – Imports – 1742.csv,Local,1742,Import,Nantes,1,farine,Angleterre,100.00,barils,25.00,,,25.0000000,,,,,"2,500.00",,absence de prix,1
12,Hasna,AD 44 C706,Local/Nantes/Nantes – Imports – 1742.csv,Local,1742,Import,Nantes,1,fromage,Angleterre,"7,360.00",livres,0.10,,,0.1000000,,,,,736.00,,absence de prix,1
13,Hasna,AD 44 C706,Local/Nantes/Nantes – Imports – 1742.csv,Local,1742,Import,Nantes,1,laine filée,Angleterre,"13,754.00",livres,2.00,5.00,,2.2500000,,,,,"30,946.50",,absence de prix,1
14,Hasna,AD 44 C706,Local/Nantes/Nantes – Imports – 1742.csv,Local,1742,Import,Nantes,1,laine en suin,Angleterre,"67,657.00",livres,1.00,,,1.0000000,,,,,"67,657.00",,absence de prix,1
15,Hasna,AD 44 C706,Local/Nantes/Nantes – Imports – 1742.csv,Local,1742,Import,Nantes,1,moruë seche,Angleterre,500.00,livres,0.18,,,0.1800000,,,,,90.00,,absence de prix,1
16,Hasna,AD 44 C706,Local/Nantes/Nantes – Imports – 1742.csv,Local,1742,Import,Nantes,1,plomb en saumon,Angleterre,"70,875.00",livres,0.21,,,0.2100000,,,,,"14,883.75",,absence de prix,1
17,Hasna,AD 44 C706,Local/Nantes/Nantes – Imports – 1742.csv,Local,1742,Import,Nantes,1,potterie de terre,Angleterre,175.00,livres,,5.00,,0.2500000,,,,,43.75,,absence de prix,1
18,Hasna,AD 44 C706,Local/Nantes/Nantes – Imports – 1742.csv,Local,1742,Import,Nantes,1,saumons salés,Angleterre,25.00,tierçons,60.00,,,60.0000000,,,,,"1,500.00",,absence de prix,1
19,Hasna,AD 44 C706,Local/Nantes/Nantes – Imports – 1742.csv,Local,1742,Import,Nantes,1,suif,Flandre,"8,850.00",livres,0.40,,,0.4000000,,,,,"3,540.00",,absence de prix,1
20,Hasna,AD 44 C706,Local/Nantes/Nantes – Imports – 1742.csv,Local,1742,Import,Nantes,1,amidon,Flandre,"8,000.00",livres,0.16,,,0.1600000,,,,,"1,280.00",,absence de prix,1
21,Hasna,AD 44 C706,Local/Nantes/Nantes – Imports – 1742.csv,Local,1742,Import,Nantes,1,bœuf salé,Flandre,85.00,barils,30.00,,,30.0000000,,,,,"2,550.00",,absence de prix,1
22,Hasna,AD 44 C706,Local/Nantes/Nantes – Imports – 1742.csv,Local,1742,Import,Nantes,1,boeurre,Flandre,274.00,livres,0.35,,,0.3500000,,,,,95.90,,absence de prix,1
23,Hasna,AD 44 C706,Local/Nantes/Nantes – Imports – 1742.csv,Local,1742,Import,Nantes,1,cordages,Flandre,"21,700.00",livres,0.32,,,0.3200000,,,,,"6,944.00",,absence de prix,1
24,Hasna,AD 44 C706,Local/Nantes/Nantes – Imports – 1742.csv,Local,1742,Import,Nantes,1,coffre de fer,Flandre,1.00,nombre,100.00,,,100.0000000,,,,,100.00,,absence de prix,1
25,Hasna,AD 44 C706,Local/Nantes/Nantes – Imports – 1742.csv,Local,1742,Import,Nantes,1,fer en barres,Flandre,"9,900.00",livres,0.14,,,0.1350000,,,,,"1,336.50",,absence de prix,1
26,Hasna,AD 44 C706,Local/Nantes/Nantes – Imports – 1742.csv,Local,1742,Import,Nantes,1,gaudron,Flandre,62.00,barils,18.00,,,18.0000000,,,,,"1,116.00",,absence de prix,1
27,Hasna,AD 44 C706,Local/Nantes/Nantes – Imports – 1742.csv,Local,1742,Import,Nantes,1,plants de vignes,Hollande,150.00,nombre,,,,0.0000000,,,,,0.00,,absence de prix,1
28,Hasna,AD 44 C706,Local/Nantes/Nantes – Imports – 1742.csv,Local,1742,Import,Nantes,1,avoine,Hollande,184.00,tonneaux,0.00,,,0.0000000,,,,,0.00,,absence de prix,1
29,Hasna,AD 44 C706,Local/Nantes/Nantes – Imports – 1742.csv,Local,1742,Import,Nantes,1,arcenic,Hollande,367.00,livres,0.25,,,0.2500000,,,,,91.75,,absence de prix,1
30,Hasna,AD 44 C706,Local/Nantes/Nantes – Imports – 1742.csv,Local,1742,Import,Nantes,2,amidon,Hollande,"17,136.00",livres,,4.00,,0.2000000,,,,,"3,427.20",,absence de prix,1
31,Hasna,AD 44 C706,Local/Nantes/Nantes – Imports – 1742.csv,Local,1742,Import,Nantes,2,agaric,Hollande,30.00,livres,3.00,10.00,,3.5000000,,,,,105.00,,absence de prix,1
32,Hasna,AD 44 C706,Local/Nantes/Nantes – Imports – 1742.csv,Local,1742,Import,Nantes,2,argent vif,Hollande,100.00,livres,5.00,,,5.0000000,,,,,500.00,,absence de prix,1
33,Hasna,AD 44 C706,Local/Nantes/Nantes – Imports – 1742.csv,Local,1742,Import,Nantes,2,ambre jaune,Hollande,30.00,livres,1.00,10.00,,1.5000000,,,,,45.00,,absence de prix,1
34,Hasna,AD 44 C706,Local/Nantes/Nantes – Imports – 1742.csv,Local,1742,Import,Nantes,2,azur commun,Hollande,"13,550.00",livres,0.60,,,0.6000000,,,,,"8,130.00",,absence de prix,1
35,Hasna,AD 44 C706,Local/Nantes/Nantes – Imports – 1742.csv,Local,1742,Import,Nantes,2,anabas,Hollande,"8,500.00",pieces,1.00,5.00,,1.2500000,,,,,"10,625.00",,absence de prix,1
36,Hasna,AD 44 C706,Local/Nantes/Nantes – Imports – 1742.csv,Local,1742,Import,Nantes,2,alibanis,Hollande,560.00,pieces,13.00,,,13.0000000,,,,,"7,280.00",,absence de prix,1
37,Hasna,AD 44 C706,Local/Nantes/Nantes – Imports – 1742.csv,Local,1742,Import,Nantes,2,antchibanis ?,Hollande,100.00,pieces,13.00,,,13.0000000,,,,,"1,300.00",,absence de prix,1
38,Hasna,AD 44 C706,Local/Nantes/Nantes – Imports – 1742.csv,Local,1742,Import,Nantes,2,acier,Hollande,143.00,barils,24.00,,,24.0000000,,,,,"3,432.00",,absence de prix,1
39,Hasna,AD 44 C706,Local/Nantes/Nantes – Imports – 1742.csv,Local,1742,Import,Nantes,2,acier,Hollande,"3,000.00",livres,0.24,,,0.2400000,,,,,720.00,,absence de prix,1
40,Hasna,AD 44 C706,Local/Nantes/Nantes – Imports – 1742.csv,Local,1742,Import,Nantes,2,ancres de fer,Hollande,"86,250.00",livres,0.26,,,0.2600000,,,,,"22,425.00",,absence de prix,1
41,Hasna,AD 44 C706,Local/Nantes/Nantes – Imports – 1742.csv,Local,1742,Import,Nantes,2,avirons,Hollande,4.00,douzaines,20.00,,,20.0000000,,,,,80.00,,absence de prix,1
42,Hasna,AD 44 C706,Local/Nantes/Nantes – Imports – 1742.csv,Local,1742,Import,Nantes,2,bœuf salé,Hollande,300.00,barils,30.00,,,30.0000000,,,,,"9,000.00",,absence de prix,1
43,Hasna,AD 44 C706,Local/Nantes/Nantes – Imports – 1742.csv,Local,1742,Import,Nantes,2,bled froment,Hollande,494.00,tonneaux,120.00,,,120.0000000,,,,,"59,280.00",,absence de prix,1
44,Hasna,AD 44 C706,Local/Nantes/Nantes – Imports – 1742.csv,Local,1742,Import,Nantes,2,bled seigle,Hollande,"1,694.00",tonneaux,80.00,,,80.0000000,,,,,"135,520.00",,absence de prix,1
45,Hasna,AD 44 C706,Local/Nantes/Nantes – Imports – 1742.csv,Local,1742,Import,Nantes,2,bled noir,Hollande,8.00,tonneaux,50.00,,,50.0000000,,,,,400.00,,absence de prix,1
46,Hasna,AD 44 C706,Local/Nantes/Nantes – Imports – 1742.csv,Local,1742,Import,Nantes,2,boeurre,Hollande,148.00,livres,0.40,,,0.4000000,,,,,59.20,,absence de prix,1
47,Hasna,AD 44 C706,Local/Nantes/Nantes – Imports – 1742.csv,Local,1742,Import,Nantes,2,bierre,Hollande,"1,528.00",bariques ,28.00,,,28.0000000,,,,,"42,784.00",,absence de prix,1
48,Hasna,AD 44 C706,Local/Nantes/Nantes – Imports – 1742.csv,Local,1742,Import,Nantes,2,benjoin,Hollande,13.00,livres,2.00,,,2.0000000,,,,,26.00,,absence de prix,1
49,Hasna,AD 44 C706,Local/Nantes/Nantes – Imports – 1742.csv,Local,1742,Import,Nantes,2,borax gras,Hollande,25.00,livres,4.00,,,4.0000000,,,,,100.00,,absence de prix,1
50,Hasna,AD 44 C706,Local/Nantes/Nantes – Imports – 1742.csv,Local,1742,Import,Nantes,2,bray gras,Hollande,6.00,barils,22.00,,,22.0000000,,,,,132.00,,absence de prix,1
51,Hasna,AD 44 C706,Local/Nantes/Nantes – Imports – 1742.csv,Local,1742,Import,Nantes,2,blans de baleine,Hollande,198.00,livres,4.00,5.00,,4.2500000,,,,,841.50,,absence de prix,1
52,Hasna,AD 44 C706,Local/Nantes/Nantes – Imports – 1742.csv,Local,1742,Import,Nantes,2,bayette,Hollande,155.00,pieces,10.00,,,10.0000000,,,,,"1,550.00",,absence de prix,1
53,Hasna,AD 44 C706,Local/Nantes/Nantes – Imports – 1742.csv,Local,1742,Import,Nantes,2,brandins,Hollande,50.00,pieces,12.00,,,12.0000000,,,,,600.00,,absence de prix,1
54,Hasna,AD 44 C706,Local/Nantes/Nantes – Imports – 1742.csv,Local,1742,Import,Nantes,2,bajutapaux,Hollande,377.00,pieces,24.00,,,24.0000000,,,,,"9,048.00",,absence de prix,1
55,Hasna,AD 44 C706,Local/Nantes/Nantes – Imports – 1742.csv,Local,1742,Import,Nantes,2,broulambis,Hollande,77.00,pieces,25.00,,,25.0000000,,,,,"1,925.00",,absence de prix,1
56,Hasna,AD 44 C706,Local/Nantes/Nantes – Imports – 1742.csv,Local,1742,Import,Nantes,2,boittes,Hollande,146.00,pieces,27.00,,,27.0000000,,,,,"3,942.00",,absence de prix,1
57,Hasna,AD 44 C706,Local/Nantes/Nantes – Imports – 1742.csv,Local,1742,Import,Nantes,2,boulange,Hollande,250.00,pieces,12.00,,,12.0000000,,,,,"3,000.00",,absence de prix,1
58,Hasna,AD 44 C706,Local/Nantes/Nantes – Imports – 1742.csv,Local,1742,Import,Nantes,2,brosserie,Hollande,"1,911.00",livres,1.00,,,1.0000000,,,,,"1,911.00",,absence de prix,1
59,Hasna,AD 44 C706,Local/Nantes/Nantes – Imports – 1742.csv,Local,1742,Import,Nantes,2,balais de poil,Hollande,25.00,livres,,15.00,,0.7500000,,,,,18.75,,absence de prix,1
60,Hasna,AD 44 C706,Local/Nantes/Nantes – Imports – 1742.csv,Local,1742,Import,Nantes,2,bassins d'etaim,Hollande,809.00,livres,,18.00,,0.9000000,,,,,728.10,,absence de prix,1
61,Hasna,AD 44 C706,Local/Nantes/Nantes – Imports – 1742.csv,Local,1742,Import,Nantes,2,bassins de cuivre,Hollande,"24,531.00",livres,1.00,5.00,,1.2500000,,,,,"30,663.75",,absence de prix,1
62,Hasna,AD 44 C706,Local/Nantes/Nantes – Imports – 1742.csv,Local,1742,Import,Nantes,2,boulets de canon,Hollande,600.00,nombre,,,,0.0000000,,,,,0.00,,absence de prix,1
63,Hasna,AD 44 C706,Local/Nantes/Nantes – Imports – 1742.csv,Local,1742,Import,Nantes,2,boulets de canon,Hollande,"107,125.00",livres,12.00,10.00,,12.5000000,,,,,"1,339,062.50",,absence de prix,1
64,Hasna,AD 44 C706,Local/Nantes/Nantes – Imports – 1742.csv,Local,1742,Import,Nantes,2,baleine coupée,Hollande,"1,661.00",livres,3.00,10.00,,3.5000000,,,,,"5,813.50",,absence de prix,1
65,Hasna,AD 44 C706,Local/Nantes/Nantes – Imports – 1742.csv,Local,1742,Import,Nantes,2,boetes de bois vernis,Hollande,260.00,livres,10.00,,,10.0000000,,,,,"2,600.00",,absence de prix,1
66,Hasna,AD 44 C706,Local/Nantes/Nantes – Imports – 1742.csv,Local,1742,Import,Nantes,2,bois de campêche,Hollande,"343,975.00",livres,15.00,,,15.0000000,,,,,"5,159,625.00",,absence de prix,1
67,Hasna,AD 44 C706,Local/Nantes/Nantes – Imports – 1742.csv,Local,1742,Import,Nantes,2,bois de brezil,Hollande,"61,300.00",livres,,9.00,,0.4500000,,,,,"27,585.00",,absence de prix,1
68,Hasna,AD 44 C706,Local/Nantes/Nantes – Imports – 1742.csv,Local,1742,Import,Nantes,2,bois d'inde,Hollande,"29,625.00",livres,0.11,0.10,,0.1150000,,,,,"3,406.88",,absence de prix,1
69,Hasna,AD 44 C706,Local/Nantes/Nantes – Imports – 1742.csv,Local,1742,Import,Nantes,2,bois d'inde moulu,Hollande,"4,600.00",livres,0.20,,,0.2000000,,,,,920.00,,absence de prix,1
70,Hasna,AD 44 C706,Local/Nantes/Nantes – Imports – 1742.csv,Local,1742,Import,Nantes,2,bois de ste marthe,Hollande,"6,225.00",livres,,5.00,,0.2500000,,,,,"1,556.25",,absence de prix,1
71,Hasna,AD 44 C706,Local/Nantes/Nantes – Imports – 1742.csv,Local,1742,Import,Nantes,2,bois de sandal,Hollande,475.00,livres,,6.00,,0.3000000,,,,,142.50,,absence de prix,1
72,Hasna,AD 44 C706,Local/Nantes/Nantes – Imports – 1742.csv,Local,1742,Import,Nantes,2,bois de construction,Hollande,"1,644.00",pieces,3.00,,,3.0000000,,,,,"4,932.00",,absence de prix,1
73,Hasna,AD 44 C706,Local/Nantes/Nantes – Imports – 1742.csv,Local,1742,Import,Nantes,2,bourdilles,Hollande,300.00,pieces,1.00,,,1.0000000,,,,,300.00,,absence de prix,1
74,Hasna,AD 44 C706,Local/Nantes/Nantes – Imports – 1742.csv,Local,1742,Import,Nantes,2,chocolat,Hollande,50.00,livres,1.00,10.00,,1.5000000,,,,,75.00,,absence de prix,1
75,Hasna,AD 44 C706,Local/Nantes/Nantes – Imports – 1742.csv,Local,1742,Import,Nantes,2,camphre,Hollande,200.00,livres,4.00,,,4.0000000,,,,,800.00,,absence de prix,1
76,Hasna,AD 44 C706,Local/Nantes/Nantes – Imports – 1742.csv,Local,1742,Import,Nantes,2,canelle,Hollande,"2,133.00",livres,5.00,,,5.0000000,,,,,"10,665.00",,absence de prix,1
77,Hasna,AD 44 C706,Local/Nantes/Nantes – Imports – 1742.csv,Local,1742,Import,Nantes,2,couperose verte,Hollande,"33,500.00",livres,,2.00,,0.1000000,,,,,"3,350.00",,absence de prix,1
78,Hasna,AD 44 C706,Local/Nantes/Nantes – Imports – 1742.csv,Local,1742,Import,Nantes,2,ceruze,Hollande,"17,025.00",livres,,4.00,,0.2000000,,,,,"3,405.00",,absence de prix,1
79,Hasna,AD 44 C706,Local/Nantes/Nantes – Imports – 1742.csv,Local,1742,Import,Nantes,3,colle forte,Hollande,"1,850.00",livres,,8.00,,0.4000000,,,,,740.00,,absence de prix,1
80,Hasna,AD 44 C706,Local/Nantes/Nantes – Imports – 1742.csv,Local,1742,Import,Nantes,3,colle de poisson,Hollande,404.00,livres,2.00,10.00,,2.5000000,,,,,"1,010.00",,absence de prix,1
81,Hasna,AD 44 C706,Local/Nantes/Nantes – Imports – 1742.csv,Local,1742,Import,Nantes,3,caladaris,Hollande,250.00,pieces,25.00,,,25.0000000,,,,,"6,250.00",,absence de prix,1
82,Hasna,AD 44 C706,Local/Nantes/Nantes – Imports – 1742.csv,Local,1742,Import,Nantes,3,chasselas,Hollande,100.00,pieces,18.00,,,18.0000000,,,,,"1,800.00",,absence de prix,1
83,Hasna,AD 44 C706,Local/Nantes/Nantes – Imports – 1742.csv,Local,1742,Import,Nantes,3,chuquelas,Hollande,20.00,pieces,24.00,,,24.0000000,,,,,480.00,,absence de prix,1
84,Hasna,AD 44 C706,Local/Nantes/Nantes – Imports – 1742.csv,Local,1742,Import,Nantes,3,corops coroot ?,Hollande,"3,300.00",pieces,3.00,,,3.0000000,,,,,"9,900.00",,absence de prix,1
85,Hasna,AD 44 C706,Local/Nantes/Nantes – Imports – 1742.csv,Local,1742,Import,Nantes,3,coupis,Hollande,100.00,pieces,18.00,,,18.0000000,,,,,"1,800.00",,absence de prix,1
86,Hasna,AD 44 C706,Local/Nantes/Nantes – Imports – 1742.csv,Local,1742,Import,Nantes,3,cassialinea,Hollande,480.00,livres,,4.00,,0.2000000,,,,,96.00,,absence de prix,1
87,Hasna,AD 44 C706,Local/Nantes/Nantes – Imports – 1742.csv,Local,1742,Import,Nantes,3,crin de cheval,Hollande,"2,600.00",livres,,12.00,,0.6000000,,,,,"1,560.00",,absence de prix,1
88,Hasna,AD 44 C706,Local/Nantes/Nantes – Imports – 1742.csv,Local,1742,Import,Nantes,3,chanvre cru,Hollande,"283,525.00",livres,0.28,,,0.2800000,,,,,"79,387.00",,absence de prix,1
89,Hasna,AD 44 C706,Local/Nantes/Nantes – Imports – 1742.csv,Local,1742,Import,Nantes,3,cordages neufs,Hollande,"77,450.00",livres,0.32,,,0.3200000,,,,,"24,784.00",,absence de prix,1
90,Hasna,AD 44 C706,Local/Nantes/Nantes – Imports – 1742.csv,Local,1742,Import,Nantes,3,cordages vieux,Hollande,"20,050.00",livres,0.20,,,0.2000000,,,,,"4,010.00",,absence de prix,1
91,Hasna,AD 44 C706,Local/Nantes/Nantes – Imports – 1742.csv,Local,1742,Import,Nantes,3,cuirs de roussy,Hollande,482.00,livres,1.00,15.00,,1.7500000,,,,,843.50,,absence de prix,1
92,Hasna,AD 44 C706,Local/Nantes/Nantes – Imports – 1742.csv,Local,1742,Import,Nantes,3,chaudiere de cuivre jaune,Hollande,950.00,livres,1.00,5.00,,1.2500000,,,,,"1,187.50",,absence de prix,1
93,Hasna,AD 44 C706,Local/Nantes/Nantes – Imports – 1742.csv,Local,1742,Import,Nantes,3,cuivre jaune ouvré,Hollande,"4,894.00",livres,1.00,5.00,,1.2500000,,,,,"6,117.50",,absence de prix,1
94,Hasna,AD 44 C706,Local/Nantes/Nantes – Imports – 1742.csv,Local,1742,Import,Nantes,3,cuivre jaune brut,Hollande,"10,621.00",livres,1.00,2.00,,1.1000000,,,,,"11,683.10",,absence de prix,1
95,Hasna,AD 44 C706,Local/Nantes/Nantes – Imports – 1742.csv,Local,1742,Import,Nantes,3,cuivre rouge brut,Hollande,"1,010.00",livres,1.00,10.00,,1.5000000,,,,,"1,515.00",,absence de prix,1
96,Hasna,AD 44 C706,Local/Nantes/Nantes – Imports – 1742.csv,Local,1742,Import,Nantes,3,cuivre en feuilles,Hollande,"8,202.00",livres,1.00,10.00,,1.5000000,,,,,"12,303.00",,absence de prix,1
97,Hasna,AD 44 C706,Local/Nantes/Nantes – Imports – 1742.csv,Local,1742,Import,Nantes,3,cuivre en rozette,Hollande,702.00,livres,1.00,10.00,,1.5000000,,,,,"1,053.00",,absence de prix,1
98,Hasna,AD 44 C706,Local/Nantes/Nantes – Imports – 1742.csv,Local,1742,Import,Nantes,3,cauris,Hollande,"31,481.00",livres,1.00,3.00,,1.1500000,,,,,"36,203.15",,absence de prix,1
99,Hasna,AD 44 C706,Local/Nantes/Nantes – Imports – 1742.csv,Local,1742,Import,Nantes,3,couteaux à gaines,Hollande,650.00,livres,1.00,,,1.0000000,,,,,650.00,,absence de prix,1
100,Hasna,AD 44 C706,Local/Nantes/Nantes – Imports – 1742.csv,Local,1742,Import,Nantes,3,couteaux flaman,Hollande,"9,476.00",douzaines,1.00,10.00,,1.5000000,,,,,"14,214.00",,absence de prix,1
101,Hasna,AD 44 C706,Local/Nantes/Nantes – Imports – 1742.csv,Local,1742,Import,Nantes,3,couteaux flaman,Hollande,"1,730.00",livres,1.00,,,1.0000000,,,,,"1,730.00",,absence de prix,1
102,Hasna,AD 44 C706,Local/Nantes/Nantes – Imports – 1742.csv,Local,1742,Import,Nantes,3,clouds de fer,Hollande,"12,200.00",livres,,5.00,,0.2500000,,,,,"3,050.00",,absence de prix,1
103,Hasna,AD 44 C706,Local/Nantes/Nantes – Imports – 1742.csv,Local,1742,Import,Nantes,3,canon de fonte,Hollande,400.00,livres,1.00,10.00,,1.5000000,,,,,600.00,,absence de prix,1
104,Hasna,AD 44 C706,Local/Nantes/Nantes – Imports – 1742.csv,Local,1742,Import,Nantes,3,canon de fer,Hollande,"60,900.00",livres,,4.00,,0.2000000,,,,,"12,180.00",,absence de prix,1
105,Hasna,AD 44 C706,Local/Nantes/Nantes – Imports – 1742.csv,Local,1742,Import,Nantes,3,cadenats,Hollande,160.00,livres,1.00,10.00,,1.5000000,,,,,240.00,,absence de prix,1
106,Hasna,AD 44 C706,Local/Nantes/Nantes – Imports – 1742.csv,Local,1742,Import,Nantes,3,cadenats,Hollande,9.00,douzaines,5.00,,,5.0000000,,,,,45.00,,absence de prix,1
107,Hasna,AD 44 C706,Local/Nantes/Nantes – Imports – 1742.csv,Local,1742,Import,Nantes,3,criks de fer,Hollande,21.00,nombre,30.00,,,30.0000000,,,,,630.00,,absence de prix,1
108,Hasna,AD 44 C706,Local/Nantes/Nantes – Imports – 1742.csv,Local,1742,Import,Nantes,3,coffres de fer,Hollande,3.00,nombre,100.00,,,100.0000000,,,,,300.00,,absence de prix,1
109,Hasna,AD 44 C706,Local/Nantes/Nantes – Imports – 1742.csv,Local,1742,Import,Nantes,3,cannes à main,Hollande,15.00,livres,5.00,,,5.0000000,,,,,75.00,,absence de prix,1
110,Hasna,AD 44 C706,Local/Nantes/Nantes – Imports – 1742.csv,Local,1742,Import,Nantes,3,chauffes pieds,Hollande,192.00,nombre,,15.00,,0.7500000,,,,,144.00,,absence de prix,1
111,Hasna,AD 44 C706,Local/Nantes/Nantes – Imports – 1742.csv,Local,1742,Import,Nantes,3,chaises de commodité,Hollande,108.00,nombre,6.00,,,6.0000000,,,,,648.00,,absence de prix,1
112,Hasna,AD 44 C706,Local/Nantes/Nantes – Imports – 1742.csv,Local,1742,Import,Nantes,3,caves garnies,Hollande,39.00,12 flacons,6.00,,,6.0000000,,,,,234.00,,absence de prix,1
113,Hasna,AD 44 C706,Local/Nantes/Nantes – Imports – 1742.csv,Local,1742,Import,Nantes,3,caves garnies,Hollande,547.00,9 flacons,5.00,,,5.0000000,,,,,"2,735.00",,absence de prix,1
114,Hasna,AD 44 C706,Local/Nantes/Nantes – Imports – 1742.csv,Local,1742,Import,Nantes,3,caves garnies,Hollande,"1,860.00",6 flacons,4.00,,,4.0000000,,,,,"7,440.00",,absence de prix,1
115,Hasna,AD 44 C706,Local/Nantes/Nantes – Imports – 1742.csv,Local,1742,Import,Nantes,3,canettes de terre,Hollande,"1,300.00",nombre,,6.00,,0.3000000,,,,,390.00,,absence de prix,1
116,Hasna,AD 44 C706,Local/Nantes/Nantes – Imports – 1742.csv,Local,1742,Import,Nantes,3,canettes de terre,Hollande,"2,600.00",livres,15.00,,,15.0000000,,,,,"39,000.00",,absence de prix,1
117,Hasna,AD 44 C706,Local/Nantes/Nantes – Imports – 1742.csv,Local,1742,Import,Nantes,3,charbon de terre,Hollande,825.00,bariques de 1000 livres,10.00,,,10.0000000,,,,,"8,250.00",,absence de prix,1
118,Hasna,AD 44 C706,Local/Nantes/Nantes – Imports – 1742.csv,Local,1742,Import,Nantes,3,drogueries,Hollande,130.00,livres,3.00,,,3.0000000,,,,,390.00,,absence de prix,1
119,Hasna,AD 44 C706,Local/Nantes/Nantes – Imports – 1742.csv,Local,1742,Import,Nantes,3,duatons ?,Hollande,"33,000.00",livres,6.00,7.00,,6.3500000,,,,,"209,550.00",,absence de prix,1
120,Hasna,AD 44 C706,Local/Nantes/Nantes – Imports – 1742.csv,Local,1742,Import,Nantes,3,dez à coudre,Hollande,60.00,livres,,50.00,,2.5000000,,,,,150.00,,absence de prix,1
121,Hasna,AD 44 C706,Local/Nantes/Nantes – Imports – 1742.csv,Local,1742,Import,Nantes,3,eau forte,Hollande,30.00,livres,1.00,5.00,,1.2500000,,,,,37.50,,absence de prix,1
122,Hasna,AD 44 C706,Local/Nantes/Nantes – Imports – 1742.csv,Local,1742,Import,Nantes,3,etoupes de chanvre,Hollande,500.00,livres,,2.00,,0.1000000,,,,,50.00,,absence de prix,1
123,Hasna,AD 44 C706,Local/Nantes/Nantes – Imports – 1742.csv,Local,1742,Import,Nantes,3,etaim ouvré,Hollande,40.00,livres,,18.00,,0.9000000,,,,,36.00,,absence de prix,1
124,Hasna,AD 44 C706,Local/Nantes/Nantes – Imports – 1742.csv,Local,1742,Import,Nantes,3,epars de sapin,Hollande,15.00,nombre,1.00,,,1.0000000,,,,,15.00,,absence de prix,1
125,Hasna,AD 44 C706,Local/Nantes/Nantes – Imports – 1742.csv,Local,1742,Import,Nantes,3,feves,Hollande,103.00,tonneaux,150.00,,,150.0000000,,,,,"15,450.00",,absence de prix,1
126,Hasna,AD 44 C706,Local/Nantes/Nantes – Imports – 1742.csv,Local,1742,Import,Nantes,3,fromage,Hollande,"324,175.00",livres,,6.00,,0.3000000,,,,,"97,252.50",,absence de prix,1
127,Hasna,AD 44 C706,Local/Nantes/Nantes – Imports – 1742.csv,Local,1742,Import,Nantes,3,futan,Hollande,180.00,pieces,12.00,,,12.0000000,,,,,"2,160.00",,absence de prix,1
128,Hasna,AD 44 C706,Local/Nantes/Nantes – Imports – 1742.csv,Local,1742,Import,Nantes,4,fil à coudre,Hollande,571.00,livres,2.00,,,2.0000000,,,,,"1,142.00",,absence de prix,1
129,Hasna,AD 44 C706,Local/Nantes/Nantes – Imports – 1742.csv,Local,1742,Import,Nantes,4,fil à voile,Hollande,"4,800.00",livres,1.00,,,1.0000000,,,,,"4,800.00",,absence de prix,1
130,Hasna,AD 44 C706,Local/Nantes/Nantes – Imports – 1742.csv,Local,1742,Import,Nantes,4,fil de fer,Hollande,"13,706.00",livres,,8.00,,0.4000000,,,,,"5,482.40",,absence de prix,1
131,Hasna,AD 44 C706,Local/Nantes/Nantes – Imports – 1742.csv,Local,1742,Import,Nantes,4,fer blanc,Hollande,2.00,barils,100.00,,,100.0000000,,,,,200.00,,absence de prix,1
132,Hasna,AD 44 C706,Local/Nantes/Nantes – Imports – 1742.csv,Local,1742,Import,Nantes,4,fer en taule,Hollande,"1,410.00",livres,,5.00,,0.2500000,,,,,352.50,,absence de prix,1
133,Hasna,AD 44 C706,Local/Nantes/Nantes – Imports – 1742.csv,Local,1742,Import,Nantes,4,fer ouvré,Hollande,"2,675.00",livres,0.26,,,0.2600000,,,,,695.50,,absence de prix,1
134,Hasna,AD 44 C706,Local/Nantes/Nantes – Imports – 1742.csv,Local,1742,Import,Nantes,4,ferrement,Hollande,"36,050.00",livres,,6.00,,0.3000000,,,,,"10,815.00",,absence de prix,1
135,Hasna,AD 44 C706,Local/Nantes/Nantes – Imports – 1742.csv,Local,1742,Import,Nantes,4,fer en feüillards,Hollande,"30,000.00",livres,0.20,,,0.2000000,,,,,"6,000.00",,absence de prix,1
136,Hasna,AD 44 C706,Local/Nantes/Nantes – Imports – 1742.csv,Local,1742,Import,Nantes,4,fer en cercles,Hollande,"89,075.00",livres,,4.00,,0.2000000,,,,,"17,815.00",,absence de prix,1
137,Hasna,AD 44 C706,Local/Nantes/Nantes – Imports – 1742.csv,Local,1742,Import,Nantes,4,fer en platinnes,Hollande,"2,425.00",livres,,2.00,,0.1000000,,,,,242.50,,absence de prix,1
138,Hasna,AD 44 C706,Local/Nantes/Nantes – Imports – 1742.csv,Local,1742,Import,Nantes,4,fer en plaques,Hollande,"2,500.00",livres,,2.00,,0.1000000,,,,,250.00,,absence de prix,1
139,Hasna,AD 44 C706,Local/Nantes/Nantes – Imports – 1742.csv,Local,1742,Import,Nantes,4,fer en barres,Hollande,"205,400.00",livres,0.14,,,0.1400000,,,,,"28,756.00",,absence de prix,1
140,Hasna,AD 44 C706,Local/Nantes/Nantes – Imports – 1742.csv,Local,1742,Import,Nantes,4,fleaux de fer,Hollande,36.00,petits,6.00,,,6.0000000,,,,,216.00,,absence de prix,1
141,Hasna,AD 44 C706,Local/Nantes/Nantes – Imports – 1742.csv,Local,1742,Import,Nantes,4,fleaux de fer,Hollande,144.00,livres,,12.00,,0.6000000,,,,,86.40,,absence de prix,1
142,Hasna,AD 44 C706,Local/Nantes/Nantes – Imports – 1742.csv,Local,1742,Import,Nantes,4,fayance,Hollande,15.00,douzaines d'assiettes,1.00,10.00,,1.5000000,,,,,22.50,,absence de prix,1
143,Hasna,AD 44 C706,Local/Nantes/Nantes – Imports – 1742.csv,Local,1742,Import,Nantes,4,fayance,Hollande,"6,642.00",livres,,6.00,,0.3000000,,,,,"1,992.60",,absence de prix,1
144,Hasna,AD 44 C706,Local/Nantes/Nantes – Imports – 1742.csv,Local,1742,Import,Nantes,4,flacons de verre,Hollande,"1,934.00",nombre,,4.00,,0.2000000,,,,,386.80,,absence de prix,1
145,Hasna,AD 44 C706,Local/Nantes/Nantes – Imports – 1742.csv,Local,1742,Import,Nantes,4,flacons de verre,Hollande,144.00,livres,,12.00,,0.6000000,,,,,86.40,,absence de prix,1
146,Hasna,AD 44 C706,Local/Nantes/Nantes – Imports – 1742.csv,Local,1742,Import,Nantes,4,gruau,Hollande,32.00,bariques,75.00,,,75.0000000,,,,,"2,400.00",,absence de prix,1
147,Hasna,AD 44 C706,Local/Nantes/Nantes – Imports – 1742.csv,Local,1742,Import,Nantes,4,gruau,Hollande,16.00,tierçons,50.00,,,50.0000000,,,,,800.00,,absence de prix,1
148,Hasna,AD 44 C706,Local/Nantes/Nantes – Imports – 1742.csv,Local,1742,Import,Nantes,4,gruau,Hollande,"36,000.00",livres,,3.00,,0.1500000,,,,,"5,400.00",,absence de prix,1
149,Hasna,AD 44 C706,Local/Nantes/Nantes – Imports – 1742.csv,Local,1742,Import,Nantes,4,gerofle,Hollande,"6,005.00",livres,8.00,10.00,,8.5000000,,,,,"51,042.50",,absence de prix,1
150,Hasna,AD 44 C706,Local/Nantes/Nantes – Imports – 1742.csv,Local,1742,Import,Nantes,4,garence,Hollande,"3,750.00",livres,,10.00,,0.5000000,,,,,"1,875.00",,absence de prix,1
151,Hasna,AD 44 C706,Local/Nantes/Nantes – Imports – 1742.csv,Local,1742,Import,Nantes,4,graine de choux,Hollande,81.00,livres,1.00,10.00,,1.5000000,,,,,121.50,,absence de prix,1
152,Hasna,AD 44 C706,Local/Nantes/Nantes – Imports – 1742.csv,Local,1742,Import,Nantes,4,gaudron,Hollande,"1,191.00",barils,18.00,,,18.0000000,,,,,"21,438.00",,absence de prix,1
153,Hasna,AD 44 C706,Local/Nantes/Nantes – Imports – 1742.csv,Local,1742,Import,Nantes,4,gomme adragan,Hollande,25.00,livres,1.00,10.00,,1.5000000,,,,,37.50,,absence de prix,1
154,Hasna,AD 44 C706,Local/Nantes/Nantes – Imports – 1742.csv,Local,1742,Import,Nantes,4,galanga,Hollande,48.00,pieces,,5.00,,0.2500000,,,,,12.00,,absence de prix,1
155,Hasna,AD 44 C706,Local/Nantes/Nantes – Imports – 1742.csv,Local,1742,Import,Nantes,4,grelots de cuivre,Hollande,8.00,grosses,9.00,,,9.0000000,,,,,72.00,,absence de prix,1
156,Hasna,AD 44 C706,Local/Nantes/Nantes – Imports – 1742.csv,Local,1742,Import,Nantes,4,gaisnes,Hollande,25.00,livres,2.00,10.00,,2.5000000,,,,,62.50,,absence de prix,1
157,Hasna,AD 44 C706,Local/Nantes/Nantes – Imports – 1742.csv,Local,1742,Import,Nantes,4,grenades de fer,Hollande,"5,075.00",livres,0.12,0.10,,0.1250000,,,,,634.38,,absence de prix,1
158,Hasna,AD 44 C706,Local/Nantes/Nantes – Imports – 1742.csv,Local,1742,Import,Nantes,4,harans blancs,Hollande,517.00,barils,18.00,,,18.0000000,,,,,"9,306.00",,absence de prix,1
159,Hasna,AD 44 C706,Local/Nantes/Nantes – Imports – 1742.csv,Local,1742,Import,Nantes,4,huile d'olive,Hollande,"11,508.00",livres,0.70,,,0.7000000,,,,,"8,055.60",,absence de prix,1
160,Hasna,AD 44 C706,Local/Nantes/Nantes – Imports – 1742.csv,Local,1742,Import,Nantes,4,huile de lin,Hollande,25.00,bariques,120.00,,,120.0000000,,,,,"3,000.00",,absence de prix,1
161,Hasna,AD 44 C706,Local/Nantes/Nantes – Imports – 1742.csv,Local,1742,Import,Nantes,4,huile de lin,Hollande,"22,475.00",livres,0.30,,,0.3000000,,,,,"6,742.50",,absence de prix,1
162,Hasna,AD 44 C706,Local/Nantes/Nantes – Imports – 1742.csv,Local,1742,Import,Nantes,4,huile de poisson,Hollande,"42,600.00",livres,110.00,,,110.0000000,,,,,"4,686,000.00",,absence de prix,1
163,Hasna,AD 44 C706,Local/Nantes/Nantes – Imports – 1742.csv,Local,1742,Import,Nantes,4,horloges de sable,Hollande,100.00,nombre,3.00,12.00,,3.6000000,,,,,360.00,,absence de prix,1
164,Hasna,AD 44 C706,Local/Nantes/Nantes – Imports – 1742.csv,Local,1742,Import,Nantes,4,horloges de sable,Hollande,700.00,livres,,12.00,,0.6000000,,,,,420.00,,absence de prix,1
165,Hasna,AD 44 C706,Local/Nantes/Nantes – Imports – 1742.csv,Local,1742,Import,Nantes,4,jambons,Hollande,"6,015.00",livres,,12.00,,0.6000000,,,,,"3,609.00",,absence de prix,1
166,Hasna,AD 44 C706,Local/Nantes/Nantes – Imports – 1742.csv,Local,1742,Import,Nantes,4,indienne,Hollande,"3,422.00",pieces,18.00,,,18.0000000,,,,,"61,596.00",,absence de prix,1
167,Hasna,AD 44 C706,Local/Nantes/Nantes – Imports – 1742.csv,Local,1742,Import,Nantes,4,instrument de marine,Hollande,1.00,livres,100.00,,,100.0000000,,,,,100.00,,absence de prix,1
168,Hasna,AD 44 C706,Local/Nantes/Nantes – Imports – 1742.csv,Local,1742,Import,Nantes,4,limeneas,Hollande,"3,706.00",pieces,18.00,,,18.0000000,,,,,"66,708.00",,absence de prix,1
169,Hasna,AD 44 C706,Local/Nantes/Nantes – Imports – 1742.csv,Local,1742,Import,Nantes,4,laine,Hollande,"2,987.00",livres,1.00,2.00,,1.1000000,,,,,"3,285.70",,absence de prix,1
170,Hasna,AD 44 C706,Local/Nantes/Nantes – Imports – 1742.csv,Local,1742,Import,Nantes,4,lin peigné,Hollande,"65,129.00",livres,,16.00,,0.8000000,,,,,"52,103.20",,absence de prix,1
171,Hasna,AD 44 C706,Local/Nantes/Nantes – Imports – 1742.csv,Local,1742,Import,Nantes,4,lin cru,Hollande,"38,225.00",livres,,7.00,,0.3500000,,,,,"13,378.75",,absence de prix,1
172,Hasna,AD 44 C706,Local/Nantes/Nantes – Imports – 1742.csv,Local,1742,Import,Nantes,4,linge vieux,Hollande,1.00,caisse,60.00,,,60.0000000,,,,,60.00,,absence de prix,1
173,Hasna,AD 44 C706,Local/Nantes/Nantes – Imports – 1742.csv,Local,1742,Import,Nantes,4,linge vieux,Hollande,400.00,livres,,18.00,,0.9000000,,,,,360.00,,absence de prix,1
174,Hasna,AD 44 C706,Local/Nantes/Nantes – Imports – 1742.csv,Local,1742,Import,Nantes,4,linge vieux,Hollande,1.00,livres,400.00,,,400.0000000,,,,,400.00,,absence de prix,1
175,Hasna,AD 44 C706,Local/Nantes/Nantes – Imports – 1742.csv,Local,1742,Import,Nantes,4,liens de fil,Hollande,32.00,livres,3.00,,,3.0000000,,,,,96.00,,absence de prix,1
176,Hasna,AD 44 C706,Local/Nantes/Nantes – Imports – 1742.csv,Local,1742,Import,Nantes,4,litarge,Hollande,"1,846.00",livres,,4.00,,0.2000000,,,,,369.20,,absence de prix,1
177,Hasna,AD 44 C706,Local/Nantes/Nantes – Imports – 1742.csv,Local,1742,Import,Nantes,5,limes de fer,Hollande,900.00,livres,,8.00,,0.4000000,,,,,360.00,,absence de prix,1
178,Hasna,AD 44 C706,Local/Nantes/Nantes – Imports – 1742.csv,Local,1742,Import,Nantes,5,muscade,Hollande,"1,041.00",livres,8.00,10.00,,8.5000000,,,,,"8,848.50",,absence de prix,1
179,Hasna,AD 44 C706,Local/Nantes/Nantes – Imports – 1742.csv,Local,1742,Import,Nantes,5,mouchoirs,Hollande,150.00,pieces,12.00,,,12.0000000,,,,,"1,800.00",,absence de prix,1
180,Hasna,AD 44 C706,Local/Nantes/Nantes – Imports – 1742.csv,Local,1742,Import,Nantes,5,mercerie,Hollande,"1,558.00",livres,2.00,,,2.0000000,,,,,"3,116.00",,absence de prix,1
181,Hasna,AD 44 C706,Local/Nantes/Nantes – Imports – 1742.csv,Local,1742,Import,Nantes,5,miroirs petits,Hollande,25.00,douzaines,6.00,,,6.0000000,,,,,150.00,,absence de prix,1
182,Hasna,AD 44 C706,Local/Nantes/Nantes – Imports – 1742.csv,Local,1742,Import,Nantes,5,metal de cloche,Hollande,560.00,livres,,26.00,,1.3000000,,,,,728.00,,absence de prix,1
183,Hasna,AD 44 C706,Local/Nantes/Nantes – Imports – 1742.csv,Local,1742,Import,Nantes,5,mine de plomb,Hollande,"26,125.00",livres,0.16,,,0.1600000,,,,,"4,180.00",,absence de prix,1
184,Hasna,AD 44 C706,Local/Nantes/Nantes – Imports – 1742.csv,Local,1742,Import,Nantes,5,moulins à caffé,Hollande,497.00,nombre,5.00,,,5.0000000,,,,,"2,485.00",,absence de prix,1
185,Hasna,AD 44 C706,Local/Nantes/Nantes – Imports – 1742.csv,Local,1742,Import,Nantes,5,marbre à joüer,Hollande,"1,100.00",livres,,4.00,,0.2000000,,,,,220.00,,absence de prix,1
186,Hasna,AD 44 C706,Local/Nantes/Nantes – Imports – 1742.csv,Local,1742,Import,Nantes,5,mairain à pipes,Hollande,"12,080.00",doüelles,0.25,,,0.2500000,,,,,"3,020.00",,absence de prix,1
187,Hasna,AD 44 C706,Local/Nantes/Nantes – Imports – 1742.csv,Local,1742,Import,Nantes,5,mairain à bariques,Hollande,"1,200.00",douelles,0.11,,,0.1100000,,,,,132.00,,absence de prix,1
188,Hasna,AD 44 C706,Local/Nantes/Nantes – Imports – 1742.csv,Local,1742,Import,Nantes,5,mature de vaisseau,Hollande,1.00,livres,1200.00,,,"1,200.0000000",,,,,"1,200.00",,absence de prix,1
189,Hasna,AD 44 C706,Local/Nantes/Nantes – Imports – 1742.csv,Local,1742,Import,Nantes,5,matreaux,Hollande,62.00,nombre,50.00,,,50.0000000,,,,,"3,100.00",,absence de prix,1
190,Hasna,AD 44 C706,Local/Nantes/Nantes – Imports – 1742.csv,Local,1742,Import,Nantes,5,mats et matreaux,Hollande,1.00,65 pieds,110.00,,,110.0000000,,,,,110.00,,absence de prix,1
191,Hasna,AD 44 C706,Local/Nantes/Nantes – Imports – 1742.csv,Local,1742,Import,Nantes,5,mats et matreaux,Hollande,25.00,64 pieds,100.00,,,100.0000000,,,,,"2,500.00",,absence de prix,1
192,Hasna,AD 44 C706,Local/Nantes/Nantes – Imports – 1742.csv,Local,1742,Import,Nantes,5,mats et matreaux,Hollande,5.00,50 à 60 pieds,75.00,,,75.0000000,,,,,375.00,,absence de prix,1
193,Hasna,AD 44 C706,Local/Nantes/Nantes – Imports – 1742.csv,Local,1742,Import,Nantes,5,mats et matreaux,Hollande,2.00,52 à 53 pieds,50.00,,,50.0000000,,,,,100.00,,absence de prix,1
194,Hasna,AD 44 C706,Local/Nantes/Nantes – Imports – 1742.csv,Local,1742,Import,Nantes,5,mats et matreaux,Hollande,3.00,46 à 53 pieds,50.00,,,50.0000000,,,,,150.00,,absence de prix,1
195,Hasna,AD 44 C706,Local/Nantes/Nantes – Imports – 1742.csv,Local,1742,Import,Nantes,5,mats et matreaux,Hollande,5.00,32 à 42 pieds,24.00,,,24.0000000,,,,,120.00,,absence de prix,1
196,Hasna,AD 44 C706,Local/Nantes/Nantes – Imports – 1742.csv,Local,1742,Import,Nantes,5,mats et matreaux,Hollande,30.00,30 à 35 pieds,18.00,,,18.0000000,,,,,540.00,,absence de prix,1
197,Hasna,AD 44 C706,Local/Nantes/Nantes – Imports – 1742.csv,Local,1742,Import,Nantes,5,mats et matreaux,Hollande,1.00,23 pieds,6.00,,,6.0000000,,,,,6.00,,absence de prix,1
198,Hasna,AD 44 C706,Local/Nantes/Nantes – Imports – 1742.csv,Local,1742,Import,Nantes,5,mats et matreaux,Hollande,3.00,16 à 23 pieds,5.00,,,5.0000000,,,,,15.00,,absence de prix,1
199,Hasna,AD 44 C706,Local/Nantes/Nantes – Imports – 1742.csv,Local,1742,Import,Nantes,5,mats et matreaux,Hollande,30.00,17 pieds,4.00,10.00,,4.5000000,,,,,135.00,,absence de prix,1
200,Hasna,AD 44 C706,Local/Nantes/Nantes – Imports – 1742.csv,Local,1742,Import,Nantes,5,mats et matreaux,Hollande,69.00,assortis,50.00,,,50.0000000,,,,,"3,450.00",,absence de prix,1
201,Hasna,AD 44 C706,Local/Nantes/Nantes – Imports – 1742.csv,Local,1742,Import,Nantes,5,necanias,Hollande,"2,288.00",pieces,18.00,,,18.0000000,,,,,"41,184.00",,absence de prix,1
202,Hasna,AD 44 C706,Local/Nantes/Nantes – Imports – 1742.csv,Local,1742,Import,Nantes,5,necanias petite,Hollande,200.00,pieces,10.00,,,10.0000000,,,,,"2,000.00",,absence de prix,1
203,Hasna,AD 44 C706,Local/Nantes/Nantes – Imports – 1742.csv,Local,1742,Import,Nantes,5,neganipau,Hollande,89.00,pieces,18.00,,,18.0000000,,,,,"1,602.00",,absence de prix,1
204,Hasna,AD 44 C706,Local/Nantes/Nantes – Imports – 1742.csv,Local,1742,Import,Nantes,5,nacre de perles,Hollande,14.00,livres,10.00,,,10.0000000,,,,,140.00,,absence de prix,1
205,Hasna,AD 44 C706,Local/Nantes/Nantes – Imports – 1742.csv,Local,1742,Import,Nantes,5,nattes,Hollande,100.00,pieces,,10.00,,0.5000000,,,,,50.00,,absence de prix,1
206,Hasna,AD 44 C706,Local/Nantes/Nantes – Imports – 1742.csv,Local,1742,Import,Nantes,5,orge,Hollande,234.00,tonneaux,80.00,,,80.0000000,,,,,"18,720.00",,absence de prix,1
207,Hasna,AD 44 C706,Local/Nantes/Nantes – Imports – 1742.csv,Local,1742,Import,Nantes,5,orge mondée,Hollande,"2,020.00",livres,0.30,,,0.3000000,,,,,606.00,,absence de prix,1
208,Hasna,AD 44 C706,Local/Nantes/Nantes – Imports – 1742.csv,Local,1742,Import,Nantes,5,ocre,Hollande,250.00,livres,0.06,,,0.0600000,,,,,15.00,,absence de prix,1
209,Hasna,AD 44 C706,Local/Nantes/Nantes – Imports – 1742.csv,Local,1742,Import,Nantes,5,ormes à planter,Hollande,600.00,pieds,3.00,,,3.0000000,,,,,"1,800.00",,absence de prix,1
210,Hasna,AD 44 C706,Local/Nantes/Nantes – Imports – 1742.csv,Local,1742,Import,Nantes,5,poivre,Hollande,"35,639.00",livres,1.00,10.00,,1.5000000,,,,,"53,458.50",,absence de prix,1
211,Hasna,AD 44 C706,Local/Nantes/Nantes – Imports – 1742.csv,Local,1742,Import,Nantes,5,piment,Hollande,600.00,livres,,12.00,,0.6000000,,,,,360.00,,absence de prix,1
212,Hasna,AD 44 C706,Local/Nantes/Nantes – Imports – 1742.csv,Local,1742,Import,Nantes,5,poix de bourgogne,Hollande,"4,625.00",livres,0.20,,,0.2000000,,,,,925.00,,absence de prix,1
213,Hasna,AD 44 C706,Local/Nantes/Nantes – Imports – 1742.csv,Local,1742,Import,Nantes,5,poudre à tirer,Hollande,"65,450.00",livres,,14.00,,0.7000000,,,,,"45,815.00",,absence de prix,1
214,Hasna,AD 44 C706,Local/Nantes/Nantes – Imports – 1742.csv,Local,1742,Import,Nantes,5,peinture commune,Hollande,175.00,livres,,10.00,,0.5000000,,,,,87.50,,absence de prix,1
215,Hasna,AD 44 C706,Local/Nantes/Nantes – Imports – 1742.csv,Local,1742,Import,Nantes,5,patenelle,Hollande,100.00,pieces,40.00,,,40.0000000,,,,,"4,000.00",,absence de prix,1
216,Hasna,AD 44 C706,Local/Nantes/Nantes – Imports – 1742.csv,Local,1742,Import,Nantes,5,plumes à ecrire,Hollande,24.00,milliers,0.04,,,0.0350000,,,,,0.84,,absence de prix,1
217,Hasna,AD 44 C706,Local/Nantes/Nantes – Imports – 1742.csv,Local,1742,Import,Nantes,5,plume à lit,Hollande,185.00,livres,1.00,,,1.0000000,,,,,185.00,,absence de prix,1
218,Hasna,AD 44 C706,Local/Nantes/Nantes – Imports – 1742.csv,Local,1742,Import,Nantes,5,papier,Hollande,207.00,rames,20.00,,,20.0000000,,,,,"4,140.00",,absence de prix,1
219,Hasna,AD 44 C706,Local/Nantes/Nantes – Imports – 1742.csv,Local,1742,Import,Nantes,5,peaux de chat putois,Hollande,100.00,peaux,,16.00,,0.8000000,,,,,80.00,,absence de prix,1
220,Hasna,AD 44 C706,Local/Nantes/Nantes – Imports – 1742.csv,Local,1742,Import,Nantes,5,peaux de petit gris,Hollande,300.00,nombre,1.00,12.00,,1.6000000,,,,,480.00,,absence de prix,1
221,Hasna,AD 44 C706,Local/Nantes/Nantes – Imports – 1742.csv,Local,1742,Import,Nantes,5,piastres,Hollande,"30,744.00",marcs 7 onces,44.00,,,44.0000000,,,,,"1,352,736.00",,absence de prix,1
222,Hasna,AD 44 C706,Local/Nantes/Nantes – Imports – 1742.csv,Local,1742,Import,Nantes,5,pataques,Hollande,"15,000.00",livres,2.00,8.00,,2.4000000,,,,,"36,000.00",,absence de prix,1
223,Hasna,AD 44 C706,Local/Nantes/Nantes – Imports – 1742.csv,Local,1742,Import,Nantes,5,potin,Hollande,"6,075.00",livres,,15.00,,0.7500000,,,,,"4,556.25",,absence de prix,1
224,Hasna,AD 44 C706,Local/Nantes/Nantes – Imports – 1742.csv,Local,1742,Import,Nantes,5,pompes à incendie,Hollande,1.00,nombre,400.00,,,400.0000000,,,,,400.00,,absence de prix,1
225,Hasna,AD 44 C706,Local/Nantes/Nantes – Imports – 1742.csv,Local,1742,Import,Nantes,5,pinceaux,Hollande,66.00,livres,,15.00,,0.7500000,,,,,49.50,,absence de prix,1
226,Hasna,AD 44 C706,Local/Nantes/Nantes – Imports – 1742.csv,Local,1742,Import,Nantes,5,peaux de lapin,Hollande,30.00,nombre,,3.00,,0.1500000,,,,,4.50,,absence de prix,1
227,Hasna,AD 44 C706,Local/Nantes/Nantes – Imports – 1742.csv,Local,1742,Import,Nantes,6,pipes à fumer,Hollande,"5,341.00",grosses,2.00,5.00,,2.2500000,,,,,"12,017.25",,absence de prix,1
228,Hasna,AD 44 C706,Local/Nantes/Nantes – Imports – 1742.csv,Local,1742,Import,Nantes,6,pierres à fusils,Hollande,8.00,milliers,0.00,,,0.0040000,,,,,0.03,,absence de prix,1
229,Hasna,AD 44 C706,Local/Nantes/Nantes – Imports – 1742.csv,Local,1742,Import,Nantes,6,poisles à frire,Hollande,"3,556.00",nombre,1.00,12.00,,1.6000000,,,,,"5,689.60",,absence de prix,1
230,Hasna,AD 44 C706,Local/Nantes/Nantes – Imports – 1742.csv,Local,1742,Import,Nantes,6,poisles à frire,Hollande,"1,930.00",livres,0.30,,,0.3000000,,,,,579.00,,absence de prix,1
231,Hasna,AD 44 C706,Local/Nantes/Nantes – Imports – 1742.csv,Local,1742,Import,Nantes,6,pattes d'ancres,Hollande,"2,625.00",livres,0.12,,,0.1200000,,,,,315.00,,absence de prix,1
232,Hasna,AD 44 C706,Local/Nantes/Nantes – Imports – 1742.csv,Local,1742,Import,Nantes,6,planches de chesne,Hollande,133.00,12 pieds,3.00,,,3.0000000,,,,,399.00,,absence de prix,1
233,Hasna,AD 44 C706,Local/Nantes/Nantes – Imports – 1742.csv,Local,1742,Import,Nantes,6,planches de chesne,Hollande,90.00,10 pieds,2.00,10.00,,2.5000000,,,,,225.00,,absence de prix,1
234,Hasna,AD 44 C706,Local/Nantes/Nantes – Imports – 1742.csv,Local,1742,Import,Nantes,6,planches de chesne,Hollande,400.00,9 pieds,2.00,5.00,,2.2500000,,,,,900.00,,absence de prix,1
235,Hasna,AD 44 C706,Local/Nantes/Nantes – Imports – 1742.csv,Local,1742,Import,Nantes,6,planches de chesne,Hollande,360.00,8 pieds,2.00,,,2.0000000,,,,,720.00,,absence de prix,1
236,Hasna,AD 44 C706,Local/Nantes/Nantes – Imports – 1742.csv,Local,1742,Import,Nantes,6,planches de chesne,Hollande,387.00,diverses,2.00,5.00,,2.2500000,,,,,870.75,,absence de prix,1
237,Hasna,AD 44 C706,Local/Nantes/Nantes – Imports – 1742.csv,Local,1742,Import,Nantes,6,planches de sapin,Hollande,208.00,30 pieds,4.00,10.00,,4.5000000,,,,,936.00,,absence de prix,1
238,Hasna,AD 44 C706,Local/Nantes/Nantes – Imports – 1742.csv,Local,1742,Import,Nantes,6,planches de sapin,Hollande,"2,286.00",27 pieds,4.00,,,4.0000000,,,,,"9,144.00",,absence de prix,1
239,Hasna,AD 44 C706,Local/Nantes/Nantes – Imports – 1742.csv,Local,1742,Import,Nantes,6,planches de sapin,Hollande,182.00,21 pieds,3.00,,,3.0000000,,,,,546.00,,absence de prix,1
240,Hasna,AD 44 C706,Local/Nantes/Nantes – Imports – 1742.csv,Local,1742,Import,Nantes,6,planches de sapin,Hollande,"3,210.00",12 pieds,1.00,,,1.0000000,,,,,"3,210.00",,absence de prix,1
241,Hasna,AD 44 C706,Local/Nantes/Nantes – Imports – 1742.csv,Local,1742,Import,Nantes,6,planches de sapin,Hollande,240.00,11 peids,,17.00,,0.8500000,,,,,204.00,,absence de prix,1
242,Hasna,AD 44 C706,Local/Nantes/Nantes – Imports – 1742.csv,Local,1742,Import,Nantes,6,planches de sapin,Hollande,"30,339.00",10 pieds,,16.00,,0.8000000,,,,,"24,271.20",,absence de prix,1
243,Hasna,AD 44 C706,Local/Nantes/Nantes – Imports – 1742.csv,Local,1742,Import,Nantes,6,planches de sapin,Hollande,"8,013.00",8 à 9 pieds,,14.00,,0.7000000,,,,,"5,609.10",,absence de prix,1
244,Hasna,AD 44 C706,Local/Nantes/Nantes – Imports – 1742.csv,Local,1742,Import,Nantes,6,planches de sapin,Hollande,"6,066.00",communes,,10.00,,0.5000000,,,,,"3,033.00",,absence de prix,1
245,Hasna,AD 44 C706,Local/Nantes/Nantes – Imports – 1742.csv,Local,1742,Import,Nantes,6,planches de sapin,Hollande,"2,738.00",diverses,,8.00,,0.4000000,,,,,"1,095.20",,absence de prix,1
246,Hasna,AD 44 C706,Local/Nantes/Nantes – Imports – 1742.csv,Local,1742,Import,Nantes,6,planches de sapin,Hollande,20.00,bouts de planches,,4.00,,0.2000000,,,,,4.00,,absence de prix,1
247,Hasna,AD 44 C706,Local/Nantes/Nantes – Imports – 1742.csv,Local,1742,Import,Nantes,6,quincaille de fer,Hollande,"5,533.00",livres,1.00,10.00,,1.5000000,,,,,"8,299.50",,absence de prix,1
248,Hasna,AD 44 C706,Local/Nantes/Nantes – Imports – 1742.csv,Local,1742,Import,Nantes,6,raves de morue,Hollande,24.00,bariques,40.00,,,40.0000000,,,,,960.00,,absence de prix,1
249,Hasna,AD 44 C706,Local/Nantes/Nantes – Imports – 1742.csv,Local,1742,Import,Nantes,6,raves de morue,Hollande,703.00,barils,20.00,,,20.0000000,,,,,"14,060.00",,absence de prix,1
250,Hasna,AD 44 C706,Local/Nantes/Nantes – Imports – 1742.csv,Local,1742,Import,Nantes,6,ris,Hollande,25.00,barils,30.00,,,30.0000000,,,,,750.00,,absence de prix,1
251,Hasna,AD 44 C706,Local/Nantes/Nantes – Imports – 1742.csv,Local,1742,Import,Nantes,6,ris,Hollande,"1,658.00",livres,,4.00,,0.2000000,,,,,331.60,,absence de prix,1
252,Hasna,AD 44 C706,Local/Nantes/Nantes – Imports – 1742.csv,Local,1742,Import,Nantes,6,rassade,Hollande,"4,025.00",livres,,10.00,,0.5000000,,,,,"2,012.50",,absence de prix,1
253,Hasna,AD 44 C706,Local/Nantes/Nantes – Imports – 1742.csv,Local,1742,Import,Nantes,6,ruban de fil,Hollande,124.00,livres,2.00,5.00,,2.2500000,,,,,279.00,,absence de prix,1
254,Hasna,AD 44 C706,Local/Nantes/Nantes – Imports – 1742.csv,Local,1742,Import,Nantes,6,saumon salé,Hollande,4.00,tierçons,70.00,,,70.0000000,,,,,280.00,,absence de prix,1
255,Hasna,AD 44 C706,Local/Nantes/Nantes – Imports – 1742.csv,Local,1742,Import,Nantes,6,stocfiche,Hollande,"2,125.00",livres,,3.00,,0.1500000,,,,,318.75,,absence de prix,1
256,Hasna,AD 44 C706,Local/Nantes/Nantes – Imports – 1742.csv,Local,1742,Import,Nantes,6,sublimé,Hollande,30.00,livres,5.00,,,5.0000000,,,,,150.00,,absence de prix,1
257,Hasna,AD 44 C706,Local/Nantes/Nantes – Imports – 1742.csv,Local,1742,Import,Nantes,6,sumac,Hollande,"1,400.00",livres,0.06,,,0.0600000,,,,,84.00,,absence de prix,1
258,Hasna,AD 44 C706,Local/Nantes/Nantes – Imports – 1742.csv,Local,1742,Import,Nantes,6,sperma ceti,Hollande,64.00,livres,4.00,5.00,,4.2500000,,,,,272.00,,absence de prix,1
259,Hasna,AD 44 C706,Local/Nantes/Nantes – Imports – 1742.csv,Local,1742,Import,Nantes,6,sang de dragon,Hollande,10.00,livres,3.00,,,3.0000000,,,,,30.00,,absence de prix,1
260,Hasna,AD 44 C706,Local/Nantes/Nantes – Imports – 1742.csv,Local,1742,Import,Nantes,6,savon,Hollande,"9,375.00",livres,45.00,,,45.0000000,,,,,"421,875.00",,absence de prix,1
261,Hasna,AD 44 C706,Local/Nantes/Nantes – Imports – 1742.csv,Local,1742,Import,Nantes,6,souffre,Hollande,"11,675.00",livres,13.00,,,13.0000000,,,,,"151,775.00",,absence de prix,1
262,Hasna,AD 44 C706,Local/Nantes/Nantes – Imports – 1742.csv,Local,1742,Import,Nantes,6,salempouris bleu,Hollande,80.00,pieces,15.00,,,15.0000000,,,,,"1,200.00",,absence de prix,1
263,Hasna,AD 44 C706,Local/Nantes/Nantes – Imports – 1742.csv,Local,1742,Import,Nantes,6,salempouris blanc,Hollande,79.00,pieces,17.00,,,17.0000000,,,,,"1,343.00",,absence de prix,1
264,Hasna,AD 44 C706,Local/Nantes/Nantes – Imports – 1742.csv,Local,1742,Import,Nantes,6,scies,Hollande,225.00,livres,1.00,,,1.0000000,,,,,225.00,,absence de prix,1
265,Hasna,AD 44 C706,Local/Nantes/Nantes – Imports – 1742.csv,Local,1742,Import,Nantes,6,tabac de virginie,Hollande,"1,173.00",livres,,7.00,,0.3500000,,,,,410.55,,absence de prix,1
266,Hasna,AD 44 C706,Local/Nantes/Nantes – Imports – 1742.csv,Local,1742,Import,Nantes,6,tabac filé,Hollande,"1,496.00",livres,,8.00,,0.4000000,,,,,598.40,,absence de prix,1
267,Hasna,AD 44 C706,Local/Nantes/Nantes – Imports – 1742.csv,Local,1742,Import,Nantes,6,tabac du brezil,Hollande,357.00,livres,,10.00,,0.5000000,,,,,178.50,,absence de prix,1
268,Hasna,AD 44 C706,Local/Nantes/Nantes – Imports – 1742.csv,Local,1742,Import,Nantes,6,tabac en feuilles,Hollande,40.00,livres,,6.00,3,0.3125000,,,,,12.50,,absence de prix,1
269,Hasna,AD 44 C706,Local/Nantes/Nantes – Imports – 1742.csv,Local,1742,Import,Nantes,6,tournesol,Hollande,"3,000.00",livres,,,1,0.0041667,,,,,12.50,,absence de prix,1
270,Hasna,AD 44 C706,Local/Nantes/Nantes – Imports – 1742.csv,Local,1742,Import,Nantes,6,tapsel,Hollande,"2,591.00",pieces,18.00,,,18.0000000,,,,,"46,638.00",,absence de prix,1
271,Hasna,AD 44 C706,Local/Nantes/Nantes – Imports – 1742.csv,Local,1742,Import,Nantes,6,toile peinte,Hollande,600.00,pieces,18.00,,,18.0000000,,,,,"10,800.00",,absence de prix,1
272,Hasna,AD 44 C706,Local/Nantes/Nantes – Imports – 1742.csv,Local,1742,Import,Nantes,6,toile bleu,Hollande,"1,067.00",pieds,18.00,,,18.0000000,,,,,"19,206.00",,absence de prix,1
273,Hasna,AD 44 C706,Local/Nantes/Nantes – Imports – 1742.csv,Local,1742,Import,Nantes,6,toile couty pour lit,Hollande,"1,031.00",aunes,2.00,10.00,,2.5000000,,,,,"2,577.50",,absence de prix,1
274,Hasna,AD 44 C706,Local/Nantes/Nantes – Imports – 1742.csv,Local,1742,Import,Nantes,6,tambours de fer,Hollande,"19,625.00",livres,15.00,,,15.0000000,,,,,"294,375.00",,absence de prix,1
275,Hasna,AD 44 C706,Local/Nantes/Nantes – Imports – 1742.csv,Local,1742,Import,Nantes,6,terre d'ombre,Hollande,"1,000.00",livres,0.25,,,0.2500000,,,,,250.00,,absence de prix,1
276,Hasna,AD 44 C706,Local/Nantes/Nantes – Imports – 1742.csv,Local,1742,Import,Nantes,7,toile platille,Hollande,"3,350.00",pieces,4.00,15.00,,4.7500000,,,,,"15,912.50",,absence de prix,1
277,Hasna,AD 44 C706,Local/Nantes/Nantes – Imports – 1742.csv,Local,1742,Import,Nantes,7,vin d'Espagne,Hollande,9.00,bariques,200.00,,,200.0000000,,,,,"1,800.00",,absence de prix,1
278,Hasna,AD 44 C706,Local/Nantes/Nantes – Imports – 1742.csv,Local,1742,Import,Nantes,7,vin de malaga,Hollande,2.00,bariques,200.00,,,200.0000000,,,,,400.00,,absence de prix,1
279,Hasna,AD 44 C706,Local/Nantes/Nantes – Imports – 1742.csv,Local,1742,Import,Nantes,7,vin de cherés,Hollande,26.00,pipes,180.00,,,180.0000000,,,,,"4,680.00",,absence de prix,1
280,Hasna,AD 44 C706,Local/Nantes/Nantes – Imports – 1742.csv,Local,1742,Import,Nantes,7,vin de champagne,Hollande,600.00,bouteilles,2.00,10.00,,2.5000000,,,,,"1,500.00",,absence de prix,1
281,Hasna,AD 44 C706,Local/Nantes/Nantes – Imports – 1742.csv,Local,1742,Import,Nantes,7,vin de provence,Hollande,3.00,bariques,70.00,,,70.0000000,,,,,210.00,,absence de prix,1
282,Hasna,AD 44 C706,Local/Nantes/Nantes – Imports – 1742.csv,Local,1742,Import,Nantes,7,vermillon,Hollande,48.00,livres,5.00,,,5.0000000,,,,,240.00,,absence de prix,1
283,Hasna,AD 44 C706,Local/Nantes/Nantes – Imports – 1742.csv,Local,1742,Import,Nantes,7,verres cristalin,Hollande,30.00,livres,2.00,,,2.0000000,,,,,60.00,,absence de prix,1
284,Hasna,AD 44 C706,Local/Nantes/Nantes – Imports – 1742.csv,Local,1742,Import,Nantes,7,verres communs à boire,Hollande,"1,235.00",livres,1.00,,,1.0000000,,,,,"1,235.00",,absence de prix,1
285,Hasna,AD 44 C706,Local/Nantes/Nantes – Imports – 1742.csv,Local,1742,Import,Nantes,7,verroteries diverses,Hollande,"42,418.00",livres,1.00,,,1.0000000,,,,,"42,418.00",,absence de prix,1
286,Hasna,AD 44 C706,Local/Nantes/Nantes – Imports – 1742.csv,Local,1742,Import,Nantes,7,vergues,Hollande,10.00,52 pieds,40.00,,,40.0000000,,,,,400.00,,absence de prix,1
287,Hasna,AD 44 C706,Local/Nantes/Nantes – Imports – 1742.csv,Local,1742,Import,Nantes,7,vergues,Hollande,2.00,40 à 46 pieds,35.00,,,35.0000000,,,,,70.00,,absence de prix,1
288,Hasna,AD 44 C706,Local/Nantes/Nantes – Imports – 1742.csv,Local,1742,Import,Nantes,7,vergues,Hollande,2.00,30 à 40 pieds,25.00,,,25.0000000,,,,,50.00,,absence de prix,1
289,Hasna,AD 44 C706,Local/Nantes/Nantes – Imports – 1742.csv,Local,1742,Import,Nantes,7,vergues,Hollande,12.00,22 pieds,15.00,,,15.0000000,,,,,180.00,,absence de prix,1
290,Hasna,AD 44 C706,Local/Nantes/Nantes – Imports – 1742.csv,Local,1742,Import,Nantes,7,avoine,Nord,431.00,tonneaux,70.00,,,70.0000000,,,,,"30,170.00",,absence de prix,1
291,Hasna,AD 44 C706,Local/Nantes/Nantes – Imports – 1742.csv,Local,1742,Import,Nantes,7,amidon,Nord,"123,307.00",livres,,4.00,,0.2000000,,,,,"24,661.40",,absence de prix,1
292,Hasna,AD 44 C706,Local/Nantes/Nantes – Imports – 1742.csv,Local,1742,Import,Nantes,7,azur commun,Nord,"48,155.00",livres,0.60,,,0.6000000,,,,,"28,893.00",,absence de prix,1
293,Hasna,AD 44 C706,Local/Nantes/Nantes – Imports – 1742.csv,Local,1742,Import,Nantes,7,alun,Nord,"10,725.00",livres,0.22,0.10,,0.2250000,,,,,"2,413.13",,absence de prix,1
294,Hasna,AD 44 C706,Local/Nantes/Nantes – Imports – 1742.csv,Local,1742,Import,Nantes,7,arcenic,Nord,"4,190.00",livres,0.25,,,0.2500000,,,,,"1,047.50",,absence de prix,1
295,Hasna,AD 44 C706,Local/Nantes/Nantes – Imports – 1742.csv,Local,1742,Import,Nantes,7,acier,Nord,15.00,barils,24.00,,,24.0000000,,,,,360.00,,absence de prix,1
296,Hasna,AD 44 C706,Local/Nantes/Nantes – Imports – 1742.csv,Local,1742,Import,Nantes,7,acier,Nord,"3,150.00",livres,0.24,,,0.2400000,,,,,756.00,,absence de prix,1
297,Hasna,AD 44 C706,Local/Nantes/Nantes – Imports – 1742.csv,Local,1742,Import,Nantes,7,bled froment,Nord,42.00,tonneaux,120.00,,,120.0000000,,,,,"5,040.00",,absence de prix,1
298,Hasna,AD 44 C706,Local/Nantes/Nantes – Imports – 1742.csv,Local,1742,Import,Nantes,7,bled froment,Nord,628.00,tonneaux,120.00,,,120.0000000,,,,,"75,360.00",,absence de prix,1
299,Hasna,AD 44 C706,Local/Nantes/Nantes – Imports – 1742.csv,Local,1742,Import,Nantes,7,bled froment,Nord,29.00,boisseaux,,15.00,,0.7500000,,,,,21.75,,absence de prix,1
300,Hasna,AD 44 C706,Local/Nantes/Nantes – Imports – 1742.csv,Local,1742,Import,Nantes,7,beuf salé,Nord,697.00,barils,35.00,,,35.0000000,,,,,"24,395.00",,absence de prix,1
301,Hasna,AD 44 C706,Local/Nantes/Nantes – Imports – 1742.csv,Local,1742,Import,Nantes,7,beuf fumé,Nord,"2,401.00",livres,0.30,,,0.3000000,,,,,720.30,,absence de prix,1
302,Hasna,AD 44 C706,Local/Nantes/Nantes – Imports – 1742.csv,Local,1742,Import,Nantes,7,beurre,Nord,"4,315.00",livres,0.40,,,0.4000000,,,,,"1,726.00",,absence de prix,1
303,Hasna,AD 44 C706,Local/Nantes/Nantes – Imports – 1742.csv,Local,1742,Import,Nantes,7,bassins de cuivre jaune,Nord,"1,028.00",livres,1.00,5.00,,1.2500000,,,,,"1,285.00",,absence de prix,1
304,Hasna,AD 44 C706,Local/Nantes/Nantes – Imports – 1742.csv,Local,1742,Import,Nantes,7,bois de construction,Nord,139.00,pieces,5.00,,,5.0000000,,,,,695.00,,absence de prix,1
305,Hasna,AD 44 C706,Local/Nantes/Nantes – Imports – 1742.csv,Local,1742,Import,Nantes,7,bordages de chesne,Nord,"1,196.00",nombre,3.00,,,3.0000000,,,,,"3,588.00",,absence de prix,1
306,Hasna,AD 44 C706,Local/Nantes/Nantes – Imports – 1742.csv,Local,1742,Import,Nantes,7,bourdilles,Nord,"1,080.00",pieces,2.00,,,2.0000000,,,,,"2,160.00",,absence de prix,1
307,Hasna,AD 44 C706,Local/Nantes/Nantes – Imports – 1742.csv,Local,1742,Import,Nantes,7,boudrillons,Nord,"3,720.00",pieces,1.00,,,1.0000000,,,,,"3,720.00",,absence de prix,1
308,Hasna,AD 44 C706,Local/Nantes/Nantes – Imports – 1742.csv,Local,1742,Import,Nantes,7,couperose verte,Nord,"73,475.00",livres,0.08,,,0.0800000,,,,,"5,878.00",,absence de prix,1
309,Hasna,AD 44 C706,Local/Nantes/Nantes – Imports – 1742.csv,Local,1742,Import,Nantes,7,cire jaune,Nord,"7,313.00",livres,1.00,10.00,,1.5000000,,,,,"10,969.50",,absence de prix,1
310,Hasna,AD 44 C706,Local/Nantes/Nantes – Imports – 1742.csv,Local,1742,Import,Nantes,7,cabillau,Nord,"1,440.00",livres,0.06,,,0.0600000,,,,,86.40,,absence de prix,1
311,Hasna,AD 44 C706,Local/Nantes/Nantes – Imports – 1742.csv,Local,1742,Import,Nantes,7,chanvre cru,Nord,"42,350.00",livres,0.28,,,0.2800000,,,,,"11,858.00",,absence de prix,1
312,Hasna,AD 44 C706,Local/Nantes/Nantes – Imports – 1742.csv,Local,1742,Import,Nantes,7,cuir de roussy,Nord,"2,612.00",livres,1.00,15.00,,1.7500000,,,,,"4,571.00",,absence de prix,1
313,Hasna,AD 44 C706,Local/Nantes/Nantes – Imports – 1742.csv,Local,1742,Import,Nantes,7,cristaux,Nord,300.00,livres,2.00,,,2.0000000,,,,,600.00,,absence de prix,1
314,Hasna,AD 44 C706,Local/Nantes/Nantes – Imports – 1742.csv,Local,1742,Import,Nantes,7,cuivre rouge ouvré,Nord,"10,809.00",livres,1.00,15.00,,1.7500000,,,,,"18,915.75",,absence de prix,1
315,Hasna,AD 44 C706,Local/Nantes/Nantes – Imports – 1742.csv,Local,1742,Import,Nantes,7,cuivre rouge en planches,Nord,"35,164.00",livres,1.00,15.00,,1.7500000,,,,,"61,537.00",,absence de prix,1
316,Hasna,AD 44 C706,Local/Nantes/Nantes – Imports – 1742.csv,Local,1742,Import,Nantes,7,cuivre rouge brut,Nord,"11,691.00",livres,1.00,10.00,,1.5000000,,,,,"17,536.50",,absence de prix,1
317,Hasna,AD 44 C706,Local/Nantes/Nantes – Imports – 1742.csv,Local,1742,Import,Nantes,7,cuivre jaune en planches,Nord,"3,403.00",livres,1.00,5.00,,1.2500000,,,,,"4,253.75",,absence de prix,1
318,Hasna,AD 44 C706,Local/Nantes/Nantes – Imports – 1742.csv,Local,1742,Import,Nantes,7,coffre de fonte de fer,Nord,6.00,nombre,50.00,,,50.0000000,,,,,300.00,,absence de prix,1
319,Hasna,AD 44 C706,Local/Nantes/Nantes – Imports – 1742.csv,Local,1742,Import,Nantes,7,laves garnies,Nord,6.00,6 flacons,4.00,,,4.0000000,,,,,24.00,,absence de prix,1
320,Hasna,AD 44 C706,Local/Nantes/Nantes – Imports – 1742.csv,Local,1742,Import,Nantes,7,charbon de terre,Nord,299.00,bariques de 1000 livres,10.00,,,10.0000000,,,,,"2,990.00",,absence de prix,1
321,Hasna,AD 44 C706,Local/Nantes/Nantes – Imports – 1742.csv,Local,1742,Import,Nantes,8,etaim ouvré,Nord,176.00,livres,,18.00,,0.9000000,,,,,158.40,,absence de prix,1
322,Hasna,AD 44 C706,Local/Nantes/Nantes – Imports – 1742.csv,Local,1742,Import,Nantes,8,etau de fer,Nord,1.00,nombre,10.00,,,10.0000000,,,,,10.00,,absence de prix,1
323,Hasna,AD 44 C706,Local/Nantes/Nantes – Imports – 1742.csv,Local,1742,Import,Nantes,8,epars,Nord,9.00,nombre,1.00,,,1.0000000,,,,,9.00,,absence de prix,1
324,Hasna,AD 44 C706,Local/Nantes/Nantes – Imports – 1742.csv,Local,1742,Import,Nantes,8,feves,Nord,19.00,tonneaux,150.00,,,150.0000000,,,,,"2,850.00",,absence de prix,1
325,Hasna,AD 44 C706,Local/Nantes/Nantes – Imports – 1742.csv,Local,1742,Import,Nantes,8,fromage,Nord,720.00,livres,,6.00,,0.3000000,,,,,216.00,,absence de prix,1
326,Hasna,AD 44 C706,Local/Nantes/Nantes – Imports – 1742.csv,Local,1742,Import,Nantes,8,fil de laton,Nord,"1,229.00",livres,1.00,10.00,,1.5000000,,,,,"1,843.50",,absence de prix,1
327,Hasna,AD 44 C706,Local/Nantes/Nantes – Imports – 1742.csv,Local,1742,Import,Nantes,8,fer blanc,Nord,316.00,barils,100.00,,,100.0000000,,,,,"31,600.00",,absence de prix,1
328,Hasna,AD 44 C706,Local/Nantes/Nantes – Imports – 1742.csv,Local,1742,Import,Nantes,8,fer noir,Nord,33.00,barils,55.00,,,55.0000000,,,,,"1,815.00",,absence de prix,1
329,Hasna,AD 44 C706,Local/Nantes/Nantes – Imports – 1742.csv,Local,1742,Import,Nantes,8,fer en barres,Nord,"41,375.00",livres,0.14,,,0.1400000,,,,,"5,792.50",,absence de prix,1
330,Hasna,AD 44 C706,Local/Nantes/Nantes – Imports – 1742.csv,Local,1742,Import,Nantes,8,jambons,Nord,157.00,livres,,12.00,,0.6000000,,,,,94.20,,absence de prix,1
331,Hasna,AD 44 C706,Local/Nantes/Nantes – Imports – 1742.csv,Local,1742,Import,Nantes,8,indienne,Nord,510.00,pieces,18.00,,,18.0000000,,,,,"9,180.00",,absence de prix,1
332,Hasna,AD 44 C706,Local/Nantes/Nantes – Imports – 1742.csv,Local,1742,Import,Nantes,8,limeneas,Nord,224.00,pieces,18.00,,,18.0000000,,,,,"4,032.00",,absence de prix,1
333,Hasna,AD 44 C706,Local/Nantes/Nantes – Imports – 1742.csv,Local,1742,Import,Nantes,8,lin cru,Nord,"79,639.00",livres,35.00,,,35.0000000,,,,,"2,787,365.00",,absence de prix,1
334,Hasna,AD 44 C706,Local/Nantes/Nantes – Imports – 1742.csv,Local,1742,Import,Nantes,8,mouchoirs de toile rayée,Nord,69.00,douzaines,10.00,,,10.0000000,,,,,690.00,,absence de prix,1
335,Hasna,AD 44 C706,Local/Nantes/Nantes – Imports – 1742.csv,Local,1742,Import,Nantes,8,mercerie,Nord,"1,619.00",livres,2.00,,,2.0000000,,,,,"3,238.00",,absence de prix,1
336,Hasna,AD 44 C706,Local/Nantes/Nantes – Imports – 1742.csv,Local,1742,Import,Nantes,8,mine de plomb,Nord,425.00,livres,0.16,,,0.1600000,,,,,68.00,,absence de prix,1
337,Hasna,AD 44 C706,Local/Nantes/Nantes – Imports – 1742.csv,Local,1742,Import,Nantes,8,matreaux,Nord,26.00,24 pieds,6.00,,,6.0000000,,,,,156.00,,absence de prix,1
338,Hasna,AD 44 C706,Local/Nantes/Nantes – Imports – 1742.csv,Local,1742,Import,Nantes,8,mairain à pipes,Nord,"50,955.00",doüelles,0.20,,,0.2000000,,,,,"10,191.00",,absence de prix,1
339,Hasna,AD 44 C706,Local/Nantes/Nantes – Imports – 1742.csv,Local,1742,Import,Nantes,8,mairain à bariques,Nord,"9,600.00",doüelles,0.10,,,0.1000000,,,,,960.00,,absence de prix,1
340,Hasna,AD 44 C706,Local/Nantes/Nantes – Imports – 1742.csv,Local,1742,Import,Nantes,8,mairain fonçailles,Nord,"2,640.00",doüelles,0.10,,,0.1000000,,,,,264.00,,absence de prix,1
341,Hasna,AD 44 C706,Local/Nantes/Nantes – Imports – 1742.csv,Local,1742,Import,Nantes,8,noir de fumée,Nord,610.00,barillets,,4.00,,0.2000000,,,,,122.00,,absence de prix,1
342,Hasna,AD 44 C706,Local/Nantes/Nantes – Imports – 1742.csv,Local,1742,Import,Nantes,8,natte,Nord,100.00,pieces,,10.00,,0.5000000,,,,,50.00,,absence de prix,1
343,Hasna,AD 44 C706,Local/Nantes/Nantes – Imports – 1742.csv,Local,1742,Import,Nantes,8,orge,Nord,182.00,tonneaux,80.00,,,80.0000000,,,,,"14,560.00",,absence de prix,1
344,Hasna,AD 44 C706,Local/Nantes/Nantes – Imports – 1742.csv,Local,1742,Import,Nantes,8,piment,Nord,"14,839.00",livres,,12.00,,0.6000000,,,,,"8,903.40",,absence de prix,1
345,Hasna,AD 44 C706,Local/Nantes/Nantes – Imports – 1742.csv,Local,1742,Import,Nantes,8,plomb en saumon,Nord,"16,000.00",livres,0.21,,,0.2100000,,,,,"3,360.00",,absence de prix,1
346,Hasna,AD 44 C706,Local/Nantes/Nantes – Imports – 1742.csv,Local,1742,Import,Nantes,8,preceintes de chesne,Nord,333.00,nombre,15.00,,,15.0000000,,,,,"4,995.00",,absence de prix,1
347,Hasna,AD 44 C706,Local/Nantes/Nantes – Imports – 1742.csv,Local,1742,Import,Nantes,8,planches de chesne,Nord,982.00,nombre,2.00,5.00,,2.2500000,,,,,"2,209.50",,absence de prix,1
348,Hasna,AD 44 C706,Local/Nantes/Nantes – Imports – 1742.csv,Local,1742,Import,Nantes,8,planches de sapin,Nord,189.00,32 pieds,4.00,15.00,,4.7500000,,,,,897.75,,absence de prix,1
349,Hasna,AD 44 C706,Local/Nantes/Nantes – Imports – 1742.csv,Local,1742,Import,Nantes,8,planches de sapin,Nord,177.00,30 pieds,4.00,10.00,,4.5000000,,,,,796.50,,absence de prix,1
350,Hasna,AD 44 C706,Local/Nantes/Nantes – Imports – 1742.csv,Local,1742,Import,Nantes,8,planches de sapin,Nord,"2,432.00",27 pieds,4.00,,,4.0000000,,,,,"9,728.00",,absence de prix,1
351,Hasna,AD 44 C706,Local/Nantes/Nantes – Imports – 1742.csv,Local,1742,Import,Nantes,8,planches de sapin,Nord,968.00,26 pieds,3.00,15.00,,3.7500000,,,,,"3,630.00",,absence de prix,1
352,Hasna,AD 44 C706,Local/Nantes/Nantes – Imports – 1742.csv,Local,1742,Import,Nantes,8,planches de sapin,Nord,247.00,21 pieds,3.00,,,3.0000000,,,,,741.00,,absence de prix,1
353,Hasna,AD 44 C706,Local/Nantes/Nantes – Imports – 1742.csv,Local,1742,Import,Nantes,8,planches de sapin,Nord,"2,175.00",9 à 10 pieds,,16.00,,0.8000000,,,,,"1,740.00",,absence de prix,1
354,Hasna,AD 44 C706,Local/Nantes/Nantes – Imports – 1742.csv,Local,1742,Import,Nantes,8,planches de sapin,Nord,"5,112.00",7 à 8 pieds,,9.00,,0.4500000,,,,,"2,300.40",,absence de prix,1
355,Hasna,AD 44 C706,Local/Nantes/Nantes – Imports – 1742.csv,Local,1742,Import,Nantes,8,planches de sapin,Nord,"6,970.00",communes,,10.00,,0.5000000,,,,,"3,485.00",,absence de prix,1
356,Hasna,AD 44 C706,Local/Nantes/Nantes – Imports – 1742.csv,Local,1742,Import,Nantes,8,poutreaux de sapin,Nord,25.00,nombre,4.00,10.00,,4.5000000,,,,,112.50,,absence de prix,1
357,Hasna,AD 44 C706,Local/Nantes/Nantes – Imports – 1742.csv,Local,1742,Import,Nantes,8,pelles de bois,Nord,390.00,nombre,,9.00,,0.4500000,,,,,175.50,,absence de prix,1
358,Hasna,AD 44 C706,Local/Nantes/Nantes – Imports – 1742.csv,Local,1742,Import,Nantes,8,quincaille de fer,Nord,"1,750.00",livres,1.00,10.00,,1.5000000,,,,,"2,625.00",,absence de prix,1
359,Hasna,AD 44 C706,Local/Nantes/Nantes – Imports – 1742.csv,Local,1742,Import,Nantes,8,sucre rafiné,Nord,57.00,livres,0.75,,,0.7500000,,,,,42.75,,absence de prix,1
360,Hasna,AD 44 C706,Local/Nantes/Nantes – Imports – 1742.csv,Local,1742,Import,Nantes,8,suif,Nord,"6,950.00",livres,0.40,,,0.4000000,,,,,"2,780.00",,absence de prix,1
361,Hasna,AD 44 C706,Local/Nantes/Nantes – Imports – 1742.csv,Local,1742,Import,Nantes,8,toile peinte,Nord,705.00,pieces,18.00,,,18.0000000,,,,,"12,690.00",,absence de prix,1
362,Hasna,AD 44 C706,Local/Nantes/Nantes – Imports – 1742.csv,Local,1742,Import,Nantes,8,toile platille,Nord,"32,156.00",pieces,4.00,15.00,,4.7500000,,,,,"152,741.00",,absence de prix,1
363,Hasna,AD 44 C706,Local/Nantes/Nantes – Imports – 1742.csv,Local,1742,Import,Nantes,8,terre vernie,Nord,600.00,livres,0.20,,,0.2000000,,,,,120.00,,absence de prix,1
364,Hasna,AD 44 C706,Local/Nantes/Nantes – Imports – 1742.csv,Local,1742,Import,Nantes,8,vitriol,Nord,540.00,livres,0.25,,,0.2500000,,,,,135.00,,absence de prix,1
365,Hasna,AD 44 C706,Local/Nantes/Nantes – Imports – 1742.csv,Local,1742,Import,Nantes,8,verroterie ,Nord,"1,177.00",livres,1.00,,,1.0000000,,,,,"1,177.00",,absence de prix,1
366,Hasna,AD 44 C706,Local/Nantes/Nantes – Imports – 1742.csv,Local,1742,Import,Nantes,8,alun,Dannemark,"18,000.00",livres,0.22,0.10,,0.2250000,4050,,,4050.00,"4,050.00",0.00,,1
367,Hasna,AD 44 C706,Local/Nantes/Nantes – Imports – 1742.csv,Local,1742,Import,Nantes,8,anspects,Dannemark,540.00,nombre,,5.00,,0.2500000,135,,,135.00,135.00,0.00,,1
368,Hasna,AD 44 C706,Local/Nantes/Nantes – Imports – 1742.csv,Local,1742,Import,Nantes,9,avirons,Dannemark,186.00,nombre,1.00,15.00,,1.7500000,325,,,325.00,325.50,-0.50,,1
369,Hasna,AD 44 C706,Local/Nantes/Nantes – Imports – 1742.csv,Local,1742,Import,Nantes,9,bled seigle,Dannemark,200.00,tonneaux,80.00,,,80.0000000,16000,,,16000.00,"16,000.00",0.00,,1
370,Hasna,AD 44 C706,Local/Nantes/Nantes – Imports – 1742.csv,Local,1742,Import,Nantes,9,baquets de sapin,Dannemark,1.00,douzaines,10.00,,,10.0000000,10,,,10.00,10.00,0.00,,1
371,Hasna,AD 44 C706,Local/Nantes/Nantes – Imports – 1742.csv,Local,1742,Import,Nantes,9,barres d'anspects,Dannemark,6.00,douzaines,3.00,,,3.0000000,18,,,18.00,18.00,0.00,,1
372,Hasna,AD 44 C706,Local/Nantes/Nantes – Imports – 1742.csv,Local,1742,Import,Nantes,9,bordages de chesne,Dannemark,380.00,nombre,3.00,,,3.0000000,1140,,,1140.00,"1,140.00",0.00,,1
373,Hasna,AD 44 C706,Local/Nantes/Nantes – Imports – 1742.csv,Local,1742,Import,Nantes,9,bois à bruler,Dannemark,4.00,cordes,10.00,,,10.0000000,40,,,40.00,40.00,0.00,,1
374,Hasna,AD 44 C706,Local/Nantes/Nantes – Imports – 1742.csv,Local,1742,Import,Nantes,9,chanvre cru,Dannemark,"333,125.00",livres,0.28,,,0.2800000,93275,,,93275.00,"93,275.00",0.00,,1
375,Hasna,AD 44 C706,Local/Nantes/Nantes – Imports – 1742.csv,Local,1742,Import,Nantes,9,epars,Dannemark,671.00,nombre,1.00,,,1.0000000,671,,,671.00,671.00,0.00,,1
376,Hasna,AD 44 C706,Local/Nantes/Nantes – Imports – 1742.csv,Local,1742,Import,Nantes,9,fer en barres,Dannemark,"146,350.00",livres,0.14,,,0.1350000,19657,,,19657.00,"19,757.25",-100.25,erreur de calcul,1
377,Hasna,AD 44 C706,Local/Nantes/Nantes – Imports – 1742.csv,Local,1742,Import,Nantes,9,gaudron,Dannemark,553.00,barils,18.00,,,18.0000000,9954,,,9954.00,"9,954.00",0.00,,1
378,Hasna,AD 44 C706,Local/Nantes/Nantes – Imports – 1742.csv,Local,1742,Import,Nantes,9,huile de poisson,Dannemark,41.00,barils,50.00,,,50.0000000,2050,,,2050.00,"2,050.00",0.00,,1
379,Hasna,AD 44 C706,Local/Nantes/Nantes – Imports – 1742.csv,Local,1742,Import,Nantes,9,lin cru,Dannemark,180.00,livres,,7.00,,0.3500000,63,,,63.00,63.00,0.00,,1
380,Hasna,AD 44 C706,Local/Nantes/Nantes – Imports – 1742.csv,Local,1742,Import,Nantes,9,mairain à barique ,Dannemark,"3,800.00",doüelles,0.10,,,0.1000000,320,,,320.00,380.00,-60.00,erreur de calcul,1
381,Hasna,AD 44 C706,Local/Nantes/Nantes – Imports – 1742.csv,Local,1742,Import,Nantes,9,mats,Dannemark,2.00,45 pieds,100.00,,,100.0000000,200,,,200.00,200.00,0.00,,1
382,Hasna,AD 44 C706,Local/Nantes/Nantes – Imports – 1742.csv,Local,1742,Import,Nantes,9,mats,Dannemark,12.00,30 à 36 pieds,20.00,,,20.0000000,240,,,240.00,240.00,0.00,,1
383,Hasna,AD 44 C706,Local/Nantes/Nantes – Imports – 1742.csv,Local,1742,Import,Nantes,9,peinture grosse,Dannemark,"11,150.00",livres,,10.00,,0.5000000,5525,,,5525.00,"5,575.00",-50.00,erreur de calcul,1
384,Hasna,AD 44 C706,Local/Nantes/Nantes – Imports – 1742.csv,Local,1742,Import,Nantes,9,planches de sapin,Dannemark,4.00,44 à 50 pieds,7.00,,,7.0000000,28,,,28.00,28.00,0.00,,1
385,Hasna,AD 44 C706,Local/Nantes/Nantes – Imports – 1742.csv,Local,1742,Import,Nantes,9,planches de sapin,Dannemark,"6,356.00",11 pieds,,18.00,,0.9000000,5721,,,5721.00,"5,720.40",0.60,,1
386,Hasna,AD 44 C706,Local/Nantes/Nantes – Imports – 1742.csv,Local,1742,Import,Nantes,9,planches de sapin,Dannemark,"32,518.00",9 à 10 pieds,,16.00,,0.8000000,29014,,,29014.00,"26,014.40","2,999.60",prix unitaire illisible,1
387,Hasna,AD 44 C706,Local/Nantes/Nantes – Imports – 1742.csv,Local,1742,Import,Nantes,9,planches de sapin,Dannemark,"4,855.00",7 à 8 pieds,,10.00,,0.5000000,2427,,,2427.00,"2,427.50",-0.50,,1
388,Hasna,AD 44 C706,Local/Nantes/Nantes – Imports – 1742.csv,Local,1742,Import,Nantes,9,planches de sapin,Dannemark,"39,414.00",communes,,10.00,,0.5000000,19707,,,19707.00,"19,707.00",0.00,,1
389,Hasna,AD 44 C706,Local/Nantes/Nantes – Imports – 1742.csv,Local,1742,Import,Nantes,9,planches de sapin,Dannemark,"4,334.00",bouts de 4 à 5 pieds,,3.00,,0.1500000,650,,,650.00,650.10,-0.10,,1
390,Hasna,AD 44 C706,Local/Nantes/Nantes – Imports – 1742.csv,Local,1742,Import,Nantes,9,raves de stocfiche,Dannemark,869.00,barils,20.00,,,20.0000000,17380,,,17380.00,"17,380.00",0.00,,1
391,Hasna,AD 44 C706,Local/Nantes/Nantes – Imports – 1742.csv,Local,1742,Import,Nantes,9,roüets à filer,Dannemark,5.00,nombre,10.00,,,10.0000000,50,,,50.00,50.00,0.00,,1
392,Hasna,AD 44 C706,Local/Nantes/Nantes – Imports – 1742.csv,Local,1742,Import,Nantes,9,trinques de sapin petites,Dannemark,30.00,douzaines,,6.00,,0.3000000,9,,,9.00,9.00,0.00,,1
393,Hasna,AD 44 C706,Local/Nantes/Nantes – Imports – 1742.csv,Local,1742,Import,Nantes,9,acier,Suede,598.00,barils,24.00,,,24.0000000,,,,,"14,352.00",,absence de prix,1
394,Hasna,AD 44 C706,Local/Nantes/Nantes – Imports – 1742.csv,Local,1742,Import,Nantes,9,acier,Suede,"35,800.00",livres,0.24,,,0.2400000,,,,,"8,592.00",,absence de prix,1
395,Hasna,AD 44 C706,Local/Nantes/Nantes – Imports – 1742.csv,Local,1742,Import,Nantes,9,bled froment,Suede,10.00,tonneaux,120.00,,,120.0000000,,,,,"1,200.00",,absence de prix,1
396,Hasna,AD 44 C706,Local/Nantes/Nantes – Imports – 1742.csv,Local,1742,Import,Nantes,9,bled seigle,Suede,50.00,tonneaux,80.00,,,80.0000000,,,,,"4,000.00",,absence de prix,1
397,Hasna,AD 44 C706,Local/Nantes/Nantes – Imports – 1742.csv,Local,1742,Import,Nantes,9,bray gras,Suede,131.00,barils,22.00,,,22.0000000,,,,,"2,882.00",,absence de prix,1
398,Hasna,AD 44 C706,Local/Nantes/Nantes – Imports – 1742.csv,Local,1742,Import,Nantes,9,bray sec,Suede,"50,150.00",livres,0.05,,,0.0500000,,,,,"2,507.50",,absence de prix,1
399,Hasna,AD 44 C706,Local/Nantes/Nantes – Imports – 1742.csv,Local,1742,Import,Nantes,9,barres d'anspects,Suede,"5,531.00",nombre,,5.00,,0.2500000,,,,,"1,382.75",,absence de prix,1
400,Hasna,AD 44 C706,Local/Nantes/Nantes – Imports – 1742.csv,Local,1742,Import,Nantes,9,bourdillons,Suede,300.00,pieces,1.00,,,1.0000000,,,,,300.00,,absence de prix,1
401,Hasna,AD 44 C706,Local/Nantes/Nantes – Imports – 1742.csv,Local,1742,Import,Nantes,9,bois à bruler,Suede,5.00,cordes,10.00,,,10.0000000,,,,,50.00,,absence de prix,1
402,Hasna,AD 44 C706,Local/Nantes/Nantes – Imports – 1742.csv,Local,1742,Import,Nantes,9,chanvre cru,Suede,"422,250.00",livres,0.28,,,0.2800000,,,,,"118,230.00",,absence de prix,1
403,Hasna,AD 44 C706,Local/Nantes/Nantes – Imports – 1742.csv,Local,1742,Import,Nantes,9,clouds de fer,Suede,"63,650.00",livres,,5.00,,0.2500000,,,,,"15,912.50",,absence de prix,1
404,Hasna,AD 44 C706,Local/Nantes/Nantes – Imports – 1742.csv,Local,1742,Import,Nantes,9,carreaux de pierre,Suede,740.00,nombre,,5.00,,0.2500000,,,,,185.00,,absence de prix,1
405,Hasna,AD 44 C706,Local/Nantes/Nantes – Imports – 1742.csv,Local,1742,Import,Nantes,9,douelles de sapin,Suede,630.00,nombre,20.00,,,20.0000000,,,,,"12,600.00",,absence de prix,1
406,Hasna,AD 44 C706,Local/Nantes/Nantes – Imports – 1742.csv,Local,1742,Import,Nantes,9,epars de sapin,Suede,"1,402.00",nombre,1.00,,,1.0000000,,,,,"1,402.00",,absence de prix,1
407,Hasna,AD 44 C706,Local/Nantes/Nantes – Imports – 1742.csv,Local,1742,Import,Nantes,9,fil de laton,Suede,277.00,livres,1.00,10.00,,1.5000000,,,,,415.50,,absence de prix,1
408,Hasna,AD 44 C706,Local/Nantes/Nantes – Imports – 1742.csv,Local,1742,Import,Nantes,9,fer en barres,Suede,"701,200.00",livres,0.14,,,0.1400000,,,,,"98,168.00",,absence de prix,1
409,Hasna,AD 44 C706,Local/Nantes/Nantes – Imports – 1742.csv,Local,1742,Import,Nantes,9,gaudron,Suede,"1,667.00",barils,18.00,,,18.0000000,,,,,"30,006.00",,absence de prix,1
410,Hasna,AD 44 C706,Local/Nantes/Nantes – Imports – 1742.csv,Local,1742,Import,Nantes,9,gaudron,Suede,"112,200.00",livres,0.15,,,0.1500000,,,,,"16,830.00",,absence de prix,1
411,Hasna,AD 44 C706,Local/Nantes/Nantes – Imports – 1742.csv,Local,1742,Import,Nantes,9,lin cru,Suede,"111,325.00",livres,0.30,,,0.3000000,,,,,"33,397.50",,absence de prix,1
412,Hasna,AD 44 C706,Local/Nantes/Nantes – Imports – 1742.csv,Local,1742,Import,Nantes,10,mats et matereaux,Suede,82.00,45 à 70 pieds,90.00,,,90.0000000,,,,,"7,380.00",,absence de prix,1
413,Hasna,AD 44 C706,Local/Nantes/Nantes – Imports – 1742.csv,Local,1742,Import,Nantes,10,mats et matereaux,Suede,47.00,42 à 45 pieds,35.00,,,35.0000000,,,,,"1,645.00",,absence de prix,1
414,Hasna,AD 44 C706,Local/Nantes/Nantes – Imports – 1742.csv,Local,1742,Import,Nantes,10,mats et matereaux,Suede,92.00,40 à 42 pieds,26.00,,,26.0000000,,,,,"2,392.00",,absence de prix,1
415,Hasna,AD 44 C706,Local/Nantes/Nantes – Imports – 1742.csv,Local,1742,Import,Nantes,10,mats et matereaux,Suede,92.00,36 pieds,19.00,,,19.0000000,,,,,"1,748.00",,absence de prix,1
416,Hasna,AD 44 C706,Local/Nantes/Nantes – Imports – 1742.csv,Local,1742,Import,Nantes,10,mats et matereaux,Suede,60.00,30 à 40 pieds,20.00,,,20.0000000,,,,,"1,200.00",,absence de prix,1
417,Hasna,AD 44 C706,Local/Nantes/Nantes – Imports – 1742.csv,Local,1742,Import,Nantes,10,mats et matereaux,Suede,2.00,30 à 38 pieds,17.00,,,17.0000000,,,,,34.00,,absence de prix,1
418,Hasna,AD 44 C706,Local/Nantes/Nantes – Imports – 1742.csv,Local,1742,Import,Nantes,10,mats et matereaux,Suede,6.00,30 pieds,10.00,,,10.0000000,,,,,60.00,,absence de prix,1
419,Hasna,AD 44 C706,Local/Nantes/Nantes – Imports – 1742.csv,Local,1742,Import,Nantes,10,mats et matereaux,Suede,2.00,20 à 25 pieds,6.00,,,6.0000000,,,,,12.00,,absence de prix,1
420,Hasna,AD 44 C706,Local/Nantes/Nantes – Imports – 1742.csv,Local,1742,Import,Nantes,10,mats et matereaux,Suede,198.00,assortis,50.00,,,50.0000000,,,,,"9,900.00",,absence de prix,1
421,Hasna,AD 44 C706,Local/Nantes/Nantes – Imports – 1742.csv,Local,1742,Import,Nantes,10,mats et matereaux,Suede,370.00,differentes grandeures,20.00,,,20.0000000,,,,,"7,400.00",,absence de prix,1
422,Hasna,AD 44 C706,Local/Nantes/Nantes – Imports – 1742.csv,Local,1742,Import,Nantes,10,mairain à tonneaux,Suede,"1,520.00",doüelles,200.00,,,200.0000000,,,,,"304,000.00",,absence de prix,1
423,Hasna,AD 44 C706,Local/Nantes/Nantes – Imports – 1742.csv,Local,1742,Import,Nantes,10,mairain à pipes,Suede,"12,120.00",doüelles,170.00,,,170.0000000,,,,,"2,060,400.00",,absence de prix,1
424,Hasna,AD 44 C706,Local/Nantes/Nantes – Imports – 1742.csv,Local,1742,Import,Nantes,10,mairain à bariques,Suede,"9,900.00",douelles,100.00,,,100.0000000,,,,,"990,000.00",,absence de prix,1
425,Hasna,AD 44 C706,Local/Nantes/Nantes – Imports – 1742.csv,Local,1742,Import,Nantes,10,manches de gaffe,Suede,271.00,nombre,,4.00,,0.2000000,,,,,54.20,,absence de prix,1
426,Hasna,AD 44 C706,Local/Nantes/Nantes – Imports – 1742.csv,Local,1742,Import,Nantes,10,meules à eguiser,Suede,18.00,nombre,2.00,5.00,,2.2500000,,,,,40.50,,absence de prix,1
427,Hasna,AD 44 C706,Local/Nantes/Nantes – Imports – 1742.csv,Local,1742,Import,Nantes,10,planches de chesne diverses,Suede,303.00,nombre,2.00,5.00,,2.2500000,,,,,681.75,,absence de prix,1
428,Hasna,AD 44 C706,Local/Nantes/Nantes – Imports – 1742.csv,Local,1742,Import,Nantes,10,planches de sapin,Suede,60.00,36 pieds,5.00,10.00,,5.5000000,,,,,330.00,,absence de prix,1
429,Hasna,AD 44 C706,Local/Nantes/Nantes – Imports – 1742.csv,Local,1742,Import,Nantes,10,planches de sapin,Suede,9.00,24 pieds,4.00,,,4.0000000,,,,,36.00,,absence de prix,1
430,Hasna,AD 44 C706,Local/Nantes/Nantes – Imports – 1742.csv,Local,1742,Import,Nantes,10,planches de sapin,Suede,226.00,14 pieds,,22.00,,1.1000000,,,,,248.60,,absence de prix,1
431,Hasna,AD 44 C706,Local/Nantes/Nantes – Imports – 1742.csv,Local,1742,Import,Nantes,10,planches de sapin,Suede,520.00,12 pieds,1.00,,,1.0000000,,,,,520.00,,absence de prix,1
432,Hasna,AD 44 C706,Local/Nantes/Nantes – Imports – 1742.csv,Local,1742,Import,Nantes,10,planches de sapin,Suede,"2,874.00",11 à 12 pieds,,19.00,,0.9500000,,,,,"2,730.30",,absence de prix,1
433,Hasna,AD 44 C706,Local/Nantes/Nantes – Imports – 1742.csv,Local,1742,Import,Nantes,10,planches de sapin,Suede,"15,708.00",10 pieds,,18.00,,0.9000000,,,,,"14,137.20",,absence de prix,1
434,Hasna,AD 44 C706,Local/Nantes/Nantes – Imports – 1742.csv,Local,1742,Import,Nantes,10,planches de sapin,Suede,"66,010.00",9 à 10 pieds,,17.00,,0.8500000,,,,,"56,108.50",,absence de prix,1
435,Hasna,AD 44 C706,Local/Nantes/Nantes – Imports – 1742.csv,Local,1742,Import,Nantes,10,planches de sapin,Suede,"2,896.00",9 pieds,,16.00,,0.8000000,,,,,"2,316.80",,absence de prix,1
436,Hasna,AD 44 C706,Local/Nantes/Nantes – Imports – 1742.csv,Local,1742,Import,Nantes,10,planches de sapin,Suede,"3,570.00",8 à 9 pieds,,12.00,,0.6000000,,,,,"2,142.00",,absence de prix,1
437,Hasna,AD 44 C706,Local/Nantes/Nantes – Imports – 1742.csv,Local,1742,Import,Nantes,10,planches de sapin,Suede,520.00,7 pieds,,8.00,,0.4000000,,,,,208.00,,absence de prix,1
438,Hasna,AD 44 C706,Local/Nantes/Nantes – Imports – 1742.csv,Local,1742,Import,Nantes,10,planches de sapin,Suede,"5,028.00",communes,,10.00,,0.5000000,,,,,"2,514.00",,absence de prix,1
439,Hasna,AD 44 C706,Local/Nantes/Nantes – Imports – 1742.csv,Local,1742,Import,Nantes,10,planches de sapin,Suede,"9,183.00",bouts de 5 à 6 pieds,,5.00,,0.2500000,,,,,"2,295.75",,absence de prix,1
440,Hasna,AD 44 C706,Local/Nantes/Nantes – Imports – 1742.csv,Local,1742,Import,Nantes,10,verroterie,Suede,30.00,livres,1.00,,,1.0000000,,,,,30.00,,absence de prix,1
441,Hasna,AD 44 C706,Local/Nantes/Nantes – Imports – 1742.csv,Local,1742,Import,Nantes,10,amandes,Espagne,325.00,livres,0.30,,,0.3000000,,,,,97.50,,absence de prix,1
442,Hasna,AD 44 C706,Local/Nantes/Nantes – Imports – 1742.csv,Local,1742,Import,Nantes,10,anis vert,Espagne,"3,425.00",livres,0.32,,,0.3200000,,,,,"1,096.00",,absence de prix,1
443,Hasna,AD 44 C706,Local/Nantes/Nantes – Imports – 1742.csv,Local,1742,Import,Nantes,10,aloës,Espagne,425.00,livres,1.25,,,1.2500000,,,,,531.25,,absence de prix,1
444,Hasna,AD 44 C706,Local/Nantes/Nantes – Imports – 1742.csv,Local,1742,Import,Nantes,10,ancres de fer,Espagne,"53,800.00",livres,0.27,,,0.2700000,,,,,"14,526.00",,absence de prix,1
445,Hasna,AD 44 C706,Local/Nantes/Nantes – Imports – 1742.csv,Local,1742,Import,Nantes,10,avirons,Espagne,255.00,traques,4.00,10.00,,4.5000000,,,,,"1,147.50",,absence de prix,1
446,Hasna,AD 44 C706,Local/Nantes/Nantes – Imports – 1742.csv,Local,1742,Import,Nantes,10,beuf salé,Espagne,60.00,barils,30.00,,,30.0000000,,,,,"1,800.00",,absence de prix,1
447,Hasna,AD 44 C706,Local/Nantes/Nantes – Imports – 1742.csv,Local,1742,Import,Nantes,10,bois jaune,Espagne,"2,375.00",livres,0.06,,,0.0600000,,,,,142.50,,absence de prix,1
448,Hasna,AD 44 C706,Local/Nantes/Nantes – Imports – 1742.csv,Local,1742,Import,Nantes,10,bois de campêche,Espagne,"37,025.00",livres,0.15,,,0.1500000,,,,,"5,553.75",,absence de prix,1
449,Hasna,AD 44 C706,Local/Nantes/Nantes – Imports – 1742.csv,Local,1742,Import,Nantes,10,balais de jongs,Espagne,580.00,douzaines,3.00,,,3.0000000,,,,,"1,740.00",,absence de prix,1
450,Hasna,AD 44 C706,Local/Nantes/Nantes – Imports – 1742.csv,Local,1742,Import,Nantes,10,citrons,Espagne,65.00,caisses,26.00,,,26.0000000,,,,,"1,690.00",,absence de prix,1
451,Hasna,AD 44 C706,Local/Nantes/Nantes – Imports – 1742.csv,Local,1742,Import,Nantes,10,citrons,Espagne,"91,350.00",nombre,0.06,,,0.0600000,,,,,"5,481.00",,absence de prix,1
452,Hasna,AD 44 C706,Local/Nantes/Nantes – Imports – 1742.csv,Local,1742,Import,Nantes,10,chocolat,Espagne,46.00,livres,1.00,10.00,,1.5000000,,,,,69.00,,absence de prix,1
453,Hasna,AD 44 C706,Local/Nantes/Nantes – Imports – 1742.csv,Local,1742,Import,Nantes,10,choux,Espagne,6.00,bariques,5.00,,,5.0000000,,,,,30.00,,absence de prix,1
454,Hasna,AD 44 C706,Local/Nantes/Nantes – Imports – 1742.csv,Local,1742,Import,Nantes,10,ecorce de citrons,Espagne,36.00,livres,1.00,10.00,,1.5000000,,,,,54.00,,absence de prix,1
455,Hasna,AD 44 C706,Local/Nantes/Nantes – Imports – 1742.csv,Local,1742,Import,Nantes,10,figues,Espagne,"28,366.00",livres,0.17,,,0.1700000,,,,,"4,822.22",,absence de prix,1
456,Hasna,AD 44 C706,Local/Nantes/Nantes – Imports – 1742.csv,Local,1742,Import,Nantes,10,fer en feüillards,Espagne,"10,325.00",livres,0.15,,,0.1500000,,,,,"1,548.75",,absence de prix,1
457,Hasna,AD 44 C706,Local/Nantes/Nantes – Imports – 1742.csv,Local,1742,Import,Nantes,10,fer en barres,Espagne,"1,341,375.00",livres,0.12,,,0.1200000,,,,,"160,965.00",,absence de prix,1
458,Hasna,AD 44 C706,Local/Nantes/Nantes – Imports – 1742.csv,Local,1742,Import,Nantes,11,gaudron,Espagne,237.00,barils,18.00,,,18.0000000,,,,,"4,266.00",,absence de prix,1
459,Hasna,AD 44 C706,Local/Nantes/Nantes – Imports – 1742.csv,Local,1742,Import,Nantes,11,huile d'olive,Espagne,"23,027.00",livres,0.70,,,0.7000000,,,,,"16,118.90",,absence de prix,1
460,Hasna,AD 44 C706,Local/Nantes/Nantes – Imports – 1742.csv,Local,1742,Import,Nantes,11,jambons,Espagne,"1,552.00",livres,,12.00,,0.6000000,,,,,931.20,,absence de prix,1
461,Hasna,AD 44 C706,Local/Nantes/Nantes – Imports – 1742.csv,Local,1742,Import,Nantes,11,laine d'Espagne,Espagne,"128,557.00",livres,1.00,,,1.0000000,,,,,"128,557.00",,absence de prix,1
462,Hasna,AD 44 C706,Local/Nantes/Nantes – Imports – 1742.csv,Local,1742,Import,Nantes,11,liege en planche,Espagne,"5,200.00",livres,0.05,0.10,,0.0550000,,,,,286.00,,absence de prix,1
463,Hasna,AD 44 C706,Local/Nantes/Nantes – Imports – 1742.csv,Local,1742,Import,Nantes,11,meules à eguiser,Espagne,550.00,nombre,2.00,5.00,,2.2500000,,,,,"1,237.50",,absence de prix,1
464,Hasna,AD 44 C706,Local/Nantes/Nantes – Imports – 1742.csv,Local,1742,Import,Nantes,11,madriers d'acajou,Espagne,20.00,7 pieds,30.00,,,30.0000000,,,,,600.00,,absence de prix,1
465,Hasna,AD 44 C706,Local/Nantes/Nantes – Imports – 1742.csv,Local,1742,Import,Nantes,11,noisettes,Espagne,550.00,boisseaux,,15.00,,0.7500000,,,,,412.50,,absence de prix,1
466,Hasna,AD 44 C706,Local/Nantes/Nantes – Imports – 1742.csv,Local,1742,Import,Nantes,11,noisettes,Espagne,750.00,livres,0.07,0.10,,0.0750000,,,,,56.25,,absence de prix,1
467,Hasna,AD 44 C706,Local/Nantes/Nantes – Imports – 1742.csv,Local,1742,Import,Nantes,11,oranges,Espagne,114.00,caisses,6.00,,,6.0000000,,,,,684.00,,absence de prix,1
468,Hasna,AD 44 C706,Local/Nantes/Nantes – Imports – 1742.csv,Local,1742,Import,Nantes,11,oranges,Espagne,5.00,demi caisses,3.00,,,3.0000000,,,,,15.00,,absence de prix,1
469,Hasna,AD 44 C706,Local/Nantes/Nantes – Imports – 1742.csv,Local,1742,Import,Nantes,11,oranges,Espagne,"23,100.00",nombre,0.02,,,0.0200000,,,,,462.00,,absence de prix,1
470,Hasna,AD 44 C706,Local/Nantes/Nantes – Imports – 1742.csv,Local,1742,Import,Nantes,11,oignons,Espagne,1.00,boisseau,3.00,,,3.0000000,,,,,3.00,,absence de prix,1
471,Hasna,AD 44 C706,Local/Nantes/Nantes – Imports – 1742.csv,Local,1742,Import,Nantes,11,piastres,Espagne,"460,000.00",milliers,5.00,4.00,,5.2000000,,,,,"2,392,000.00",,absence de prix,1
472,Hasna,AD 44 C706,Local/Nantes/Nantes – Imports – 1742.csv,Local,1742,Import,Nantes,11,paniers de jongs,Espagne,23.00,nombre,,4.00,,0.2000000,,,,,4.60,,absence de prix,1
473,Hasna,AD 44 C706,Local/Nantes/Nantes – Imports – 1742.csv,Local,1742,Import,Nantes,11,pierres à filtrer l'eau,Espagne,26.00,nombre,15.00,,,15.0000000,,,,,390.00,,absence de prix,1
474,Hasna,AD 44 C706,Local/Nantes/Nantes – Imports – 1742.csv,Local,1742,Import,Nantes,11,ris,Espagne,"3,750.00",livres,0.18,,,0.1800000,,,,,675.00,,absence de prix,1
475,Hasna,AD 44 C706,Local/Nantes/Nantes – Imports – 1742.csv,Local,1742,Import,Nantes,11,raisins secs,Espagne,29.00,barils,20.00,,,20.0000000,,,,,580.00,,absence de prix,1
476,Hasna,AD 44 C706,Local/Nantes/Nantes – Imports – 1742.csv,Local,1742,Import,Nantes,11,raisins secs,Espagne,"26,600.00",livres,0.20,,,0.2000000,,,,,"5,320.00",,absence de prix,1
477,Hasna,AD 44 C706,Local/Nantes/Nantes – Imports – 1742.csv,Local,1742,Import,Nantes,11,reglisse,Espagne,950.00,livres,0.18,,,0.1800000,,,,,171.00,,absence de prix,1
478,Hasna,AD 44 C706,Local/Nantes/Nantes – Imports – 1742.csv,Local,1742,Import,Nantes,11,tête de gerofle,Espagne,"2,850.00",livres,4.00,10.00,,4.5000000,,,,,"12,825.00",,absence de prix,1
479,Hasna,AD 44 C706,Local/Nantes/Nantes – Imports – 1742.csv,Local,1742,Import,Nantes,11,tabac en poudre,Espagne,40.00,livres,0.65,,,0.6500000,,,,,26.00,,absence de prix,1
480,Hasna,AD 44 C706,Local/Nantes/Nantes – Imports – 1742.csv,Local,1742,Import,Nantes,11,vin de cheres,Espagne,420.00,pipes,180.00,,,180.0000000,,,,,"75,600.00",,absence de prix,1
481,Hasna,AD 44 C706,Local/Nantes/Nantes – Imports – 1742.csv,Local,1742,Import,Nantes,11,vin de malaga,Espagne,15.00,bariques,200.00,,,200.0000000,,,,,"3,000.00",,absence de prix,1
482,Hasna,AD 44 C706,Local/Nantes/Nantes – Imports – 1742.csv,Local,1742,Import,Nantes,11,vin de malaga,Espagne,10.00,barils de 20 pots,40.00,,,40.0000000,,,,,400.00,,absence de prix,1
483,Hasna,AD 44 C706,Local/Nantes/Nantes – Imports – 1742.csv,Local,1742,Import,Nantes,11,vin de canarie,Espagne,67.50,bariques,200.00,,,200.0000000,,,,,"13,500.00",,absence de prix,1
484,Hasna,AD 44 C706,Local/Nantes/Nantes – Imports – 1742.csv,Local,1742,Import,Nantes,11,vin d'Espagne,Espagne,2.00,bariques,200.00,,,200.0000000,,,,,400.00,,absence de prix,1
485,Hasna,AD 44 C706,Local/Nantes/Nantes – Imports – 1742.csv,Local,1742,Import,Nantes,11,vin tinto,Espagne,4.00,bariques,300.00,,,300.0000000,,,,,"1,200.00",,absence de prix,1
486,Hasna,AD 44 C706,Local/Nantes/Nantes – Imports – 1742.csv,Local,1742,Import,Nantes,11,verres à boire,Espagne,223.00,livres,1.00,,,1.0000000,,,,,223.00,,absence de prix,1
487,Hasna,AD 44 C706,Local/Nantes/Nantes – Imports – 1742.csv,Local,1742,Import,Nantes,11,bois de brezil,Portugal,"102,900.00",livres,0.45,,,0.4500000,,,,,"46,305.00",,absence de prix,1
488,Hasna,AD 44 C706,Local/Nantes/Nantes – Imports – 1742.csv,Local,1742,Import,Nantes,11,bois de peirabrava,Portugal,225.00,livres,1.00,,,1.0000000,,,,,225.00,,absence de prix,1
489,Hasna,AD 44 C706,Local/Nantes/Nantes – Imports – 1742.csv,Local,1742,Import,Nantes,11,balais de palmes,Portugal,875.00,douzaines,3.00,,,3.0000000,,,,,"2,625.00",,absence de prix,1
490,Hasna,AD 44 C706,Local/Nantes/Nantes – Imports – 1742.csv,Local,1742,Import,Nantes,11,citrons,Portugal,157.00,caisses,26.00,,,26.0000000,,,,,"4,082.00",,absence de prix,1
491,Hasna,AD 44 C706,Local/Nantes/Nantes – Imports – 1742.csv,Local,1742,Import,Nantes,11,cassi lignea,Portugal,69.00,livres,2.00,,,2.0000000,,,,,138.00,,absence de prix,1
492,Hasna,AD 44 C706,Local/Nantes/Nantes – Imports – 1742.csv,Local,1742,Import,Nantes,11,cocos,Portugal,440.00,milliers,0.01,,,0.0100000,,,,,4.40,,absence de prix,1
493,Hasna,AD 44 C706,Local/Nantes/Nantes – Imports – 1742.csv,Local,1742,Import,Nantes,11,graines à chapelets,Portugal,315.00,livres,0.06,,,0.0600000,,,,,18.90,,absence de prix,1
494,Hasna,AD 44 C706,Local/Nantes/Nantes – Imports – 1742.csv,Local,1742,Import,Nantes,11,jambons,Portugal,"1,100.00",livres,,12.00,,0.6000000,,,,,660.00,,absence de prix,1
495,Hasna,AD 44 C706,Local/Nantes/Nantes – Imports – 1742.csv,Local,1742,Import,Nantes,11,laine commune,Portugal,"13,475.00",livres,1.00,,,1.0000000,,,,,"13,475.00",,absence de prix,1
496,Hasna,AD 44 C706,Local/Nantes/Nantes – Imports – 1742.csv,Local,1742,Import,Nantes,11,oranges,Portugal,20.00,caisses,6.00,,,6.0000000,,,,,120.00,,absence de prix,1
497,Hasna,AD 44 C706,Local/Nantes/Nantes – Imports – 1742.csv,Local,1742,Import,Nantes,11,prunes seches,Portugal,132.00,livres,,5.00,,0.2500000,,,,,33.00,,absence de prix,1
498,Hasna,AD 44 C706,Local/Nantes/Nantes – Imports – 1742.csv,Local,1742,Import,Nantes,11,salsepareille,Portugal,"1,225.00",livres,1.00,10.00,,1.5000000,,,,,"1,837.50",,absence de prix,1
499,Hasna,AD 44 C706,Local/Nantes/Nantes – Imports – 1742.csv,Local,1742,Import,Nantes,11,semence de cocos,Portugal,400.00,livres,0.00,,,0.0030000,,,,,1.20,,absence de prix,1
500,Hasna,AD 44 C706,Local/Nantes/Nantes – Imports – 1742.csv,Local,1742,Import,Nantes,11,bois de campêche,Isles francoise de l'amerique,"260,900.00",livres,0.15,,,0.1500000,,,,,"39,135.00",,absence de prix,1
501,Hasna,AD 44 C706,Local/Nantes/Nantes – Imports – 1742.csv,Local,1742,Import,Nantes,12,bois de mazembie,Isles francoise de l'amerique,"12,000.00",livres,,,,0.0000000,,,,,0.00,,absence de prix,1
502,Hasna,AD 44 C706,Local/Nantes/Nantes – Imports – 1742.csv,Local,1742,Import,Nantes,12,bois des isles,Isles francoise de l'amerique,400.00,livres,,,,0.0000000,,,,,0.00,,absence de prix,1
503,Hasna,AD 44 C706,Local/Nantes/Nantes – Imports – 1742.csv,Local,1742,Import,Nantes,12,billes de bois de cayenne,Isles francoise de l'amerique,85.00,9 pieds,,,,0.0000000,,,,,0.00,,absence de prix,1
504,Hasna,AD 44 C706,Local/Nantes/Nantes – Imports – 1742.csv,Local,1742,Import,Nantes,12,citrons confits,Isles francoise de l'amerique,"1,649.00",livres,0.60,,,0.6000000,,,,,989.40,,absence de prix,1
505,Hasna,AD 44 C706,Local/Nantes/Nantes – Imports – 1742.csv,Local,1742,Import,Nantes,12,confitures,Isles francoise de l'amerique,"4,857.00",livres,0.50,,,0.5000000,,,,,"2,428.50",,absence de prix,1
506,Hasna,AD 44 C706,Local/Nantes/Nantes – Imports – 1742.csv,Local,1742,Import,Nantes,12,caffé,Isles francoise de l'amerique,"1,214,341.00",livres,,10.00,,0.5000000,,,,,"607,170.50",,absence de prix,1
507,Hasna,AD 44 C706,Local/Nantes/Nantes – Imports – 1742.csv,Local,1742,Import,Nantes,12,cacao,Isles francoise de l'amerique,"237,587.00",livres,0.80,,,0.8000000,,,,,"190,069.60",,absence de prix,1
508,Hasna,AD 44 C706,Local/Nantes/Nantes – Imports – 1742.csv,Local,1742,Import,Nantes,12,cacao broyé,Isles francoise de l'amerique,148.00,livres,2.00,10.00,,2.5000000,,,,,370.00,,absence de prix,1
509,Hasna,AD 44 C706,Local/Nantes/Nantes – Imports – 1742.csv,Local,1742,Import,Nantes,12,casse,Isles francoise de l'amerique,"14,200.00",livres,0.10,,,0.1000000,,,,,"1,420.00",,absence de prix,1
510,Hasna,AD 44 C706,Local/Nantes/Nantes – Imports – 1742.csv,Local,1742,Import,Nantes,12,cahouanne,Isles francoise de l'amerique,250.00,livres,2.00,,,2.0000000,,,,,500.00,,absence de prix,1
511,Hasna,AD 44 C706,Local/Nantes/Nantes – Imports – 1742.csv,Local,1742,Import,Nantes,12,coton en laine,Isles francoise de l'amerique,"253,800.00",livres,0.70,,,0.7000000,,,,,"177,660.00",,absence de prix,1
512,Hasna,AD 44 C706,Local/Nantes/Nantes – Imports – 1742.csv,Local,1742,Import,Nantes,12,cuir tanné,Isles francoise de l'amerique,"13,124.00",livres,0.40,,,0.4000000,,,,,"5,249.60",,absence de prix,1
513,Hasna,AD 44 C706,Local/Nantes/Nantes – Imports – 1742.csv,Local,1742,Import,Nantes,12,cuirs secs en poil,Isles francoise de l'amerique,"9,832.00",nombre,5.00,,,5.0000000,,,,,"49,160.00",,absence de prix,1
514,Hasna,AD 44 C706,Local/Nantes/Nantes – Imports – 1742.csv,Local,1742,Import,Nantes,12,dents d'elephant,Isles francoise de l'amerique,"13,482.00",livres,2.00,,,2.0000000,,,,,"26,964.00",,absence de prix,1
515,Hasna,AD 44 C706,Local/Nantes/Nantes – Imports – 1742.csv,Local,1742,Import,Nantes,12,eau de citronelle,Isles francoise de l'amerique,293.00,bouteilles,2.00,,,2.0000000,,,,,586.00,,absence de prix,1
516,Hasna,AD 44 C706,Local/Nantes/Nantes – Imports – 1742.csv,Local,1742,Import,Nantes,12,ecaille de caret,Isles francoise de l'amerique,"1,953.00",livres,9.00,,,9.0000000,,,,,"17,577.00",,absence de prix,1
517,Hasna,AD 44 C706,Local/Nantes/Nantes – Imports – 1742.csv,Local,1742,Import,Nantes,12,gingembre,Isles francoise de l'amerique,"48,700.00",livres,0.12,,,0.1200000,,,,,"5,844.00",,absence de prix,1
518,Hasna,AD 44 C706,Local/Nantes/Nantes – Imports – 1742.csv,Local,1742,Import,Nantes,12,huile de moruë,Isles francoise de l'amerique,203.50,bariques,120.00,,,120.0000000,,,,,"24,420.00",,absence de prix,1
519,Hasna,AD 44 C706,Local/Nantes/Nantes – Imports – 1742.csv,Local,1742,Import,Nantes,12,huile de palme,Isles francoise de l'amerique,34.00,livres,,15.00,,0.7500000,,,,,25.50,,absence de prix,1
520,Hasna,AD 44 C706,Local/Nantes/Nantes – Imports – 1742.csv,Local,1742,Import,Nantes,12,indigo,Isles francoise de l'amerique,"438,444.00",livres,4.00,,,4.0000000,,,,,"1,753,776.00",,absence de prix,1
521,Hasna,AD 44 C706,Local/Nantes/Nantes – Imports – 1742.csv,Local,1742,Import,Nantes,12,liqueur à boire,Isles francoise de l'amerique,"1,161.00",bouteilles,2.00,,,2.0000000,,,,,"2,322.00",,absence de prix,1
522,Hasna,AD 44 C706,Local/Nantes/Nantes – Imports – 1742.csv,Local,1742,Import,Nantes,12,liqueur à boire,Isles francoise de l'amerique,136.00,livres,1.00,2.00,,1.1000000,,,,,149.60,,absence de prix,1
523,Hasna,AD 44 C706,Local/Nantes/Nantes – Imports – 1742.csv,Local,1742,Import,Nantes,12,moruës vertes,Isles francoise de l'amerique,"236,847.00",nombre,0.60,,,0.6000000,,,,,"142,108.20",,absence de prix,1
524,Hasna,AD 44 C706,Local/Nantes/Nantes – Imports – 1742.csv,Local,1742,Import,Nantes,12,moruës vertes,Isles francoise de l'amerique,"36,900.00",livres,0.07,,,0.0670000,,,,,"2,472.30",,absence de prix,1
525,Hasna,AD 44 C706,Local/Nantes/Nantes – Imports – 1742.csv,Local,1742,Import,Nantes,12,moruë seche,Isles francoise de l'amerique,"465,725.00",livres,0.18,,,0.1800000,,,,,"83,830.50",,absence de prix,1
526,Hasna,AD 44 C706,Local/Nantes/Nantes – Imports – 1742.csv,Local,1742,Import,Nantes,12,maniguette,Isles francoise de l'amerique,105.00,livres,0.14,0.10,,0.1450000,,,,,15.23,,absence de prix,1
527,Hasna,AD 44 C706,Local/Nantes/Nantes – Imports – 1742.csv,Local,1742,Import,Nantes,12,madriers de bois de cayenne,Isles francoise de l'amerique,15.00,nombre,,,,0.0000000,,,,,0.00,,absence de prix,1
528,Hasna,AD 44 C706,Local/Nantes/Nantes – Imports – 1742.csv,Local,1742,Import,Nantes,12,madriers de bois d'acajou,Isles francoise de l'amerique,59.00,nombre,30.00,,,30.0000000,,,,,"1,770.00",,absence de prix,1
529,Hasna,AD 44 C706,Local/Nantes/Nantes – Imports – 1742.csv,Local,1742,Import,Nantes,12,ongles d'ecaille de tortuë,Isles francoise de l'amerique,50.00,livres,3.00,,,3.0000000,,,,,150.00,,absence de prix,1
530,Hasna,AD 44 C706,Local/Nantes/Nantes – Imports – 1742.csv,Local,1742,Import,Nantes,12,quinquina,Isles francoise de l'amerique,"11,662.00",livres,2.00,10.00,,2.5000000,,,,,"29,155.00",,absence de prix,1
531,Hasna,AD 44 C706,Local/Nantes/Nantes – Imports – 1742.csv,Local,1742,Import,Nantes,12,raves de moruë,Isles francoise de l'amerique,62.50,bariques,40.00,,,40.0000000,,,,,"2,500.00",,absence de prix,1
532,Hasna,AD 44 C706,Local/Nantes/Nantes – Imports – 1742.csv,Local,1742,Import,Nantes,12,rocou,Isles francoise de l'amerique,"78,950.00",livres,0.61,0.05,,0.6125000,,,,,"48,356.88",,absence de prix,1
533,Hasna,AD 44 C706,Local/Nantes/Nantes – Imports – 1742.csv,Local,1742,Import,Nantes,12,sucre blanc,Isles francoise de l'amerique,"4,900.00",livres,0.45,,,0.4500000,,,,,"2,205.00",,absence de prix,1
534,Hasna,AD 44 C706,Local/Nantes/Nantes – Imports – 1742.csv,Local,1742,Import,Nantes,12,sucre terré,Isles francoise de l'amerique,"6,031,350.00",livres,0.35,,,0.3500000,,,,,"2,110,972.50",,absence de prix,1
535,Hasna,AD 44 C706,Local/Nantes/Nantes – Imports – 1742.csv,Local,1742,Import,Nantes,12,sucre tête,Isles francoise de l'amerique,"6,100,725.00",livres,0.26,,,0.2600000,,,,,"1,586,188.50",,absence de prix,1
536,Hasna,AD 44 C706,Local/Nantes/Nantes – Imports – 1742.csv,Local,1742,Import,Nantes,12,sucre brut,Isles francoise de l'amerique,"27,305,425.00",livres,0.22,,,0.2200000,,,,,"6,007,193.50",,absence de prix,1
537,Hasna,AD 44 C706,Local/Nantes/Nantes – Imports – 1742.csv,Local,1742,Import,Nantes,12,sirop de capilaire,Isles francoise de l'amerique,"2,123.00",livres,0.50,,,0.5000000,,,,,"1,061.50",,absence de prix,1
538,Hasna,AD 44 C706,Local/Nantes/Nantes – Imports – 1742.csv,Local,1742,Import,Nantes,12,sirop de sucre,Isles francoise de l'amerique,"13,000.00",livres,0.07,,,0.0700000,,,,,910.00,,absence de prix,1
539,Hasna,AD 44 C706,Local/Nantes/Nantes – Imports – 1742.csv,Local,1742,Import,Nantes,12,sirop de limon,Isles francoise de l'amerique,"8,100.00",livres,0.50,,,0.5000000,,,,,"4,050.00",,absence de prix,1
540,Hasna,AD 44 C706,Local/Nantes/Nantes – Imports – 1742.csv,Local,1742,Import,Nantes,12,taffia,Isles francoise de l'amerique,117.50,bariques,37.00,,,37.0000000,,,,,"4,347.50",,absence de prix,1
541,Hasna,AD 44 C706,Local/Nantes/Nantes – Imports – 1742.csv,Local,1742,Import,Nantes,12,tabac d'Espagne,Isles francoise de l'amerique,237.00,livres,,,,0.0000000,,,,,0.00,,absence de prix,1
542,Hasna,AD 44 C706,Local/Nantes/Nantes – Imports – 1742.csv,Local,1742,Import,Nantes,12,tabac en poudre,Isles francoise de l'amerique,"11,574.00",livres,,,,0.0000000,,,,,0.00,,absence de prix,1
543,Hasna,AD 44 C706,Local/Nantes/Nantes – Imports – 1742.csv,Local,1742,Import,Nantes,12,tabac filé,Isles francoise de l'amerique,"5,686.00",livres,,16.00,,0.8000000,,,,,"4,548.80",,absence de prix,1
544,Hasna,AD 44 C706,Local/Nantes/Nantes – Imports – 1742.csv,Local,1742,Import,Nantes,12,tabac en manoque,Isles francoise de l'amerique,"45,082.00",livres,,,,0.0000000,,,,0.00,0.00,0.00,,1
545,Hasna,AD 44 C706,Local/Nantes/Nantes – Imports – 1742.csv,Local,1742,Import,Nantes,12,tabac de la havanne,Isles francoise de l'amerique,"51,345.00",livres,,,,0.0000000,,,,0.00,0.00,0.00,,1
