numrodeligne,dataentryby,source,sourcepath,sourcetype,year,exportsimports,direction,sheet,marchandises,pays,value,quantit,quantity_unit,prix_unitaire,probleme,remarks
1,Ahmed,Archives de la CCI de Marseille - I 29,Local/Marseille/Archives_de_la_CCI_de_Marseille-I29/Marseille-1736.csv,Local,1736,Imports,Marseille,1,argent vif,Hollande,400,80,livres,5,0,
2,Ahmed,Archives de la CCI de Marseille - I 29,Local/Marseille/Archives_de_la_CCI_de_Marseille-I29/Marseille-1736.csv,Local,1736,Imports,Marseille,1,acier,Hollande,1584,4950,livres,0.32,0,en pourcentge
3,Ahmed,Archives de la CCI de Marseille - I 29,Local/Marseille/Archives_de_la_CCI_de_Marseille-I29/Marseille-1736.csv,Local,1736,Imports,Marseille,1,azur commun,Hollande,1425,2850,livres,0.5,0,
4,Ahmed,Archives de la CCI de Marseille - I 29,Local/Marseille/Archives_de_la_CCI_de_Marseille-I29/Marseille-1736.csv,Local,1736,Imports,Marseille,1,amidon,Hollande,36.75,175,livres,0.21,0,en pourcentge
5,Ahmed,Archives de la CCI de Marseille - I 29,Local/Marseille/Archives_de_la_CCI_de_Marseille-I29/Marseille-1736.csv,Local,1736,Imports,Marseille,1,antimoine,Hollande,350,350,livres,1,0,
6,Ahmed,Archives de la CCI de Marseille - I 29,Local/Marseille/Archives_de_la_CCI_de_Marseille-I29/Marseille-1736.csv,Local,1736,Imports,Marseille,1,arcenic,Hollande,225,1125,livres,0.2,0,
7,Ahmed,Archives de la CCI de Marseille - I 29,Local/Marseille/Archives_de_la_CCI_de_Marseille-I29/Marseille-1736.csv,Local,1736,Imports,Marseille,1,bierre,Hollande,54,3,barriques,18,0,
8,Ahmed,Archives de la CCI de Marseille - I 29,Local/Marseille/Archives_de_la_CCI_de_Marseille-I29/Marseille-1736.csv,Local,1736,Imports,Marseille,1,baleine coupée,Hollande,13510,3860,livres,3.5,0,
9,Ahmed,Archives de la CCI de Marseille - I 29,Local/Marseille/Archives_de_la_CCI_de_Marseille-I29/Marseille-1736.csv,Local,1736,Imports,Marseille,1,bois de sandal moulu,Hollande,150,300,livres,0.5,0,en quintal
10,Ahmed,Archives de la CCI de Marseille - I 29,Local/Marseille/Archives_de_la_CCI_de_Marseille-I29/Marseille-1736.csv,Local,1736,Imports,Marseille,1,bois de brezil,Hollande,4221.25,38375,livres,0.11,0,en quintal
11,Ahmed,Archives de la CCI de Marseille - I 29,Local/Marseille/Archives_de_la_CCI_de_Marseille-I29/Marseille-1736.csv,Local,1736,Imports,Marseille,1,bois de campesche,Hollande,3313.75,60250,livres,0.055,0,en quintal
12,Ahmed,Archives de la CCI de Marseille - I 29,Local/Marseille/Archives_de_la_CCI_de_Marseille-I29/Marseille-1736.csv,Local,1736,Imports,Marseille,1,chair salée,Hollande,274.5,1525,livres,0.18,0,en pourcentge
13,Ahmed,Archives de la CCI de Marseille - I 29,Local/Marseille/Archives_de_la_CCI_de_Marseille-I29/Marseille-1736.csv,Local,1736,Imports,Marseille,1,canelle,Hollande,5340,890,livres,6,0,
14,Ahmed,Archives de la CCI de Marseille - I 29,Local/Marseille/Archives_de_la_CCI_de_Marseille-I29/Marseille-1736.csv,Local,1736,Imports,Marseille,1,cinabre,Hollande,72,12,livres,6,0,"erreur dans la source, confusion entre livres et sous"
15,Ahmed,Archives de la CCI de Marseille - I 29,Local/Marseille/Archives_de_la_CCI_de_Marseille-I29/Marseille-1736.csv,Local,1736,Imports,Marseille,1,cuir doré,Hollande,237.5,190,livres,1.25,0,arrondi
16,Ahmed,Archives de la CCI de Marseille - I 29,Local/Marseille/Archives_de_la_CCI_de_Marseille-I29/Marseille-1736.csv,Local,1736,Imports,Marseille,2,cuir de roussy,Hollande,210,21,pièces,10,0,
17,Ahmed,Archives de la CCI de Marseille - I 29,Local/Marseille/Archives_de_la_CCI_de_Marseille-I29/Marseille-1736.csv,Local,1736,Imports,Marseille,2,cuir de roussy,Hollande,2325,3100,livres,0.75,0,
18,Ahmed,Archives de la CCI de Marseille - I 29,Local/Marseille/Archives_de_la_CCI_de_Marseille-I29/Marseille-1736.csv,Local,1736,Imports,Marseille,2,colle de poisson,Hollande,768,192,livres,4,0,
19,Ahmed,Archives de la CCI de Marseille - I 29,Local/Marseille/Archives_de_la_CCI_de_Marseille-I29/Marseille-1736.csv,Local,1736,Imports,Marseille,2,colle commune,Hollande,4348,10870,livres,0.4,0,
20,Ahmed,Archives de la CCI de Marseille - I 29,Local/Marseille/Archives_de_la_CCI_de_Marseille-I29/Marseille-1736.csv,Local,1736,Imports,Marseille,2,ceruse,Hollande,1969.5,15150,livres,0.13,0,en quintal
21,Ahmed,Archives de la CCI de Marseille - I 29,Local/Marseille/Archives_de_la_CCI_de_Marseille-I29/Marseille-1736.csv,Local,1736,Imports,Marseille,2,couperose verte,Hollande,1252.5,25050,livres,0.05,0,en quintal
22,Ahmed,Archives de la CCI de Marseille - I 29,Local/Marseille/Archives_de_la_CCI_de_Marseille-I29/Marseille-1736.csv,Local,1736,Imports,Marseille,2,cuivre en planches,Hollande,20151,13434,livres,1.5,0,
23,Ahmed,Archives de la CCI de Marseille - I 29,Local/Marseille/Archives_de_la_CCI_de_Marseille-I29/Marseille-1736.csv,Local,1736,Imports,Marseille,2,corne de cerf,Hollande,45,150,livres,0.3,0,en quintal
24,Ahmed,Archives de la CCI de Marseille - I 29,Local/Marseille/Archives_de_la_CCI_de_Marseille-I29/Marseille-1736.csv,Local,1736,Imports,Marseille,2,charbon de terre,Hollande,471,157,barrils,3,0,
25,Ahmed,Archives de la CCI de Marseille - I 29,Local/Marseille/Archives_de_la_CCI_de_Marseille-I29/Marseille-1736.csv,Local,1736,Imports,Marseille,2,epicerie,Hollande,870,290,livres,3,0,
26,Ahmed,Archives de la CCI de Marseille - I 29,Local/Marseille/Archives_de_la_CCI_de_Marseille-I29/Marseille-1736.csv,Local,1736,Imports,Marseille,2,fer blanc,Hollande,675,9,barrils,75,0,
27,Ahmed,Archives de la CCI de Marseille - I 29,Local/Marseille/Archives_de_la_CCI_de_Marseille-I29/Marseille-1736.csv,Local,1736,Imports,Marseille,2,fayence,Hollande,210,280,livres,0.75,0,
28,Ahmed,Archives de la CCI de Marseille - I 29,Local/Marseille/Archives_de_la_CCI_de_Marseille-I29/Marseille-1736.csv,Local,1736,Imports,Marseille,2,geroffle,Hollande,19248,2406,livres,8,0,
29,Ahmed,Archives de la CCI de Marseille - I 29,Local/Marseille/Archives_de_la_CCI_de_Marseille-I29/Marseille-1736.csv,Local,1736,Imports,Marseille,2,garance,Hollande,3198,7995,livres,0.4,0,
30,Ahmed,Archives de la CCI de Marseille - I 29,Local/Marseille/Archives_de_la_CCI_de_Marseille-I29/Marseille-1736.csv,Local,1736,Imports,Marseille,2,harans sors,Hollande,5236,238,barrils,22,0,
31,Ahmed,Archives de la CCI de Marseille - I 29,Local/Marseille/Archives_de_la_CCI_de_Marseille-I29/Marseille-1736.csv,Local,1736,Imports,Marseille,2,harans sors,Hollande,4884,122100,pièces,0.04,0,en pourcentge
32,Ahmed,Archives de la CCI de Marseille - I 29,Local/Marseille/Archives_de_la_CCI_de_Marseille-I29/Marseille-1736.csv,Local,1736,Imports,Marseille,2,limaille de cuivre,Hollande,255,85,livres,3,0,
33,Ahmed,Archives de la CCI de Marseille - I 29,Local/Marseille/Archives_de_la_CCI_de_Marseille-I29/Marseille-1736.csv,Local,1736,Imports,Marseille,2,litarge,Hollande,1750,875,livres,2,0,le prix semble trop élevé
34,Ahmed,Archives de la CCI de Marseille - I 29,Local/Marseille/Archives_de_la_CCI_de_Marseille-I29/Marseille-1736.csv,Local,1736,Imports,Marseille,2,muscade,Hollande,11560,1445,livres,8,0,
35,Ahmed,Archives de la CCI de Marseille - I 29,Local/Marseille/Archives_de_la_CCI_de_Marseille-I29/Marseille-1736.csv,Local,1736,Imports,Marseille,2,mercerie de bois,Hollande,3585,2390,livres,1.5,0,
36,Ahmed,Archives de la CCI de Marseille - I 29,Local/Marseille/Archives_de_la_CCI_de_Marseille-I29/Marseille-1736.csv,Local,1736,Imports,Marseille,2,miny,Hollande,120,800,livres,0.15,0,
37,Ahmed,Archives de la CCI de Marseille - I 29,Local/Marseille/Archives_de_la_CCI_de_Marseille-I29/Marseille-1736.csv,Local,1736,Imports,Marseille,2,moulins à caffé,Hollande,20,5,pièces,4,0,
38,Ahmed,Archives de la CCI de Marseille - I 29,Local/Marseille/Archives_de_la_CCI_de_Marseille-I29/Marseille-1736.csv,Local,1736,Imports,Marseille,2,noir de fumée,Hollande,80,200,livres,0.4,0,en quintal
39,Ahmed,Archives de la CCI de Marseille - I 29,Local/Marseille/Archives_de_la_CCI_de_Marseille-I29/Marseille-1736.csv,Local,1736,Imports,Marseille,2,orpiment,Hollande,450,450,livres,1,0,
40,Ahmed,Archives de la CCI de Marseille - I 29,Local/Marseille/Archives_de_la_CCI_de_Marseille-I29/Marseille-1736.csv,Local,1736,Imports,Marseille,2,poivre,Hollande,201760,201760,livres,1,0,
41,Ahmed,Archives de la CCI de Marseille - I 29,Local/Marseille/Archives_de_la_CCI_de_Marseille-I29/Marseille-1736.csv,Local,1736,Imports,Marseille,2,pipes à fumer,Hollande,2640,660,grosses,4,0,
42,Ahmed,Archives de la CCI de Marseille - I 29,Local/Marseille/Archives_de_la_CCI_de_Marseille-I29/Marseille-1736.csv,Local,1736,Imports,Marseille,2,plomb en saumon,Hollande,97597,464750,livres,0.21,-0.5,en pourcentge
43,Ahmed,Archives de la CCI de Marseille - I 29,Local/Marseille/Archives_de_la_CCI_de_Marseille-I29/Marseille-1736.csv,Local,1736,Imports,Marseille,2,pelles de bois,Hollande,12,36,pièces,0.3333333333333,1.19904086659517E-12,
44,Ahmed,Archives de la CCI de Marseille - I 29,Local/Marseille/Archives_de_la_CCI_de_Marseille-I29/Marseille-1736.csv,Local,1736,Imports,Marseille,2,planches de chesne,Hollande,858,286,pièces,3,0,
45,Ahmed,Archives de la CCI de Marseille - I 29,Local/Marseille/Archives_de_la_CCI_de_Marseille-I29/Marseille-1736.csv,Local,1736,Imports,Marseille,2,planches de sapin,Hollande,300,300,pièces,1,0,
46,Ahmed,Archives de la CCI de Marseille - I 29,Local/Marseille/Archives_de_la_CCI_de_Marseille-I29/Marseille-1736.csv,Local,1736,Imports,Marseille,2,quincaille,Hollande,42,42,livres,1,0,
47,Ahmed,Archives de la CCI de Marseille - I 29,Local/Marseille/Archives_de_la_CCI_de_Marseille-I29/Marseille-1736.csv,Local,1736,Imports,Marseille,2,saumon salé,Hollande,2880,60,barrils,48,0,
48,Ahmed,Archives de la CCI de Marseille - I 29,Local/Marseille/Archives_de_la_CCI_de_Marseille-I29/Marseille-1736.csv,Local,1736,Imports,Marseille,2,suif,Hollande,240,1200,livres,0.2,0,en quintal
49,Ahmed,Archives de la CCI de Marseille - I 29,Local/Marseille/Archives_de_la_CCI_de_Marseille-I29/Marseille-1736.csv,Local,1736,Imports,Marseille,2,tabac,Hollande,9112,12150,livres,0.75,-0.5,
50,Ahmed,Archives de la CCI de Marseille - I 29,Local/Marseille/Archives_de_la_CCI_de_Marseille-I29/Marseille-1736.csv,Local,1736,Imports,Marseille,2,teraille de gray,Hollande,10,240,pièces,0.5,-110,le prix a été modifié: on est passé de 10s la douzaine à 10 s pièce mais le calcul n'a pas été refait.
51,Ahmed,Archives de la CCI de Marseille - I 29,Local/Marseille/Archives_de_la_CCI_de_Marseille-I29/Marseille-1736.csv,Local,1736,Imports,Marseille,2,teraille de gray,Hollande,315,3150,livres,0.1,0,
52,Ahmed,Archives de la CCI de Marseille - I 29,Local/Marseille/Archives_de_la_CCI_de_Marseille-I29/Marseille-1736.csv,Local,1736,Imports,Marseille,2,verres à boire,Hollande,1450,1450,livres,1,0,
53,Ahmed,Archives de la CCI de Marseille - I 29,Local/Marseille/Archives_de_la_CCI_de_Marseille-I29/Marseille-1736.csv,Local,1736,Imports,Marseille,2,anchois,Espagne,195,39,barrils,5,0,
54,Ahmed,Archives de la CCI de Marseille - I 29,Local/Marseille/Archives_de_la_CCI_de_Marseille-I29/Marseille-1736.csv,Local,1736,Imports,Marseille,2,anis vert,Espagne,4481,29875,livres,0.15,-0.25,en quintal
55,Ahmed,Archives de la CCI de Marseille - I 29,Local/Marseille/Archives_de_la_CCI_de_Marseille-I29/Marseille-1736.csv,Local,1736,Imports,Marseille,2,arquifou,Espagne,15223,169150,livres,0.09,-0.5,en quintal
56,Ahmed,Archives de la CCI de Marseille - I 29,Local/Marseille/Archives_de_la_CCI_de_Marseille-I29/Marseille-1736.csv,Local,1736,Imports,Marseille,2,auf,Espagne,52710,658875,livres,0.08,0,en quintal
57,Ahmed,Archives de la CCI de Marseille - I 29,Local/Marseille/Archives_de_la_CCI_de_Marseille-I29/Marseille-1736.csv,Local,1736,Imports,Marseille,2,beaume du perou,Espagne,66,,livres,0,0,marchandises en estimation
58,Ahmed,Archives de la CCI de Marseille - I 29,Local/Marseille/Archives_de_la_CCI_de_Marseille-I29/Marseille-1736.csv,Local,1736,Imports,Marseille,2,bois de reglisse,Espagne,1332,22200,livres,0.06,0,
59,Ahmed,Archives de la CCI de Marseille - I 29,Local/Marseille/Archives_de_la_CCI_de_Marseille-I29/Marseille-1736.csv,Local,1736,Imports,Marseille,2,balais de palme,Espagne,1863,24840,pièces,0.075,0,
60,Ahmed,Archives de la CCI de Marseille - I 29,Local/Marseille/Archives_de_la_CCI_de_Marseille-I29/Marseille-1736.csv,Local,1736,Imports,Marseille,2,brun rouge,Espagne,582,25900,livres,0.0225,-0.750000000000114,en quintal
61,Ahmed,Archives de la CCI de Marseille - I 29,Local/Marseille/Archives_de_la_CCI_de_Marseille-I29/Marseille-1736.csv,Local,1736,Imports,Marseille,2,cochenille mesteque,Espagne,252110,14830,livres,17,0,
62,Ahmed,Archives de la CCI de Marseille - I 29,Local/Marseille/Archives_de_la_CCI_de_Marseille-I29/Marseille-1736.csv,Local,1736,Imports,Marseille,2,cochenille en grabeau,Espagne,77733,8637,livres,9,0,
63,Ahmed,Archives de la CCI de Marseille - I 29,Local/Marseille/Archives_de_la_CCI_de_Marseille-I29/Marseille-1736.csv,Local,1736,Imports,Marseille,2,cordes d'auf,Espagne,4022,40225,livres,0.1,-0.5,en quintal
64,Ahmed,Archives de la CCI de Marseille - I 29,Local/Marseille/Archives_de_la_CCI_de_Marseille-I29/Marseille-1736.csv,Local,1736,Imports,Marseille,2,couffins de palme,Espagne,843,281,douzaine,3,0,
65,Ahmed,Archives de la CCI de Marseille - I 29,Local/Marseille/Archives_de_la_CCI_de_Marseille-I29/Marseille-1736.csv,Local,1736,Imports,Marseille,2,jalap,Espagne,2220,1110,livres,2,0,
66,Ahmed,Archives de la CCI de Marseille - I 29,Local/Marseille/Archives_de_la_CCI_de_Marseille-I29/Marseille-1736.csv,Local,1736,Imports,Marseille,2,laine lavée,Espagne,37450,53500,livres,0.7,0,en quintal
67,Ahmed,Archives de la CCI de Marseille - I 29,Local/Marseille/Archives_de_la_CCI_de_Marseille-I29/Marseille-1736.csv,Local,1736,Imports,Marseille,2,laine demy lavée,Espagne,1180,2950,livres,0.4,0,en quintal
68,Ahmed,Archives de la CCI de Marseille - I 29,Local/Marseille/Archives_de_la_CCI_de_Marseille-I29/Marseille-1736.csv,Local,1736,Imports,Marseille,2,liege,Espagne,1285,12850,livres,0.1,0,en pourcentge
69,Ahmed,Archives de la CCI de Marseille - I 29,Local/Marseille/Archives_de_la_CCI_de_Marseille-I29/Marseille-1736.csv,Local,1736,Imports,Marseille,3,mouchoirs,Espagne,55,,livres,0,0,marchandises en estimation
70,Ahmed,Archives de la CCI de Marseille - I 29,Local/Marseille/Archives_de_la_CCI_de_Marseille-I29/Marseille-1736.csv,Local,1736,Imports,Marseille,3,noisettes,Espagne,364,6075,livres,0.06,-0.5,en quintal
71,Ahmed,Archives de la CCI de Marseille - I 29,Local/Marseille/Archives_de_la_CCI_de_Marseille-I29/Marseille-1736.csv,Local,1736,Imports,Marseille,3,pignons cassés,Espagne,45,325,livres,0.14,-0.500000000000007,en quintal
72,Ahmed,Archives de la CCI de Marseille - I 29,Local/Marseille/Archives_de_la_CCI_de_Marseille-I29/Marseille-1736.csv,Local,1736,Imports,Marseille,3,peaux de marroquin,Espagne,7,6,pièces,1.25,-0.5,arrondi
73,Ahmed,Archives de la CCI de Marseille - I 29,Local/Marseille/Archives_de_la_CCI_de_Marseille-I29/Marseille-1736.csv,Local,1736,Imports,Marseille,3,quinquina,Espagne,8685,2895,livres,3,0,
74,Ahmed,Archives de la CCI de Marseille - I 29,Local/Marseille/Archives_de_la_CCI_de_Marseille-I29/Marseille-1736.csv,Local,1736,Imports,Marseille,3,rouge d'Espagne,Espagne,100,960,tasses,1.25,-1100,
75,Ahmed,Archives de la CCI de Marseille - I 29,Local/Marseille/Archives_de_la_CCI_de_Marseille-I29/Marseille-1736.csv,Local,1736,Imports,Marseille,3,sardines,Espagne,338,112900,pièces,0.003,-0.699999999999989,en millier
76,Ahmed,Archives de la CCI de Marseille - I 29,Local/Marseille/Archives_de_la_CCI_de_Marseille-I29/Marseille-1736.csv,Local,1736,Imports,Marseille,3,salsepareille,Espagne,450,600,livres,0.75,0,
77,Ahmed,Archives de la CCI de Marseille - I 29,Local/Marseille/Archives_de_la_CCI_de_Marseille-I29/Marseille-1736.csv,Local,1736,Imports,Marseille,3,soyes crues,Espagne,1876860,156405,livres,12,0,
78,Ahmed,Archives de la CCI de Marseille - I 29,Local/Marseille/Archives_de_la_CCI_de_Marseille-I29/Marseille-1736.csv,Local,1736,Imports,Marseille,3,soude,Espagne,65994,1199900,livres,0.055,-0.500000000014552,en pourcentge
79,Ahmed,Archives de la CCI de Marseille - I 29,Local/Marseille/Archives_de_la_CCI_de_Marseille-I29/Marseille-1736.csv,Local,1736,Imports,Marseille,3,vanille,Espagne,420,6,livres,70,0,
80,Ahmed,Archives de la CCI de Marseille - I 29,Local/Marseille/Archives_de_la_CCI_de_Marseille-I29/Marseille-1736.csv,Local,1736,Imports,Marseille,3,anchois,Piemont,4944,824,barrils,6,0,
81,Ahmed,Archives de la CCI de Marseille - I 29,Local/Marseille/Archives_de_la_CCI_de_Marseille-I29/Marseille-1736.csv,Local,1736,Imports,Marseille,3,arquifou,Piemont,31,350,livres,0.09,-0.5,en quintal
82,Ahmed,Archives de la CCI de Marseille - I 29,Local/Marseille/Archives_de_la_CCI_de_Marseille-I29/Marseille-1736.csv,Local,1736,Imports,Marseille,3,beurre,Piemont,30,205,livres,0.15,-0.750000000000004,arrondi
83,Ahmed,Archives de la CCI de Marseille - I 29,Local/Marseille/Archives_de_la_CCI_de_Marseille-I29/Marseille-1736.csv,Local,1736,Imports,Marseille,3,bergamottes,Piemont,50,2000,pièces,0.025,0,en pourcentge
84,Ahmed,Archives de la CCI de Marseille - I 29,Local/Marseille/Archives_de_la_CCI_de_Marseille-I29/Marseille-1736.csv,Local,1736,Imports,Marseille,3,bas de coton,Piemont,91,102,paires,0.9,-0.799999999999997,arrondi
85,Ahmed,Archives de la CCI de Marseille - I 29,Local/Marseille/Archives_de_la_CCI_de_Marseille-I29/Marseille-1736.csv,Local,1736,Imports,Marseille,3,barrils vuides,Piemont,1155,770,pièces,1.5,0,
86,Ahmed,Archives de la CCI de Marseille - I 29,Local/Marseille/Archives_de_la_CCI_de_Marseille-I29/Marseille-1736.csv,Local,1736,Imports,Marseille,3,bois à barrils,Piemont,50,1000,estimées,0,0,marchandises en estimation
87,Ahmed,Archives de la CCI de Marseille - I 29,Local/Marseille/Archives_de_la_CCI_de_Marseille-I29/Marseille-1736.csv,Local,1736,Imports,Marseille,3,bois de buy,Piemont,80,1000,livres,0.08,0,en quintal
88,Ahmed,Archives de la CCI de Marseille - I 29,Local/Marseille/Archives_de_la_CCI_de_Marseille-I29/Marseille-1736.csv,Local,1736,Imports,Marseille,3,bois de noyer,Piemont,100,10,cannes en carré,10,0,marchandises en estimation
89,Ahmed,Archives de la CCI de Marseille - I 29,Local/Marseille/Archives_de_la_CCI_de_Marseille-I29/Marseille-1736.csv,Local,1736,Imports,Marseille,3,confitures,Piemont,31,45,livres,0.7,-0.500000000000004,arrondi
90,Ahmed,Archives de la CCI de Marseille - I 29,Local/Marseille/Archives_de_la_CCI_de_Marseille-I29/Marseille-1736.csv,Local,1736,Imports,Marseille,3,chataignes seches,Piemont,345,9875,livres,0.035,-0.625000000000057,en quintal
91,Ahmed,Archives de la CCI de Marseille - I 29,Local/Marseille/Archives_de_la_CCI_de_Marseille-I29/Marseille-1736.csv,Local,1736,Imports,Marseille,3,citrons,Piemont,280,56,charges,5,0,
92,Ahmed,Archives de la CCI de Marseille - I 29,Local/Marseille/Archives_de_la_CCI_de_Marseille-I29/Marseille-1736.csv,Local,1736,Imports,Marseille,3,cheval à moyen prix,Piemont,50,1,pièces,0,0,marchandises en estimation
93,Ahmed,Archives de la CCI de Marseille - I 29,Local/Marseille/Archives_de_la_CCI_de_Marseille-I29/Marseille-1736.csv,Local,1736,Imports,Marseille,3,cheveux commun,Piemont,30,5,livres,6,0,
94,Ahmed,Archives de la CCI de Marseille - I 29,Local/Marseille/Archives_de_la_CCI_de_Marseille-I29/Marseille-1736.csv,Local,1736,Imports,Marseille,3,coton en laine,Piemont,10,50,livres,0.2,0,en pourcentge
95,Ahmed,Archives de la CCI de Marseille - I 29,Local/Marseille/Archives_de_la_CCI_de_Marseille-I29/Marseille-1736.csv,Local,1736,Imports,Marseille,3,chanvre batu,Piemont,26515,132575,livres,0.2,0,en quintal
96,Ahmed,Archives de la CCI de Marseille - I 29,Local/Marseille/Archives_de_la_CCI_de_Marseille-I29/Marseille-1736.csv,Local,1736,Imports,Marseille,3,chanvre cru,Piemont,8027,42250,livres,0.19,-0.5,en quintal
97,Ahmed,Archives de la CCI de Marseille - I 29,Local/Marseille/Archives_de_la_CCI_de_Marseille-I29/Marseille-1736.csv,Local,1736,Imports,Marseille,3,cordages de chanvre neuf,Piemont,84,400,livres,0.21,0,en quintal
98,Ahmed,Archives de la CCI de Marseille - I 29,Local/Marseille/Archives_de_la_CCI_de_Marseille-I29/Marseille-1736.csv,Local,1736,Imports,Marseille,3,cordages vieux,Piemont,20,200,livres,0.1,0,en quintal
99,Ahmed,Archives de la CCI de Marseille - I 29,Local/Marseille/Archives_de_la_CCI_de_Marseille-I29/Marseille-1736.csv,Local,1736,Imports,Marseille,3,chandelle,Piemont,258,1175,livres,0.22,-0.5,en quintal
100,Ahmed,Archives de la CCI de Marseille - I 29,Local/Marseille/Archives_de_la_CCI_de_Marseille-I29/Marseille-1736.csv,Local,1736,Imports,Marseille,3,cuivre vieux,Piemont,520,650,livres,0.8,0,en quintal
101,Ahmed,Archives de la CCI de Marseille - I 29,Local/Marseille/Archives_de_la_CCI_de_Marseille-I29/Marseille-1736.csv,Local,1736,Imports,Marseille,3,clouds de fer,Piemont,45,225,livres,0.2,0,en quintal
102,Ahmed,Archives de la CCI de Marseille - I 29,Local/Marseille/Archives_de_la_CCI_de_Marseille-I29/Marseille-1736.csv,Local,1736,Imports,Marseille,3,cercles de bois à tonneau,Piemont,473,364,rodes,1.3,-0.199999999999989,arrondi
103,Ahmed,Archives de la CCI de Marseille - I 29,Local/Marseille/Archives_de_la_CCI_de_Marseille-I29/Marseille-1736.csv,Local,1736,Imports,Marseille,3,cercles de bois à tonneau,Piemont,209,20900,livres,0.01,0,en quintal
104,Ahmed,Archives de la CCI de Marseille - I 29,Local/Marseille/Archives_de_la_CCI_de_Marseille-I29/Marseille-1736.csv,Local,1736,Imports,Marseille,3,ecorces d'orange seches,Piemont,12,150,livres,0.08,0,en quintal
105,Ahmed,Archives de la CCI de Marseille - I 29,Local/Marseille/Archives_de_la_CCI_de_Marseille-I29/Marseille-1736.csv,Local,1736,Imports,Marseille,3,fromage,Piemont,544,3400,livres,0.16,0,en quintal
106,Ahmed,Archives de la CCI de Marseille - I 29,Local/Marseille/Archives_de_la_CCI_de_Marseille-I29/Marseille-1736.csv,Local,1736,Imports,Marseille,3,fleurs artificielles,Piemont,32,,livres,32,0,marchandises en estimation
107,Ahmed,Archives de la CCI de Marseille - I 29,Local/Marseille/Archives_de_la_CCI_de_Marseille-I29/Marseille-1736.csv,Local,1736,Imports,Marseille,3,filets à pescher petits poisson,Piemont,180,3,pièces,60,0,
108,Ahmed,Archives de la CCI de Marseille - I 29,Local/Marseille/Archives_de_la_CCI_de_Marseille-I29/Marseille-1736.csv,Local,1736,Imports,Marseille,3,fer blanc,Piemont,22,50,feuilles,0.45,-0.5,arrondi
109,Ahmed,Archives de la CCI de Marseille - I 29,Local/Marseille/Archives_de_la_CCI_de_Marseille-I29/Marseille-1736.csv,Local,1736,Imports,Marseille,3,fer en bandes,Piemont,760,3800,livres,0.2,0,en quintal
110,Ahmed,Archives de la CCI de Marseille - I 29,Local/Marseille/Archives_de_la_CCI_de_Marseille-I29/Marseille-1736.csv,Local,1736,Imports,Marseille,3,fer vieux,Piemont,12,100,livres,0.12,0,en quintal
111,Ahmed,Archives de la CCI de Marseille - I 29,Local/Marseille/Archives_de_la_CCI_de_Marseille-I29/Marseille-1736.csv,Local,1736,Imports,Marseille,3,graisse de boucherie,Piemont,1680,8000,livres,0.21,0,en quintal
112,Ahmed,Archives de la CCI de Marseille - I 29,Local/Marseille/Archives_de_la_CCI_de_Marseille-I29/Marseille-1736.csv,Local,1736,Imports,Marseille,3,graines de chanvre,Piemont,1088,13600,livres,0.08,0,en quintal
113,Ahmed,Archives de la CCI de Marseille - I 29,Local/Marseille/Archives_de_la_CCI_de_Marseille-I29/Marseille-1736.csv,Local,1736,Imports,Marseille,3,harans sors,Piemont,18,200,pièces,0.09,0,en pourcentge
114,Ahmed,Archives de la CCI de Marseille - I 29,Local/Marseille/Archives_de_la_CCI_de_Marseille-I29/Marseille-1736.csv,Local,1736,Imports,Marseille,3,herbages,Piemont,27,12,charges,2.25,0,
115,Ahmed,Archives de la CCI de Marseille - I 29,Local/Marseille/Archives_de_la_CCI_de_Marseille-I29/Marseille-1736.csv,Local,1736,Imports,Marseille,3,liqueurs à boire,Piemont,575,1150,bouteilles,0.5,0,
116,Ahmed,Archives de la CCI de Marseille - I 29,Local/Marseille/Archives_de_la_CCI_de_Marseille-I29/Marseille-1736.csv,Local,1736,Imports,Marseille,3,laine pellade,Piemont,770,3350,livres,0.23,-0.5,en quintal
117,Ahmed,Archives de la CCI de Marseille - I 29,Local/Marseille/Archives_de_la_CCI_de_Marseille-I29/Marseille-1736.csv,Local,1736,Imports,Marseille,3,linge vieux,Piemont,210,,livres,0,0,marchandises en estimation
118,Ahmed,Archives de la CCI de Marseille - I 29,Local/Marseille/Archives_de_la_CCI_de_Marseille-I29/Marseille-1736.csv,Local,1736,Imports,Marseille,4,maquet,Piemont,96,120,barrils,0.8,0,
119,Ahmed,Archives de la CCI de Marseille - I 29,Local/Marseille/Archives_de_la_CCI_de_Marseille-I29/Marseille-1736.csv,Local,1736,Imports,Marseille,4,oranges,Piemont,479,137,charges,3.5,-0.5,arrondi
120,Ahmed,Archives de la CCI de Marseille - I 29,Local/Marseille/Archives_de_la_CCI_de_Marseille-I29/Marseille-1736.csv,Local,1736,Imports,Marseille,4,poisson salé,Piemont,342,19,barrils,18,0,
121,Ahmed,Archives de la CCI de Marseille - I 29,Local/Marseille/Archives_de_la_CCI_de_Marseille-I29/Marseille-1736.csv,Local,1736,Imports,Marseille,4,pommes,Piemont,20,500,livres,0.04,0,en quintal
122,Ahmed,Archives de la CCI de Marseille - I 29,Local/Marseille/Archives_de_la_CCI_de_Marseille-I29/Marseille-1736.csv,Local,1736,Imports,Marseille,4,pelleterie blanche,Piemont,344,765,livres,0.45,-0.25,en quintal
123,Ahmed,Archives de la CCI de Marseille - I 29,Local/Marseille/Archives_de_la_CCI_de_Marseille-I29/Marseille-1736.csv,Local,1736,Imports,Marseille,4,peaux de veau en poil,Piemont,687,2750,livres,0.25,-0.5,arrondi
124,Ahmed,Archives de la CCI de Marseille - I 29,Local/Marseille/Archives_de_la_CCI_de_Marseille-I29/Marseille-1736.csv,Local,1736,Imports,Marseille,4,peaux de chien de mer,Piemont,14,35,livres,0.4,0,
125,Ahmed,Archives de la CCI de Marseille - I 29,Local/Marseille/Archives_de_la_CCI_de_Marseille-I29/Marseille-1736.csv,Local,1736,Imports,Marseille,4,porcelaine commune,Piemont,300,750,livres,0.4,0,
126,Ahmed,Archives de la CCI de Marseille - I 29,Local/Marseille/Archives_de_la_CCI_de_Marseille-I29/Marseille-1736.csv,Local,1736,Imports,Marseille,4,platre,Piemont,4660,4660,quintaux,1,0,
127,Ahmed,Archives de la CCI de Marseille - I 29,Local/Marseille/Archives_de_la_CCI_de_Marseille-I29/Marseille-1736.csv,Local,1736,Imports,Marseille,4,planches de sapin,Piemont,1116,1116,pièces,1,0,
128,Ahmed,Archives de la CCI de Marseille - I 29,Local/Marseille/Archives_de_la_CCI_de_Marseille-I29/Marseille-1736.csv,Local,1736,Imports,Marseille,4,ris,Piemont,6345,70500,livres,0.09,0,en quintal
129,Ahmed,Archives de la CCI de Marseille - I 29,Local/Marseille/Archives_de_la_CCI_de_Marseille-I29/Marseille-1736.csv,Local,1736,Imports,Marseille,4,rossoly,Piemont,75,150,bouteilles,0.5,0,
130,Ahmed,Archives de la CCI de Marseille - I 29,Local/Marseille/Archives_de_la_CCI_de_Marseille-I29/Marseille-1736.csv,Local,1736,Imports,Marseille,4,sardines salées,Piemont,19528,2441,barrils,8,0,
131,Ahmed,Archives de la CCI de Marseille - I 29,Local/Marseille/Archives_de_la_CCI_de_Marseille-I29/Marseille-1736.csv,Local,1736,Imports,Marseille,4,sardines salées,Piemont,129,43000,pièces,0.003,0,en millier
132,Ahmed,Archives de la CCI de Marseille - I 29,Local/Marseille/Archives_de_la_CCI_de_Marseille-I29/Marseille-1736.csv,Local,1736,Imports,Marseille,4,sucre candy,Piemont,7,12,livres,0.6,-0.200000000000001,arrondi
133,Ahmed,Archives de la CCI de Marseille - I 29,Local/Marseille/Archives_de_la_CCI_de_Marseille-I29/Marseille-1736.csv,Local,1736,Imports,Marseille,4,saumure,Piemont,27,9,barrils,3,0,
134,Ahmed,Archives de la CCI de Marseille - I 29,Local/Marseille/Archives_de_la_CCI_de_Marseille-I29/Marseille-1736.csv,Local,1736,Imports,Marseille,4,savon,Piemont,22,100,livres,0.22,0,en quintal
135,Ahmed,Archives de la CCI de Marseille - I 29,Local/Marseille/Archives_de_la_CCI_de_Marseille-I29/Marseille-1736.csv,Local,1736,Imports,Marseille,4,toile blanche,Piemont,157,63,cannes,2.5,-0.5,arrondi
136,Ahmed,Archives de la CCI de Marseille - I 29,Local/Marseille/Archives_de_la_CCI_de_Marseille-I29/Marseille-1736.csv,Local,1736,Imports,Marseille,4,toile vernante,Piemont,460,23,pièces,20,0,
137,Ahmed,Archives de la CCI de Marseille - I 29,Local/Marseille/Archives_de_la_CCI_de_Marseille-I29/Marseille-1736.csv,Local,1736,Imports,Marseille,4,toile d'embalage,Piemont,360,15,pièces,24,0,
138,Ahmed,Archives de la CCI de Marseille - I 29,Local/Marseille/Archives_de_la_CCI_de_Marseille-I29/Marseille-1736.csv,Local,1736,Imports,Marseille,4,teraille blanche,Piemont,80,400,livres,0.2,0,
139,Ahmed,Archives de la CCI de Marseille - I 29,Local/Marseille/Archives_de_la_CCI_de_Marseille-I29/Marseille-1736.csv,Local,1736,Imports,Marseille,4,verre à vitres,Piemont,105,350,livres,0.3,0,
140,Ahmed,Archives de la CCI de Marseille - I 29,Local/Marseille/Archives_de_la_CCI_de_Marseille-I29/Marseille-1736.csv,Local,1736,Imports,Marseille,4,vermichelle,Piemont,4085,21500,livres,0.19,0,en quintal
141,Ahmed,Archives de la CCI de Marseille - I 29,Local/Marseille/Archives_de_la_CCI_de_Marseille-I29/Marseille-1736.csv,Local,1736,Imports,Marseille,4,anis vert,Italie,3671,26225,livres,0.14,-0.500000000000455,en quintal
142,Ahmed,Archives de la CCI de Marseille - I 29,Local/Marseille/Archives_de_la_CCI_de_Marseille-I29/Marseille-1736.csv,Local,1736,Imports,Marseille,4,alun,Italie,40561,289725,livres,0.14,-0.500000000007276,en quintal
143,Ahmed,Archives de la CCI de Marseille - I 29,Local/Marseille/Archives_de_la_CCI_de_Marseille-I29/Marseille-1736.csv,Local,1736,Imports,Marseille,4,agourats de bois,Italie,59,17,douzaine,3.5,-0.5,en quintal
144,Ahmed,Archives de la CCI de Marseille - I 29,Local/Marseille/Archives_de_la_CCI_de_Marseille-I29/Marseille-1736.csv,Local,1736,Imports,Marseille,4,bergamottes,Italie,77,3100,pièces,0.025,-0.5,en pourcentge
145,Ahmed,Archives de la CCI de Marseille - I 29,Local/Marseille/Archives_de_la_CCI_de_Marseille-I29/Marseille-1736.csv,Local,1736,Imports,Marseille,4,bas de coton,Italie,51,51,paires,1,0,
146,Ahmed,Archives de la CCI de Marseille - I 29,Local/Marseille/Archives_de_la_CCI_de_Marseille-I29/Marseille-1736.csv,Local,1736,Imports,Marseille,4,boutons de fil,Italie,96,16,livres,6,0,
147,Ahmed,Archives de la CCI de Marseille - I 29,Local/Marseille/Archives_de_la_CCI_de_Marseille-I29/Marseille-1736.csv,Local,1736,Imports,Marseille,4,balais de palme,Italie,7,96,pièces,0.075,-0.200000000000001,arrondi
148,Ahmed,Archives de la CCI de Marseille - I 29,Local/Marseille/Archives_de_la_CCI_de_Marseille-I29/Marseille-1736.csv,Local,1736,Imports,Marseille,4,bois de rozeau,Italie,60,1200,livres,0.05,0,en quintal
149,Ahmed,Archives de la CCI de Marseille - I 29,Local/Marseille/Archives_de_la_CCI_de_Marseille-I29/Marseille-1736.csv,Local,1736,Imports,Marseille,4,confitures,Italie,2940,4200,livres,0.7,0,
150,Ahmed,Archives de la CCI de Marseille - I 29,Local/Marseille/Archives_de_la_CCI_de_Marseille-I29/Marseille-1736.csv,Local,1736,Imports,Marseille,4,chataignes,Italie,3351,95750,livres,0.035,-0.250000000000455,en quintal
151,Ahmed,Archives de la CCI de Marseille - I 29,Local/Marseille/Archives_de_la_CCI_de_Marseille-I29/Marseille-1736.csv,Local,1736,Imports,Marseille,4,citrons,Italie,2076,692000,pièces,0.003,0,erreur sur le prix: marqué 3lt le quintal au lieu de 3lt le millier.
152,Ahmed,Archives de la CCI de Marseille - I 29,Local/Marseille/Archives_de_la_CCI_de_Marseille-I29/Marseille-1736.csv,Local,1736,Imports,Marseille,4,citrons,Italie,3116,138500,livres,0.0225,-0.250000000000455,en pourcentge
153,Ahmed,Archives de la CCI de Marseille - I 29,Local/Marseille/Archives_de_la_CCI_de_Marseille-I29/Marseille-1736.csv,Local,1736,Imports,Marseille,4,capotes,Italie,215,,livres,0,0,marchandises en estimation
154,Ahmed,Archives de la CCI de Marseille - I 29,Local/Marseille/Archives_de_la_CCI_de_Marseille-I29/Marseille-1736.csv,Local,1736,Imports,Marseille,4,cuirs doré,Italie,187,150,livres,1.25,-0.5,arrondi
155,Ahmed,Archives de la CCI de Marseille - I 29,Local/Marseille/Archives_de_la_CCI_de_Marseille-I29/Marseille-1736.csv,Local,1736,Imports,Marseille,4,cuirs de beuf en poil,Italie,192,16,pièces,12,0,
156,Ahmed,Archives de la CCI de Marseille - I 29,Local/Marseille/Archives_de_la_CCI_de_Marseille-I29/Marseille-1736.csv,Local,1736,Imports,Marseille,4,chanvre peigné,Italie,12285,34125,livres,0.36,0,en pourcentge
157,Ahmed,Archives de la CCI de Marseille - I 29,Local/Marseille/Archives_de_la_CCI_de_Marseille-I29/Marseille-1736.csv,Local,1736,Imports,Marseille,4,chanvre cru,Italie,26376,125600,livres,0.21,0,en quintal
158,Ahmed,Archives de la CCI de Marseille - I 29,Local/Marseille/Archives_de_la_CCI_de_Marseille-I29/Marseille-1736.csv,Local,1736,Imports,Marseille,4,cordes de chanvre,Italie,90,375,livres,0.24,0,en quintal
159,Ahmed,Archives de la CCI de Marseille - I 29,Local/Marseille/Archives_de_la_CCI_de_Marseille-I29/Marseille-1736.csv,Local,1736,Imports,Marseille,4,coton filé,Italie,645,1500,livres,0.43,0,en quintal
160,Ahmed,Archives de la CCI de Marseille - I 29,Local/Marseille/Archives_de_la_CCI_de_Marseille-I29/Marseille-1736.csv,Local,1736,Imports,Marseille,4,chandelle,Italie,37,170,livres,0.22,-0.399999999999999,en quintal
161,Ahmed,Archives de la CCI de Marseille - I 29,Local/Marseille/Archives_de_la_CCI_de_Marseille-I29/Marseille-1736.csv,Local,1736,Imports,Marseille,4,cuivre vieux,Italie,22988,28735,livres,0.8,0,en quintal
162,Ahmed,Archives de la CCI de Marseille - I 29,Local/Marseille/Archives_de_la_CCI_de_Marseille-I29/Marseille-1736.csv,Local,1736,Imports,Marseille,4,couperose,Italie,6253,125075,livres,0.05,-0.75,en quintal
163,Ahmed,Archives de la CCI de Marseille - I 29,Local/Marseille/Archives_de_la_CCI_de_Marseille-I29/Marseille-1736.csv,Local,1736,Imports,Marseille,4,chapeau de paille,Italie,423,564,pièces,0.75,0,
164,Ahmed,Archives de la CCI de Marseille - I 29,Local/Marseille/Archives_de_la_CCI_de_Marseille-I29/Marseille-1736.csv,Local,1736,Imports,Marseille,4,corbeilles d'ozier,Italie,605,173,douzaine,3.5,-0.5,arrondi
165,Ahmed,Archives de la CCI de Marseille - I 29,Local/Marseille/Archives_de_la_CCI_de_Marseille-I29/Marseille-1736.csv,Local,1736,Imports,Marseille,4,cercles à tamis,Italie,250,50,rodes,5,0,
166,Ahmed,Archives de la CCI de Marseille - I 29,Local/Marseille/Archives_de_la_CCI_de_Marseille-I29/Marseille-1736.csv,Local,1736,Imports,Marseille,4,cercles à tonneaux,Italie,3123,3123,rodes,1,0,
167,Ahmed,Archives de la CCI de Marseille - I 29,Local/Marseille/Archives_de_la_CCI_de_Marseille-I29/Marseille-1736.csv,Local,1736,Imports,Marseille,4,cercles à tonneaux,Italie,100,57650,pièces,0.00175,-0.887500000000017,en millier
168,Ahmed,Archives de la CCI de Marseille - I 29,Local/Marseille/Archives_de_la_CCI_de_Marseille-I29/Marseille-1736.csv,Local,1736,Imports,Marseille,4,cercles à tonneaux,Italie,1361,136100,livres,0.01,0,en quintal
169,Ahmed,Archives de la CCI de Marseille - I 29,Local/Marseille/Archives_de_la_CCI_de_Marseille-I29/Marseille-1736.csv,Local,1736,Imports,Marseille,4,chevrons,Italie,39,78,pièces,0.5,0,
170,Ahmed,Archives de la CCI de Marseille - I 29,Local/Marseille/Archives_de_la_CCI_de_Marseille-I29/Marseille-1736.csv,Local,1736,Imports,Marseille,4,douves à tonneaux,Italie,2090,380,charges,5.5,0,
171,Ahmed,Archives de la CCI de Marseille - I 29,Local/Marseille/Archives_de_la_CCI_de_Marseille-I29/Marseille-1736.csv,Local,1736,Imports,Marseille,4,douves à tonneaux,Italie,1360,340,canelles,4,0,
172,Ahmed,Archives de la CCI de Marseille - I 29,Local/Marseille/Archives_de_la_CCI_de_Marseille-I29/Marseille-1736.csv,Local,1736,Imports,Marseille,4,douves à tonneaux,Italie,1534,102275,pièces,0.015,-0.125,en quintal
173,Ahmed,Archives de la CCI de Marseille - I 29,Local/Marseille/Archives_de_la_CCI_de_Marseille-I29/Marseille-1736.csv,Local,1736,Imports,Marseille,5,douves à tonneaux,Italie,5006,222500,livres,0.0225,-0.250000000000909,en quintal
174,Ahmed,Archives de la CCI de Marseille - I 29,Local/Marseille/Archives_de_la_CCI_de_Marseille-I29/Marseille-1736.csv,Local,1736,Imports,Marseille,5,drogues d'apoticaires,Italie,675,675,livres,1,0,
175,Ahmed,Archives de la CCI de Marseille - I 29,Local/Marseille/Archives_de_la_CCI_de_Marseille-I29/Marseille-1736.csv,Local,1736,Imports,Marseille,5,"etoffe or, argent et soye",Italie,18880,236,livres,80,0,
176,Ahmed,Archives de la CCI de Marseille - I 29,Local/Marseille/Archives_de_la_CCI_de_Marseille-I29/Marseille-1736.csv,Local,1736,Imports,Marseille,5,etoffe de soye,Italie,54580,1364.5,livres,40,0,1364 livres et 1/2
177,Ahmed,Archives de la CCI de Marseille - I 29,Local/Marseille/Archives_de_la_CCI_de_Marseille-I29/Marseille-1736.csv,Local,1736,Imports,Marseille,5,eau de fleur d'orange,Italie,400,800,livres,0.5,0,
178,Ahmed,Archives de la CCI de Marseille - I 29,Local/Marseille/Archives_de_la_CCI_de_Marseille-I29/Marseille-1736.csv,Local,1736,Imports,Marseille,5,fromages de sardaignes,Italie,10811,72075,livres,0.15,-0.25,en quintal
179,Ahmed,Archives de la CCI de Marseille - I 29,Local/Marseille/Archives_de_la_CCI_de_Marseille-I29/Marseille-1736.csv,Local,1736,Imports,Marseille,5,fleurs artificielles,Italie,1590,53,livres,30,0,
180,Ahmed,Archives de la CCI de Marseille - I 29,Local/Marseille/Archives_de_la_CCI_de_Marseille-I29/Marseille-1736.csv,Local,1736,Imports,Marseille,5,filets à pescher,Italie,450,225,livres,2,0,
181,Ahmed,Archives de la CCI de Marseille - I 29,Local/Marseille/Archives_de_la_CCI_de_Marseille-I29/Marseille-1736.csv,Local,1736,Imports,Marseille,5,fer ouvré,Italie,195,975,livres,0.2,0,en quintal
182,Ahmed,Archives de la CCI de Marseille - I 29,Local/Marseille/Archives_de_la_CCI_de_Marseille-I29/Marseille-1736.csv,Local,1736,Imports,Marseille,5,fer en barres,Italie,225,1500,livres,0.15,0,en quintal
183,Ahmed,Archives de la CCI de Marseille - I 29,Local/Marseille/Archives_de_la_CCI_de_Marseille-I29/Marseille-1736.csv,Local,1736,Imports,Marseille,5,fer vieux,Italie,81,675,livres,0.12,0,en quintal
184,Ahmed,Archives de la CCI de Marseille - I 29,Local/Marseille/Archives_de_la_CCI_de_Marseille-I29/Marseille-1736.csv,Local,1736,Imports,Marseille,5,graine de verre à soye,Italie,72,6,livres,12,0,
185,Ahmed,Archives de la CCI de Marseille - I 29,Local/Marseille/Archives_de_la_CCI_de_Marseille-I29/Marseille-1736.csv,Local,1736,Imports,Marseille,5,galles legeres,Italie,5382,28330,livres,0.19,-0.699999999999818,en quintal
186,Ahmed,Archives de la CCI de Marseille - I 29,Local/Marseille/Archives_de_la_CCI_de_Marseille-I29/Marseille-1736.csv,Local,1736,Imports,Marseille,5,graine de chanvre,Italie,1814,22685,livres,0.08,-0.799999999999955,en quintal
187,Ahmed,Archives de la CCI de Marseille - I 29,Local/Marseille/Archives_de_la_CCI_de_Marseille-I29/Marseille-1736.csv,Local,1736,Imports,Marseille,5,jaune de naple,Italie,63,425,livres,0.15,-0.75,en quintal
188,Ahmed,Archives de la CCI de Marseille - I 29,Local/Marseille/Archives_de_la_CCI_de_Marseille-I29/Marseille-1736.csv,Local,1736,Imports,Marseille,5,iris de florence,Italie,212,1325,livres,0.16,0,en pourcentge
189,Ahmed,Archives de la CCI de Marseille - I 29,Local/Marseille/Archives_de_la_CCI_de_Marseille-I29/Marseille-1736.csv,Local,1736,Imports,Marseille,5,jus de citron,Italie,1276,21275,livres,0.06,-0.5,en quintal
190,Ahmed,Archives de la CCI de Marseille - I 29,Local/Marseille/Archives_de_la_CCI_de_Marseille-I29/Marseille-1736.csv,Local,1736,Imports,Marseille,5,huille d'olive,Italie,20162,593,milleroles,34,0,
191,Ahmed,Archives de la CCI de Marseille - I 29,Local/Marseille/Archives_de_la_CCI_de_Marseille-I29/Marseille-1736.csv,Local,1736,Imports,Marseille,5,manne de calabre,Italie,46650,62200,livres,0.75,0,
192,Ahmed,Archives de la CCI de Marseille - I 29,Local/Marseille/Archives_de_la_CCI_de_Marseille-I29/Marseille-1736.csv,Local,1736,Imports,Marseille,5,mercerie,Italie,3332,833,livres,4,0,
193,Ahmed,Archives de la CCI de Marseille - I 29,Local/Marseille/Archives_de_la_CCI_de_Marseille-I29/Marseille-1736.csv,Local,1736,Imports,Marseille,5,marchandises à l'estimation,Italie,320,1,en valeur,320,0,marchandises en estimation
194,Ahmed,Archives de la CCI de Marseille - I 29,Local/Marseille/Archives_de_la_CCI_de_Marseille-I29/Marseille-1736.csv,Local,1736,Imports,Marseille,5,marbre en tables,Italie,388,11100,livres,0.035,-0.500000000000057,en quintal
195,Ahmed,Archives de la CCI de Marseille - I 29,Local/Marseille/Archives_de_la_CCI_de_Marseille-I29/Marseille-1736.csv,Local,1736,Imports,Marseille,5,marbre brut,Italie,237,11875,livres,0.02,-0.5,en quintal
196,Ahmed,Archives de la CCI de Marseille - I 29,Local/Marseille/Archives_de_la_CCI_de_Marseille-I29/Marseille-1736.csv,Local,1736,Imports,Marseille,5,mortiers de marbre,Italie,344,344,pièces,1,0,
197,Ahmed,Archives de la CCI de Marseille - I 29,Local/Marseille/Archives_de_la_CCI_de_Marseille-I29/Marseille-1736.csv,Local,1736,Imports,Marseille,5,mortiers de pierre,Italie,25,50,pièces,0.5,0,
198,Ahmed,Archives de la CCI de Marseille - I 29,Local/Marseille/Archives_de_la_CCI_de_Marseille-I29/Marseille-1736.csv,Local,1736,Imports,Marseille,5,noisettes,Italie,2095,34925,livres,0.06,-0.5,
199,Ahmed,Archives de la CCI de Marseille - I 29,Local/Marseille/Archives_de_la_CCI_de_Marseille-I29/Marseille-1736.csv,Local,1736,Imports,Marseille,5,oranges,Italie,1371,475000,pièces,0.003,-54,arrondi
200,Ahmed,Archives de la CCI de Marseille - I 29,Local/Marseille/Archives_de_la_CCI_de_Marseille-I29/Marseille-1736.csv,Local,1736,Imports,Marseille,5,orangelets secs,Italie,171,570,livres,0.3,0,
201,Ahmed,Archives de la CCI de Marseille - I 29,Local/Marseille/Archives_de_la_CCI_de_Marseille-I29/Marseille-1736.csv,Local,1736,Imports,Marseille,5,pistaches,Italie,10777,14370,livres,0.75,-0.5,arrondi
202,Ahmed,Archives de la CCI de Marseille - I 29,Local/Marseille/Archives_de_la_CCI_de_Marseille-I29/Marseille-1736.csv,Local,1736,Imports,Marseille,5,pommes et poires,Italie,106,3550,livres,0.03,-0.5,en quintal
203,Ahmed,Archives de la CCI de Marseille - I 29,Local/Marseille/Archives_de_la_CCI_de_Marseille-I29/Marseille-1736.csv,Local,1736,Imports,Marseille,5,poisson frais,Italie,50,500,livres,0.1,0,
204,Ahmed,Archives de la CCI de Marseille - I 29,Local/Marseille/Archives_de_la_CCI_de_Marseille-I29/Marseille-1736.csv,Local,1736,Imports,Marseille,5,pomade,Italie,199,570,livres,0.35,-0.500000000000028,arrondi
205,Ahmed,Archives de la CCI de Marseille - I 29,Local/Marseille/Archives_de_la_CCI_de_Marseille-I29/Marseille-1736.csv,Local,1736,Imports,Marseille,5,paste d'amande,Italie,40,100,livres,0.4,0,
206,Ahmed,Archives de la CCI de Marseille - I 29,Local/Marseille/Archives_de_la_CCI_de_Marseille-I29/Marseille-1736.csv,Local,1736,Imports,Marseille,5,parapluyes,Italie,1104,368,pièces,3,0,
207,Ahmed,Archives de la CCI de Marseille - I 29,Local/Marseille/Archives_de_la_CCI_de_Marseille-I29/Marseille-1736.csv,Local,1736,Imports,Marseille,5,papier estrasse,Italie,334,835,livres,0.4,0,
208,Ahmed,Archives de la CCI de Marseille - I 29,Local/Marseille/Archives_de_la_CCI_de_Marseille-I29/Marseille-1736.csv,Local,1736,Imports,Marseille,5,peau de veau en poil,Italie,1534,5115,livres,0.3,-0.500000000000227,arrondi
209,Ahmed,Archives de la CCI de Marseille - I 29,Local/Marseille/Archives_de_la_CCI_de_Marseille-I29/Marseille-1736.csv,Local,1736,Imports,Marseille,5,poterie de gray,Italie,290,2900,livres,0.1,0,
210,Ahmed,Archives de la CCI de Marseille - I 29,Local/Marseille/Archives_de_la_CCI_de_Marseille-I29/Marseille-1736.csv,Local,1736,Imports,Marseille,5,poutres,Italie,175,7,pièces,25,0,
211,Ahmed,Archives de la CCI de Marseille - I 29,Local/Marseille/Archives_de_la_CCI_de_Marseille-I29/Marseille-1736.csv,Local,1736,Imports,Marseille,5,planches de sapin,Italie,490,730,pièces,0.67,0.899999999999977,arrondi (730 pièces et 8 tl la douzaine )
212,Ahmed,Archives de la CCI de Marseille - I 29,Local/Marseille/Archives_de_la_CCI_de_Marseille-I29/Marseille-1736.csv,Local,1736,Imports,Marseille,5,ris,Italie,70367,703675,livres,0.1,-0.5,en quintal
213,Ahmed,Archives de la CCI de Marseille - I 29,Local/Marseille/Archives_de_la_CCI_de_Marseille-I29/Marseille-1736.csv,Local,1736,Imports,Marseille,5,rossoly,Italie,78,156,bouteilles,0.5,0,
214,Ahmed,Archives de la CCI de Marseille - I 29,Local/Marseille/Archives_de_la_CCI_de_Marseille-I29/Marseille-1736.csv,Local,1736,Imports,Marseille,5,rouge d'Espagne,Italie,345,345,douz,1,0,
215,Ahmed,Archives de la CCI de Marseille - I 29,Local/Marseille/Archives_de_la_CCI_de_Marseille-I29/Marseille-1736.csv,Local,1736,Imports,Marseille,5,saucisson,Italie,65,82,livres,0.8,-0.600000000000009,arrondi
216,Ahmed,Archives de la CCI de Marseille - I 29,Local/Marseille/Archives_de_la_CCI_de_Marseille-I29/Marseille-1736.csv,Local,1736,Imports,Marseille,5,soye apretée,Italie,167544,4654,livres,36,0,
217,Ahmed,Archives de la CCI de Marseille - I 29,Local/Marseille/Archives_de_la_CCI_de_Marseille-I29/Marseille-1736.csv,Local,1736,Imports,Marseille,5,soye crue,Italie,2486289,191253,livres,13,0,
218,Ahmed,Archives de la CCI de Marseille - I 29,Local/Marseille/Archives_de_la_CCI_de_Marseille-I29/Marseille-1736.csv,Local,1736,Imports,Marseille,5,soye etoupe,Italie,1932,644,livres,3,0,
219,Ahmed,Archives de la CCI de Marseille - I 29,Local/Marseille/Archives_de_la_CCI_de_Marseille-I29/Marseille-1736.csv,Local,1736,Imports,Marseille,5,savon,Italie,297,1350,livres,0.22,0,en quintal
220,Ahmed,Archives de la CCI de Marseille - I 29,Local/Marseille/Archives_de_la_CCI_de_Marseille-I29/Marseille-1736.csv,Local,1736,Imports,Marseille,5,souffre,Italie,32912,299200,livres,0.11,0,en quintal
221,Ahmed,Archives de la CCI de Marseille - I 29,Local/Marseille/Archives_de_la_CCI_de_Marseille-I29/Marseille-1736.csv,Local,1736,Imports,Marseille,5,teriaque,Italie,54,54,livres,1,0,
222,Ahmed,Archives de la CCI de Marseille - I 29,Local/Marseille/Archives_de_la_CCI_de_Marseille-I29/Marseille-1736.csv,Local,1736,Imports,Marseille,5,tableau commun sur toile,Italie,205,410,livres,0.5,0,
223,Ahmed,Archives de la CCI de Marseille - I 29,Local/Marseille/Archives_de_la_CCI_de_Marseille-I29/Marseille-1736.csv,Local,1736,Imports,Marseille,5,toile royale,Italie,630,21,pièces,30,0,
224,Ahmed,Archives de la CCI de Marseille - I 29,Local/Marseille/Archives_de_la_CCI_de_Marseille-I29/Marseille-1736.csv,Local,1736,Imports,Marseille,5,tonneaux cercles de bois,Italie,1356,339,pièces,4,0,
225,Ahmed,Archives de la CCI de Marseille - I 29,Local/Marseille/Archives_de_la_CCI_de_Marseille-I29/Marseille-1736.csv,Local,1736,Imports,Marseille,5,terre à pipes,Italie,3628,90700,livres,0.04,0,en quintal
226,Ahmed,Archives de la CCI de Marseille - I 29,Local/Marseille/Archives_de_la_CCI_de_Marseille-I29/Marseille-1736.csv,Local,1736,Imports,Marseille,5,vin muscat,Italie,180,9,charges,20,0,
227,Ahmed,Archives de la CCI de Marseille - I 29,Local/Marseille/Archives_de_la_CCI_de_Marseille-I29/Marseille-1736.csv,Local,1736,Imports,Marseille,5,vin muscat,Italie,96,16,douzaine,6,0,
228,Ahmed,Archives de la CCI de Marseille - I 29,Local/Marseille/Archives_de_la_CCI_de_Marseille-I29/Marseille-1736.csv,Local,1736,Imports,Marseille,5,vermichel,Italie,9792,65280,livres,0.15,0,en quintal
229,Ahmed,Archives de la CCI de Marseille - I 29,Local/Marseille/Archives_de_la_CCI_de_Marseille-I29/Marseille-1736.csv,Local,1736,Imports,Marseille,5,velours,Italie,136600,2732,livres,50,0,
230,Ahmed,Archives de la CCI de Marseille - I 29,Local/Marseille/Archives_de_la_CCI_de_Marseille-I29/Marseille-1736.csv,Local,1736,Imports,Marseille,5,vitriol,Italie,25,50,livres,0.5,0,
231,Ahmed,Archives de la CCI de Marseille - I 29,Local/Marseille/Archives_de_la_CCI_de_Marseille-I29/Marseille-1736.csv,Local,1736,Imports,Marseille,6,assafetida,levant,162,81,livres,2,0,
232,Ahmed,Archives de la CCI de Marseille - I 29,Local/Marseille/Archives_de_la_CCI_de_Marseille-I29/Marseille-1736.csv,Local,1736,Imports,Marseille,6,bled froment,levant,4000,200,charges,20,0,
233,Ahmed,Archives de la CCI de Marseille - I 29,Local/Marseille/Archives_de_la_CCI_de_Marseille-I29/Marseille-1736.csv,Local,1736,Imports,Marseille,6,baume,levant,650,65,livres,10,0,
234,Ahmed,Archives de la CCI de Marseille - I 29,Local/Marseille/Archives_de_la_CCI_de_Marseille-I29/Marseille-1736.csv,Local,1736,Imports,Marseille,6,bol,levant,185,185,livres,1,0,
235,Ahmed,Archives de la CCI de Marseille - I 29,Local/Marseille/Archives_de_la_CCI_de_Marseille-I29/Marseille-1736.csv,Local,1736,Imports,Marseille,6,babouches,levant,3080,3080,paires,1,0,
236,Ahmed,Archives de la CCI de Marseille - I 29,Local/Marseille/Archives_de_la_CCI_de_Marseille-I29/Marseille-1736.csv,Local,1736,Imports,Marseille,6,botines,levant,4,2,paires,2,0,
237,Ahmed,Archives de la CCI de Marseille - I 29,Local/Marseille/Archives_de_la_CCI_de_Marseille-I29/Marseille-1736.csv,Local,1736,Imports,Marseille,6,bois de gayac,levant,220,550,livres,0.4,0,
238,Ahmed,Archives de la CCI de Marseille - I 29,Local/Marseille/Archives_de_la_CCI_de_Marseille-I29/Marseille-1736.csv,Local,1736,Imports,Marseille,6,bois de buy,levant,61,1225,livres,0.05,-0.25,en quintal
239,Ahmed,Archives de la CCI de Marseille - I 29,Local/Marseille/Archives_de_la_CCI_de_Marseille-I29/Marseille-1736.csv,Local,1736,Imports,Marseille,6,balais de palme,levant,60,960,pièces,0.0625,0,
240,Ahmed,Archives de la CCI de Marseille - I 29,Local/Marseille/Archives_de_la_CCI_de_Marseille-I29/Marseille-1736.csv,Local,1736,Imports,Marseille,6,caffé,levant,183982,108225,livres,1.7,-0.500000000029104,arrondi
241,Ahmed,Archives de la CCI de Marseille - I 29,Local/Marseille/Archives_de_la_CCI_de_Marseille-I29/Marseille-1736.csv,Local,1736,Imports,Marseille,6,casse,levant,205,1025,livres,0.2,0,en quintal
242,Ahmed,Archives de la CCI de Marseille - I 29,Local/Marseille/Archives_de_la_CCI_de_Marseille-I29/Marseille-1736.csv,Local,1736,Imports,Marseille,6,coloquinte,levant,760,800,livres,0.95,0,
243,Ahmed,Archives de la CCI de Marseille - I 29,Local/Marseille/Archives_de_la_CCI_de_Marseille-I29/Marseille-1736.csv,Local,1736,Imports,Marseille,6,coque de levant,levant,820,820,livres,1,0,
244,Ahmed,Archives de la CCI de Marseille - I 29,Local/Marseille/Archives_de_la_CCI_de_Marseille-I29/Marseille-1736.csv,Local,1736,Imports,Marseille,6,cire jaune,levant,67472,57180,livres,1.18,-0.399999999994179,en quintal
245,Ahmed,Archives de la CCI de Marseille - I 29,Local/Marseille/Archives_de_la_CCI_de_Marseille-I29/Marseille-1736.csv,Local,1736,Imports,Marseille,6,cuir de beuf en poil,levant,144408,12034,pièces,12,0,
246,Ahmed,Archives de la CCI de Marseille - I 29,Local/Marseille/Archives_de_la_CCI_de_Marseille-I29/Marseille-1736.csv,Local,1736,Imports,Marseille,6,coton en laine,levant,355656,740950,livres,0.48,0,en quintal
247,Ahmed,Archives de la CCI de Marseille - I 29,Local/Marseille/Archives_de_la_CCI_de_Marseille-I29/Marseille-1736.csv,Local,1736,Imports,Marseille,6,coton filé commun,levant,399437,726250,livres,0.55,-0.500000000058208,en quintal
248,Ahmed,Archives de la CCI de Marseille - I 29,Local/Marseille/Archives_de_la_CCI_de_Marseille-I29/Marseille-1736.csv,Local,1736,Imports,Marseille,6,coton filé; fin d'once,levant,7820,7820,livres,1,0,en quintal
249,Ahmed,Archives de la CCI de Marseille - I 29,Local/Marseille/Archives_de_la_CCI_de_Marseille-I29/Marseille-1736.csv,Local,1736,Imports,Marseille,6,caffetieres de metal,levant,3012,1004,pièces,3,0,
250,Ahmed,Archives de la CCI de Marseille - I 29,Local/Marseille/Archives_de_la_CCI_de_Marseille-I29/Marseille-1736.csv,Local,1736,Imports,Marseille,6,cuivre tangou,levant,21712,28950,livres,0.75,-0.5,en quintal
251,Ahmed,Archives de la CCI de Marseille - I 29,Local/Marseille/Archives_de_la_CCI_de_Marseille-I29/Marseille-1736.csv,Local,1736,Imports,Marseille,6,cornes de mouton,levant,1641,32825,livres,0.05,-0.25,en quintal
252,Ahmed,Archives de la CCI de Marseille - I 29,Local/Marseille/Archives_de_la_CCI_de_Marseille-I29/Marseille-1736.csv,Local,1736,Imports,Marseille,6,cendre,levant,7000,175,sacs,40,0,
253,Ahmed,Archives de la CCI de Marseille - I 29,Local/Marseille/Archives_de_la_CCI_de_Marseille-I29/Marseille-1736.csv,Local,1736,Imports,Marseille,6,cendre,levant,1500,16675,livres,0.09,-0.75,en quintal
254,Ahmed,Archives de la CCI de Marseille - I 29,Local/Marseille/Archives_de_la_CCI_de_Marseille-I29/Marseille-1736.csv,Local,1736,Imports,Marseille,6,dattes,levant,1545,10300,livres,0.15,0,en quintal
255,Ahmed,Archives de la CCI de Marseille - I 29,Local/Marseille/Archives_de_la_CCI_de_Marseille-I29/Marseille-1736.csv,Local,1736,Imports,Marseille,6,drogueries communes,levant,23100,23100,livres,1,0,
256,Ahmed,Archives de la CCI de Marseille - I 29,Local/Marseille/Archives_de_la_CCI_de_Marseille-I29/Marseille-1736.csv,Local,1736,Imports,Marseille,6,drogueries fines,levant,2700,900,livres,3,0,
257,Ahmed,Archives de la CCI de Marseille - I 29,Local/Marseille/Archives_de_la_CCI_de_Marseille-I29/Marseille-1736.csv,Local,1736,Imports,Marseille,6,encens,levant,3700,9250,livres,0.4,0,en quintal
258,Ahmed,Archives de la CCI de Marseille - I 29,Local/Marseille/Archives_de_la_CCI_de_Marseille-I29/Marseille-1736.csv,Local,1736,Imports,Marseille,6,eponges,levant,8354,19430,livres,0.43,-0.899999999999636,en quintal
259,Ahmed,Archives de la CCI de Marseille - I 29,Local/Marseille/Archives_de_la_CCI_de_Marseille-I29/Marseille-1736.csv,Local,1736,Imports,Marseille,6,fil de poil de chevre,levant,810,360,livres,2.25,0,
260,Ahmed,Archives de la CCI de Marseille - I 29,Local/Marseille/Archives_de_la_CCI_de_Marseille-I29/Marseille-1736.csv,Local,1736,Imports,Marseille,6,graine de canarie,levant,2608,52175,livres,0.05,-0.75,en quintal
261,Ahmed,Archives de la CCI de Marseille - I 29,Local/Marseille/Archives_de_la_CCI_de_Marseille-I29/Marseille-1736.csv,Local,1736,Imports,Marseille,6,galles d'alep,levant,43143,95875,livres,0.45,-0.75,en quintal
262,Ahmed,Archives de la CCI de Marseille - I 29,Local/Marseille/Archives_de_la_CCI_de_Marseille-I29/Marseille-1736.csv,Local,1736,Imports,Marseille,6,gomme arabique,levant,8636,25400,livres,0.34,0,en quintal
263,Ahmed,Archives de la CCI de Marseille - I 29,Local/Marseille/Archives_de_la_CCI_de_Marseille-I29/Marseille-1736.csv,Local,1736,Imports,Marseille,6,gomme turique,levant,6916,24700,livres,0.28,0,en quintal
264,Ahmed,Archives de la CCI de Marseille - I 29,Local/Marseille/Archives_de_la_CCI_de_Marseille-I29/Marseille-1736.csv,Local,1736,Imports,Marseille,6,gomme à dragan,levant,4680,7800,livres,0.6,0,en quintal
265,Ahmed,Archives de la CCI de Marseille - I 29,Local/Marseille/Archives_de_la_CCI_de_Marseille-I29/Marseille-1736.csv,Local,1736,Imports,Marseille,6,gomme elemi,levant,630,280,livres,2.25,0,
266,Ahmed,Archives de la CCI de Marseille - I 29,Local/Marseille/Archives_de_la_CCI_de_Marseille-I29/Marseille-1736.csv,Local,1736,Imports,Marseille,6,hermodate,levant,235,840,livres,0.28,-0.200000000000017,en quintal
267,Ahmed,Archives de la CCI de Marseille - I 29,Local/Marseille/Archives_de_la_CCI_de_Marseille-I29/Marseille-1736.csv,Local,1736,Imports,Marseille,6,jus de citron,levant,14784,246400,livres,0.06,0,en quintal
268,Ahmed,Archives de la CCI de Marseille - I 29,Local/Marseille/Archives_de_la_CCI_de_Marseille-I29/Marseille-1736.csv,Local,1736,Imports,Marseille,6,legumes,levant,2761,55225,livres,0.05,-0.25,en quintal
269,Ahmed,Archives de la CCI de Marseille - I 29,Local/Marseille/Archives_de_la_CCI_de_Marseille-I29/Marseille-1736.csv,Local,1736,Imports,Marseille,6,laine de vigogne,levant,1872,416,livres,4.5,0,
270,Ahmed,Archives de la CCI de Marseille - I 29,Local/Marseille/Archives_de_la_CCI_de_Marseille-I29/Marseille-1736.csv,Local,1736,Imports,Marseille,6,laine pellade,levant,9915,33050,livres,0.3,0,en quintal
271,Ahmed,Archives de la CCI de Marseille - I 29,Local/Marseille/Archives_de_la_CCI_de_Marseille-I29/Marseille-1736.csv,Local,1736,Imports,Marseille,6,laine surge,levant,38737,154950,livres,0.25,-0.5,en quintal
272,Ahmed,Archives de la CCI de Marseille - I 29,Local/Marseille/Archives_de_la_CCI_de_Marseille-I29/Marseille-1736.csv,Local,1736,Imports,Marseille,6,lin peigné,levant,947,2060,livres,0.46,-0.600000000000023,en quintal
273,Ahmed,Archives de la CCI de Marseille - I 29,Local/Marseille/Archives_de_la_CCI_de_Marseille-I29/Marseille-1736.csv,Local,1736,Imports,Marseille,6,lin cru,levant,693,2775,livres,0.25,-0.75,en quintal
274,Ahmed,Archives de la CCI de Marseille - I 29,Local/Marseille/Archives_de_la_CCI_de_Marseille-I29/Marseille-1736.csv,Local,1736,Imports,Marseille,6,opium,levant,183,61,livres,3,0,
275,Ahmed,Archives de la CCI de Marseille - I 29,Local/Marseille/Archives_de_la_CCI_de_Marseille-I29/Marseille-1736.csv,Local,1736,Imports,Marseille,6,plume d'autruche ouvré,levant,2070,115,livres,18,0,
276,Ahmed,Archives de la CCI de Marseille - I 29,Local/Marseille/Archives_de_la_CCI_de_Marseille-I29/Marseille-1736.csv,Local,1736,Imports,Marseille,6,plume d'autre brute,levant,4650,1550,livres,3,0,lire autruche
277,Ahmed,Archives de la CCI de Marseille - I 29,Local/Marseille/Archives_de_la_CCI_de_Marseille-I29/Marseille-1736.csv,Local,1736,Imports,Marseille,6,peaux de marroquin,levant,625,500,pièces,1.25,0,
278,Ahmed,Archives de la CCI de Marseille - I 29,Local/Marseille/Archives_de_la_CCI_de_Marseille-I29/Marseille-1736.csv,Local,1736,Imports,Marseille,6,peaux petites de barbe,levant,20220,50550,pièces,0.4,0,
279,Ahmed,Archives de la CCI de Marseille - I 29,Local/Marseille/Archives_de_la_CCI_de_Marseille-I29/Marseille-1736.csv,Local,1736,Imports,Marseille,6,poil de chameau,levant,101745,67830,livres,1.5,0,
280,Ahmed,Archives de la CCI de Marseille - I 29,Local/Marseille/Archives_de_la_CCI_de_Marseille-I29/Marseille-1736.csv,Local,1736,Imports,Marseille,6,poil de chevre,levant,803505,267835,livres,3,0,
281,Ahmed,Archives de la CCI de Marseille - I 29,Local/Marseille/Archives_de_la_CCI_de_Marseille-I29/Marseille-1736.csv,Local,1736,Imports,Marseille,6,pierres ponces,levant,140,2800,livres,0.05,0,en quintal
282,Ahmed,Archives de la CCI de Marseille - I 29,Local/Marseille/Archives_de_la_CCI_de_Marseille-I29/Marseille-1736.csv,Local,1736,Imports,Marseille,6,ris,levant,37755,377550,livres,0.1,0,en quintal
283,Ahmed,Archives de la CCI de Marseille - I 29,Local/Marseille/Archives_de_la_CCI_de_Marseille-I29/Marseille-1736.csv,Local,1736,Imports,Marseille,6,raisin sec,levant,850,8500,livres,0.1,0,en quintal
284,Ahmed,Archives de la CCI de Marseille - I 29,Local/Marseille/Archives_de_la_CCI_de_Marseille-I29/Marseille-1736.csv,Local,1736,Imports,Marseille,6,raisin de corinte,levant,1845,15375,livres,0.12,0,en quintal
285,Ahmed,Archives de la CCI de Marseille - I 29,Local/Marseille/Archives_de_la_CCI_de_Marseille-I29/Marseille-1736.csv,Local,1736,Imports,Marseille,6,rubarbe,levant,30800,616,livres,50,0,
286,Ahmed,Archives de la CCI de Marseille - I 29,Local/Marseille/Archives_de_la_CCI_de_Marseille-I29/Marseille-1736.csv,Local,1736,Imports,Marseille,6,sené,levant,15437,12350,livres,1.25,-0.5,arrondi
287,Ahmed,Archives de la CCI de Marseille - I 29,Local/Marseille/Archives_de_la_CCI_de_Marseille-I29/Marseille-1736.csv,Local,1736,Imports,Marseille,6,sené en grabeau,levant,196,1640,livres,0.12,-0.799999999999983,en quintal
288,Ahmed,Archives de la CCI de Marseille - I 29,Local/Marseille/Archives_de_la_CCI_de_Marseille-I29/Marseille-1736.csv,Local,1736,Imports,Marseille,6,scamonée,levant,7371,1053,livres,7,0,
289,Ahmed,Archives de la CCI de Marseille - I 29,Local/Marseille/Archives_de_la_CCI_de_Marseille-I29/Marseille-1736.csv,Local,1736,Imports,Marseille,6,semencontra,levant,6960,3480,livres,2,0,
290,Ahmed,Archives de la CCI de Marseille - I 29,Local/Marseille/Archives_de_la_CCI_de_Marseille-I29/Marseille-1736.csv,Local,1736,Imports,Marseille,7,sebestes,levant,220,630,livres,0.35,-0.500000000000028,arrondi
291,Ahmed,Archives de la CCI de Marseille - I 29,Local/Marseille/Archives_de_la_CCI_de_Marseille-I29/Marseille-1736.csv,Local,1736,Imports,Marseille,7,storax,levant,108,180,livres,0.6,0,en quintal
292,Ahmed,Archives de la CCI de Marseille - I 29,Local/Marseille/Archives_de_la_CCI_de_Marseille-I29/Marseille-1736.csv,Local,1736,Imports,Marseille,7,sel armoniac,levant,3392,4240,livres,0.8,0,en quintal
293,Ahmed,Archives de la CCI de Marseille - I 29,Local/Marseille/Archives_de_la_CCI_de_Marseille-I29/Marseille-1736.csv,Local,1736,Imports,Marseille,7,sel de saturne,levant,33,44,livres,0.75,0,
294,Ahmed,Archives de la CCI de Marseille - I 29,Local/Marseille/Archives_de_la_CCI_de_Marseille-I29/Marseille-1736.csv,Local,1736,Imports,Marseille,7,sang de dragon,levant,177,590,livres,0.3,0,en quintal
295,Ahmed,Archives de la CCI de Marseille - I 29,Local/Marseille/Archives_de_la_CCI_de_Marseille-I29/Marseille-1736.csv,Local,1736,Imports,Marseille,7,safranon,levant,113408,174475,livres,0.65,-0.75,en quintal
296,Ahmed,Archives de la CCI de Marseille - I 29,Local/Marseille/Archives_de_la_CCI_de_Marseille-I29/Marseille-1736.csv,Local,1736,Imports,Marseille,7,soyes crües,levant,976665,130222,livres,7.5,0,
297,Ahmed,Archives de la CCI de Marseille - I 29,Local/Marseille/Archives_de_la_CCI_de_Marseille-I29/Marseille-1736.csv,Local,1736,Imports,Marseille,7,tamarins,levant,358,1025,livres,0.35,-0.75,en quintal
298,Ahmed,Archives de la CCI de Marseille - I 29,Local/Marseille/Archives_de_la_CCI_de_Marseille-I29/Marseille-1736.csv,Local,1736,Imports,Marseille,7,turbit,levant,120,80,livres,1.5,0,
299,Ahmed,Archives de la CCI de Marseille - I 29,Local/Marseille/Archives_de_la_CCI_de_Marseille-I29/Marseille-1736.csv,Local,1736,Imports,Marseille,7,tutie,levant,150,150,livres,1,0,
300,Ahmed,Archives de la CCI de Marseille - I 29,Local/Marseille/Archives_de_la_CCI_de_Marseille-I29/Marseille-1736.csv,Local,1736,Imports,Marseille,7,terramerita,levant,115,230,livres,0.5,0,
301,Ahmed,Archives de la CCI de Marseille - I 29,Local/Marseille/Archives_de_la_CCI_de_Marseille-I29/Marseille-1736.csv,Local,1736,Imports,Marseille,7,tabac en feuilles,levant,31270,156350,livres,0.2,0,en quintal
302,Ahmed,Archives de la CCI de Marseille - I 29,Local/Marseille/Archives_de_la_CCI_de_Marseille-I29/Marseille-1736.csv,Local,1736,Imports,Marseille,7,vin de chipres,levant,108,3,barriques,36,0,
303,Ahmed,Archives de la CCI de Marseille - I 29,Local/Marseille/Archives_de_la_CCI_de_Marseille-I29/Marseille-1736.csv,Local,1736,Imports,Marseille,7,vitriol de chipres,levant,675,1350,livres,0.5,0,
304,Ahmed,Archives de la CCI de Marseille - I 29,Local/Marseille/Archives_de_la_CCI_de_Marseille-I29/Marseille-1736.csv,Local,1736,Imports,Marseille,7,bois jaune,Iles Française de l'amerique,250,2500,livres,0.1,0,en quintal
305,Ahmed,Archives de la CCI de Marseille - I 29,Local/Marseille/Archives_de_la_CCI_de_Marseille-I29/Marseille-1736.csv,Local,1736,Imports,Marseille,7,confitures,Iles Française de l'amerique,1329,2215,livres,0.6,0,
306,Ahmed,Archives de la CCI de Marseille - I 29,Local/Marseille/Archives_de_la_CCI_de_Marseille-I29/Marseille-1736.csv,Local,1736,Imports,Marseille,7,caffé,Iles Française de l'amerique,342400,456535,livres,0.75,-1.25,arrondi
307,Ahmed,Archives de la CCI de Marseille - I 29,Local/Marseille/Archives_de_la_CCI_de_Marseille-I29/Marseille-1736.csv,Local,1736,Imports,Marseille,7,cacao,Iles Française de l'amerique,600,800,livres,0.75,0,
308,Ahmed,Archives de la CCI de Marseille - I 29,Local/Marseille/Archives_de_la_CCI_de_Marseille-I29/Marseille-1736.csv,Local,1736,Imports,Marseille,7,canefice,Iles Française de l'amerique,12771,70950,livres,0.18,0,en quintal
309,Ahmed,Archives de la CCI de Marseille - I 29,Local/Marseille/Archives_de_la_CCI_de_Marseille-I29/Marseille-1736.csv,Local,1736,Imports,Marseille,7,carret,Iles Française de l'amerique,750,25,livres,30,0,
310,Ahmed,Archives de la CCI de Marseille - I 29,Local/Marseille/Archives_de_la_CCI_de_Marseille-I29/Marseille-1736.csv,Local,1736,Imports,Marseille,7,cuir de beuf en poil,Iles Française de l'amerique,206940,10347,pièces,20,0,
311,Ahmed,Archives de la CCI de Marseille - I 29,Local/Marseille/Archives_de_la_CCI_de_Marseille-I29/Marseille-1736.csv,Local,1736,Imports,Marseille,7,cuir tanné,Iles Française de l'amerique,14958,24930,livres,0.6,0,en quintal
312,Ahmed,Archives de la CCI de Marseille - I 29,Local/Marseille/Archives_de_la_CCI_de_Marseille-I29/Marseille-1736.csv,Local,1736,Imports,Marseille,7,gingembre,Iles Française de l'amerique,12159,33775,livres,0.36,0,en quintal
313,Ahmed,Archives de la CCI de Marseille - I 29,Local/Marseille/Archives_de_la_CCI_de_Marseille-I29/Marseille-1736.csv,Local,1736,Imports,Marseille,7,indigo,Iles Française de l'amerique,508920,169640,livres,3,0,
314,Ahmed,Archives de la CCI de Marseille - I 29,Local/Marseille/Archives_de_la_CCI_de_Marseille-I29/Marseille-1736.csv,Local,1736,Imports,Marseille,7,sucre rafiné,Iles Française de l'amerique,330,550,livres,0.6,0,
315,Ahmed,Archives de la CCI de Marseille - I 29,Local/Marseille/Archives_de_la_CCI_de_Marseille-I29/Marseille-1736.csv,Local,1736,Imports,Marseille,7,sucre terré,Iles Française de l'amerique,2682750,8942500,livres,0.3,0,en pourcentge
316,Ahmed,Archives de la CCI de Marseille - I 29,Local/Marseille/Archives_de_la_CCI_de_Marseille-I29/Marseille-1736.csv,Local,1736,Imports,Marseille,7,sucre teste,Iles Française de l'amerique,315540,1577700,livres,0.2,0,en pourcentge
317,Ahmed,Archives de la CCI de Marseille - I 29,Local/Marseille/Archives_de_la_CCI_de_Marseille-I29/Marseille-1736.csv,Local,1736,Imports,Marseille,7,sucre brut,Iles Française de l'amerique,272200,1701250,livres,0.16,0,en pourcentge
318,Ahmed,Archives de la CCI de Marseille - I 29,Local/Marseille/Archives_de_la_CCI_de_Marseille-I29/Marseille-1736.csv,Local,1736,Imports,Marseille,7,tabac en feuilles,Iles Française de l'amerique,572,2290,livres,0.25,-0.5,arrondi
