Ville;Type;product_simplification;Product_selection
Nantes;Exports;acier;
Nantes;Exports;alibanies;
Nantes;Exports;amandes;
Nantes;Exports;amandes en coque;
Nantes;Exports;anabasse;
Nantes;Exports;ancres de fer;
Nantes;Exports;ardoise;
Nantes;Exports;argenterie;
Nantes;Exports;armes à feu;
Nantes;Exports;armes blanches;
Nantes;Exports;armoisin;
Nantes;Exports;bajutapau;
Nantes;Exports;barres de fer;
Nantes;Exports;bas de fil;1
Nantes;Exports;bas de laine;
Nantes;Exports;bas de soie;1
Nantes;Exports;basin;
Nantes;Exports;bassin de cuivre;
Nantes;Exports;beurre;
Nantes;Exports;bière;
Nantes;Exports;bœuf salé;
Nantes;Exports;bois de gaïac;
Nantes;Exports;bois rouge;
Nantes;Exports;bougie;
Nantes;Exports;bougie blanche;
Nantes;Exports;bouteilles de verre;
Nantes;Exports;brai gras;1
Nantes;Exports;brai sec;1
Nantes;Exports;briques;
Nantes;Exports;cabarets vernis;
Nantes;Exports;cacao;1
Nantes;Exports;café;1
Nantes;Exports;café de Bourbon;
Nantes;Exports;café de Moka;
Nantes;Exports;café des Indes;
Nantes;Exports;caladaris;
Nantes;Exports;cannelle;
Nantes;Exports;carreaux de terre cuite;
Nantes;Exports;cartes à jouer;1
Nantes;Exports;cauris;
Nantes;Exports;caves de 6 flacons;
Nantes;Exports;chaises de paille;
Nantes;Exports;chandelle;
Nantes;Exports;chapeaux à nègre;
Nantes;Exports;chapeaux communs;
Nantes;Exports;chapeaux de castor;
Nantes;Exports;chapeaux de demi-castor;
Nantes;Exports;charbon de terre;1
Nantes;Exports;châtaignes;
Nantes;Exports;chemises garnies;
Nantes;Exports;chitte;
Nantes;Exports;chocolat;
Nantes;Exports;cire jaune;
Nantes;Exports;cirsaca;
Nantes;Exports;citrons confits;
Nantes;Exports;clous de fer;1
Nantes;Exports;confitures;
Nantes;Exports;cordage;
Nantes;Exports;cordage de chanvre;
Nantes;Exports;coton;1
Nantes;Exports;cotonnades;
Nantes;Exports;coupis;
Nantes;Exports;coutil;
Nantes;Exports;couvertures de laine;
Nantes;Exports;crin;
Nantes;Exports;cuirs de bœuf tannés;
Nantes;Exports;cuirs secs en poil;
Nantes;Exports;cuirs tannés de vache;
Nantes;Exports;damas;
Nantes;Exports;dorure fine;
Nantes;Exports;drap;
Nantes;Exports;drap d'Elbeuf;1
Nantes;Exports;drap de Carcassonne;
Nantes;Exports;drap de Languedoc;1
Nantes;Exports;drap de Sedan;1
Nantes;Exports;drogues;
Nantes;Exports;eau-de-vie;1
Nantes;Exports;épicerie;
Nantes;Exports;essieux de fer;
Nantes;Exports;étamine de laine;1
Nantes;Exports;étoffe de soie;
Nantes;Exports;faïence;
Nantes;Exports;farine;
Nantes;Exports;ferrements;
Nantes;Exports;fèves;
Nantes;Exports;fil à coudre;1
Nantes;Exports;fil de coton;
Nantes;Exports;fil de Rennes;
Nantes;Exports;fil pour voile;1
Nantes;Exports;fottes;
Nantes;Exports;fromage;
Nantes;Exports;fromage de Gruyère;
Nantes;Exports;fromage de Hollande;
Nantes;Exports;fruits cuits;
Nantes;Exports;ganivelles;
Nantes;Exports;gants communs;1
Nantes;Exports;gingembre;
Nantes;Exports;gomme du Sénégal;
Nantes;Exports;goudron;
Nantes;Exports;gourgouran;
Nantes;Exports;graine de jardin;
Nantes;Exports;grains froment;1
Nantes;Exports;grains riz;1
Nantes;Exports;grains seigle;
Nantes;Exports;grilles de fer;
Nantes;Exports;guinée;
Nantes;Exports;guinée blanche;
Nantes;Exports;guinée bleue;
Nantes;Exports;hamacs;
Nantes;Exports;harengs blancs;1
Nantes;Exports;huile d'olive;1
Nantes;Exports;huile de graine;
Nantes;Exports;huile de lin;
Nantes;Exports;huile de noix;
Nantes;Exports;huile de poisson;
Nantes;Exports;indienne;
Nantes;Exports;indigo;1
Nantes;Exports;jambon;
Nantes;Exports;lamproies;
Nantes;Exports;lard;
Nantes;Exports;lattes;
Nantes;Exports;librairie;
Nantes;Exports;liège en bouchons;
Nantes;Exports;lignes à pêcher;
Nantes;Exports;limeneas;
Nantes;Exports;marmites de fer;
Nantes;Exports;marmites en fer;
Nantes;Exports;mercerie;
Nantes;Exports;meules à aiguiser;
Nantes;Exports;miel;1
Nantes;Exports;morue sèche;1
Nantes;Exports;mouchoirs de Bengale;
Nantes;Exports;mouchoirs de Cholet;
Nantes;Exports;mouchoirs de Pondichéry;
Nantes;Exports;mouchoirs des Indes;
Nantes;Exports;mouchoirs peints;
Nantes;Exports;mousseline;
Nantes;Exports;Nankin;
Nantes;Exports;neganepeau;
Nantes;Exports;nicanéas;
Nantes;Exports;noix;
Nantes;Exports;ocre;
Nantes;Exports;ouvrages d'étain;
Nantes;Exports;ouvrages de corail;
Nantes;Exports;ouvrages de cuivre;
Nantes;Exports;ouvrages de fer;1
Nantes;Exports;papier;
Nantes;Exports;papier à écrire;
Nantes;Exports;papier blanc;
Nantes;Exports;peaux apprêtées de mouton;
Nantes;Exports;peaux corroyées de veau;
Nantes;Exports;peintures;
Nantes;Exports;Pékin;
Nantes;Exports;pierres à fusils;
Nantes;Exports;pierres de grison;
Nantes;Exports;pipes à fumer;1
Nantes;Exports;planches de sapin;
Nantes;Exports;platille;
Nantes;Exports;plomb en grenaille;
Nantes;Exports;plomb en rouleau;
Nantes;Exports;plomb en saumon;
Nantes;Exports;plumes à lit;
Nantes;Exports;poids de fer;
Nantes;Exports;poivre;
Nantes;Exports;porcelaine;
Nantes;Exports;porcelaine des Indes;
Nantes;Exports;porcs salés;
Nantes;Exports;poudre à poudrer;
Nantes;Exports;pruneaux;
Nantes;Exports;pruneaux communs;
Nantes;Exports;pruneaux d'Amont;
Nantes;Exports;pruneaux de Sainte-Catherine;
Nantes;Exports;prunes;
Nantes;Exports;prunes de Sainte-Catherine;
Nantes;Exports;quincaillerie;
Nantes;Exports;raisin sec;1
Nantes;Exports;rassades;
Nantes;Exports;rhubarbe;
Nantes;Exports;rocou;
Nantes;Exports;ruban de soie;
Nantes;Exports;safran;1
Nantes;Exports;salemporis;
Nantes;Exports;satin;
Nantes;Exports;savon;1
Nantes;Exports;sel;1
Nantes;Exports;sel de Bourgneuf;1
Nantes;Exports;sel du Croisic;1
Nantes;Exports;sel du Poulinguen;1
Nantes;Exports;selles de velours;
Nantes;Exports;serge de laine;1
Nantes;Exports;siamoise;
Nantes;Exports;sirop d'amont;
Nantes;Exports;sirop de mélasse;1
Nantes;Exports;sirop de sucre;
Nantes;Exports;soierie;
Nantes;Exports;soucis;
Nantes;Exports;souliers;
Nantes;Exports;sucre blanc;1
Nantes;Exports;sucre brut;1
Nantes;Exports;sucre en pain;
Nantes;Exports;sucre terré;1
Nantes;Exports;sucre têtes;
Nantes;Exports;suif;
Nantes;Exports;taffetas;
Nantes;Exports;tafia;
Nantes;Exports;tapsel;
Nantes;Exports;terre à raffiner le sucre;
Nantes;Exports;thé;
Nantes;Exports;thé bou;
Nantes;Exports;toile chasselas;
Nantes;Exports;toile corot;
Nantes;Exports;toile de Bretagne;1
Nantes;Exports;toile de Cholet;1
Nantes;Exports;toile de coton des Indes;
Nantes;Exports;toile guingans;
Nantes;Exports;toile peinte;
Nantes;Exports;tuffeaux;
Nantes;Exports;verdet;
Nantes;Exports;verres à boire;
Nantes;Exports;vin d'Amont;
Nantes;Exports;vin de Nantes;
Nantes;Exports;vin du Quercy;
Nantes;Imports;acier;
Nantes;Imports;alun;
Nantes;Imports;amidon;
Nantes;Imports;ancres de fer;
Nantes;Imports;arsenic;
Nantes;Imports;avirons;
Nantes;Imports;azur;
Nantes;Imports;azur commun;
Nantes;Imports;bajutapau;
Nantes;Imports;balais de jonc;
Nantes;Imports;baleine coupée;
Nantes;Imports;barres d'anspects;
Nantes;Imports;barres de fer;
Nantes;Imports;bâtons de sapin;
Nantes;Imports;beurre;
Nantes;Imports;bière;
Nantes;Imports;bœuf fumé;
Nantes;Imports;bœuf salé;
Nantes;Imports;bois de Brésil;
Nantes;Imports;bois de Campêche;
Nantes;Imports;bois de gaïac;
Nantes;Imports;borax;
Nantes;Imports;brai gras;1
Nantes;Imports;brosses;
Nantes;Imports;cabillaud;
Nantes;Imports;cacao;1
Nantes;Imports;café;1
Nantes;Imports;cannelle;
Nantes;Imports;cauris;
Nantes;Imports;caves de 6 flacons;
Nantes;Imports;caves de 9 flacons;
Nantes;Imports;cercles de fer;
Nantes;Imports;céruse;
Nantes;Imports;chaises de commodité;
Nantes;Imports;chandelle;
Nantes;Imports;chanvre cru;
Nantes;Imports;chocolat;
Nantes;Imports;cire jaune;
Nantes;Imports;clous de fer;1
Nantes;Imports;colle forte;
Nantes;Imports;confitures;
Nantes;Imports;cordage;
Nantes;Imports;coton;1
Nantes;Imports;couperose;
Nantes;Imports;couperose verte;
Nantes;Imports;cuirs de bœuf en poil;
Nantes;Imports;cuirs de Russie;
Nantes;Imports;cuirs en poil;
Nantes;Imports;cuivre brut;
Nantes;Imports;dents d'éléphant;
Nantes;Imports;douelles pour barriques;
Nantes;Imports;douelles pour pipes;
Nantes;Imports;drogues;
Nantes;Imports;eau-forte;
Nantes;Imports;écaille de tortue;
Nantes;Imports;épicerie;
Nantes;Imports;espars;
Nantes;Imports;étain en bloc;
Nantes;Imports;fer-blanc;
Nantes;Imports;fer-blanc simple;
Nantes;Imports;fer noir;
Nantes;Imports;figue;
Nantes;Imports;fil de fer;
Nantes;Imports;fil de laiton;
Nantes;Imports;fromage;
Nantes;Imports;garance;
Nantes;Imports;gingembre;
Nantes;Imports;girofle;
Nantes;Imports;goudron;
Nantes;Imports;grains riz;1
Nantes;Imports;grains seigle;
Nantes;Imports;guinée;
Nantes;Imports;harengs blancs;1
Nantes;Imports;huile d'olive;1
Nantes;Imports;huile de poisson;
Nantes;Imports;huile de rabette;
Nantes;Imports;indienne;
Nantes;Imports;indigo;1
Nantes;Imports;jambon;
Nantes;Imports;laine;
Nantes;Imports;laine en suint;
Nantes;Imports;limeneas;
Nantes;Imports;lin cru;
Nantes;Imports;lin peigné;
Nantes;Imports;litharge;
Nantes;Imports;manches de gaffes;
Nantes;Imports;mâtereaux;
Nantes;Imports;mercerie;
Nantes;Imports;mercure;
Nantes;Imports;mine de plomb;
Nantes;Imports;morue sèche;1
Nantes;Imports;nicanéas;
Nantes;Imports;orge mondé;
Nantes;Imports;ouvrages de cuivre;
Nantes;Imports;piment;
Nantes;Imports;pipes à fumer;1
Nantes;Imports;planches de sapin;
Nantes;Imports;planches de sapin commun;1
Nantes;Imports;planches de sapin de 10 pieds;
Nantes;Imports;planches de sapin de 12 pieds;
Nantes;Imports;planches de sapin de 8 à 9 pieds;
Nantes;Imports;planches de sapin de 9 à 10 pieds;
Nantes;Imports;platille;
Nantes;Imports;plomb en grenaille;
Nantes;Imports;plomb en saumon;
Nantes;Imports;plumes à écrire;1
Nantes;Imports;pois de Bourgogne;
Nantes;Imports;poivre;
Nantes;Imports;potasse;
Nantes;Imports;quincaillerie de fer;
Nantes;Imports;raisin sec;1
Nantes;Imports;rassades;
Nantes;Imports;rave de morue;
Nantes;Imports;rocou;
Nantes;Imports;saumon salé;
Nantes;Imports;soufre;
Nantes;Imports;stockfisch;1
Nantes;Imports;sucre brut;
Nantes;Imports;sucre en pain;
Nantes;Imports;sucre terré;1
Nantes;Imports;sucre têtes;
Nantes;Imports;suif;
Nantes;Imports;sumac;
Nantes;Imports;tapsel;
Nantes;Imports;thé;
Nantes;Imports;toile corot;
Nantes;Imports;toile peinte;
Nantes;Imports;toile pour voile;
Nantes;Imports;tôle de fer;
Nantes;Imports;vermillon;
Nantes;Imports;verroterie;
Marseille;Imports;acier;
Marseille;Imports;agaric;
Marseille;Imports;ajamis;
Marseille;Imports;allaya;
Marseille;Imports;aloès;
Marseille;Imports;alquifoux;
Marseille;Imports;alun;
Marseille;Imports;amadou;
Marseille;Imports;amandes;
Marseille;Imports;amandes cassées;
Marseille;Imports;amidon;
Marseille;Imports;anchois;
Marseille;Imports;ancres de fer;
Marseille;Imports;anis;
Marseille;Imports;anis vert;
Marseille;Imports;arsenic;
Marseille;Imports;asa fœtida;
Marseille;Imports;auf;
Marseille;Imports;avirons;
Marseille;Imports;avoine;
Marseille;Imports;azur;
Marseille;Imports;azur commun;
Marseille;Imports;babouches;
Marseille;Imports;baguettes de fusil;
Marseille;Imports;balais de palme;
Marseille;Imports;baleine coupée;
Marseille;Imports;barils vides;
Marseille;Imports;barres de fer;
Marseille;Imports;bas de coton;
Marseille;Imports;bas de coton et bas de fil;
Marseille;Imports;bas de fil;1
Marseille;Imports;bas de laine;
Marseille;Imports;bas de soie;1
Marseille;Imports;basanes tannées;
Marseille;Imports;basin;
Marseille;Imports;batanomes;
Marseille;Imports;baume;
Marseille;Imports;baume de Copahu;
Marseille;Imports;baume du Pérou;
Marseille;Imports;benjoin;
Marseille;Imports;bergamotes;
Marseille;Imports;beurre;
Marseille;Imports;bœuf salé;
Marseille;Imports;bois de Brésil;
Marseille;Imports;bois de buis;
Marseille;Imports;bois de Campêche;
Marseille;Imports;bois de gaïac;
Marseille;Imports;bois de Sainte-Marthe;
Marseille;Imports;bois de santal;
Marseille;Imports;bois fustet;
Marseille;Imports;bois jaune;
Marseille;Imports;bois pour brûler;
Marseille;Imports;bois pour construction;
Marseille;Imports;bois pour crible;
Marseille;Imports;bois pour teindre;
Marseille;Imports;bonnets de coton;
Marseille;Imports;bonnets de laine;
Marseille;Imports;borax;
Marseille;Imports;boucassin;
Marseille;Imports;bourre à bâtier;
Marseille;Imports;bourre de soie;
Marseille;Imports;bouteilles de verre;
Marseille;Imports;brai;1
Marseille;Imports;brai gras;1
Marseille;Imports;brai sec;1
Marseille;Imports;brun rouge;
Marseille;Imports;cacao;1
Marseille;Imports;café;1
Marseille;Imports;camphre;
Marseille;Imports;canefice;
Marseille;Imports;cannelle;
Marseille;Imports;canons de fer;
Marseille;Imports;cantharides;
Marseille;Imports;capillaire en herbes;
Marseille;Imports;capots;
Marseille;Imports;câpres;
Marseille;Imports;carouge;
Marseille;Imports;carreaux de marbre;
Marseille;Imports;carubis;
Marseille;Imports;cédrat;
Marseille;Imports;cendre;
Marseille;Imports;cendre bourde;
Marseille;Imports;cendre commune;
Marseille;Imports;cercles de bois;
Marseille;Imports;cercles de fer;
Marseille;Imports;cercles pour barils;
Marseille;Imports;céruse;
Marseille;Imports;chair salée;
Marseille;Imports;champignons;
Marseille;Imports;chandelle;
Marseille;Imports;chanvre battu;
Marseille;Imports;chanvre cru;
Marseille;Imports;chanvre peigné;
Marseille;Imports;chapeaux de paille;
Marseille;Imports;charbon de bois;
Marseille;Imports;charbon de terre;1
Marseille;Imports;châtaignes;
Marseille;Imports;châtaignes sèches;
Marseille;Imports;cheveux;
Marseille;Imports;chevrons;
Marseille;Imports;chocolat;
Marseille;Imports;cinabre;
Marseille;Imports;cire blanche;
Marseille;Imports;cire en grabeau;
Marseille;Imports;cire jaune;
Marseille;Imports;citrons et limons;
Marseille;Imports;citrons et orange;
Marseille;Imports;civadille;
Marseille;Imports;clous de fer;1
Marseille;Imports;cochenille;
Marseille;Imports;cochenille en grabeau;
Marseille;Imports;cochenille sylvestre;
Marseille;Imports;cocons de soie;
Marseille;Imports;colle de poisson;
Marseille;Imports;colle forte;
Marseille;Imports;colombine;
Marseille;Imports;coloquinte;
Marseille;Imports;confitures;
Marseille;Imports;conterie;
Marseille;Imports;coque du Levant;
Marseille;Imports;coquillage;
Marseille;Imports;corbeilles d'osier;
Marseille;Imports;cordage d'espars;
Marseille;Imports;cordage de chanvre;
Marseille;Imports;cordes pour violons;
Marseille;Imports;cordouans;
Marseille;Imports;cornes de cerf;
Marseille;Imports;cornes de mouton;
Marseille;Imports;coton;1
Marseille;Imports;coton soufré;
Marseille;Imports;couffins à boulanger;
Marseille;Imports;couffins de palme;
Marseille;Imports;couperose;
Marseille;Imports;couperose verte;
Marseille;Imports;couteaux;
Marseille;Imports;couvertures de coton;
Marseille;Imports;couvertures de coton et de fil;
Marseille;Imports;couvertures de laine;
Marseille;Imports;crin;
Marseille;Imports;cuirs de bœuf en poil;
Marseille;Imports;cuirs de bœuf tannés;
Marseille;Imports;cuirs de Russie;
Marseille;Imports;cuirs en poil;
Marseille;Imports;cuirs en poil de vache;
Marseille;Imports;cuirs tannés;
Marseille;Imports;cuivre brut;
Marseille;Imports;cuivre tangoul;
Marseille;Imports;cuivre vieux;
Marseille;Imports;cumin;
Marseille;Imports;dattes;
Marseille;Imports;demitte;
Marseille;Imports;dents d'éléphant;
Marseille;Imports;drap commun;
Marseille;Imports;drap petit;
Marseille;Imports;drapeaux vieux;
Marseille;Imports;drogues;
Marseille;Imports;eau-de-vie;1
Marseille;Imports;eau de citron;
Marseille;Imports;eau de fleurs d'oranger;
Marseille;Imports;eau de senteur;
Marseille;Imports;eau de senteur de la reine de Hongrie;1
Marseille;Imports;écaille de tortue;
Marseille;Imports;écorce d'orange;
Marseille;Imports;écorce de citron;
Marseille;Imports;égouttoirs;
Marseille;Imports;encens;
Marseille;Imports;encens en grabeau;
Marseille;Imports;épicerie;
Marseille;Imports;éponges;
Marseille;Imports;escamitte;
Marseille;Imports;escayolles;
Marseille;Imports;espars;
Marseille;Imports;esprit de bergamote;
Marseille;Imports;esprit de citron;
Marseille;Imports;essence;
Marseille;Imports;estrasse de soie;
Marseille;Imports;étain en bloc;
Marseille;Imports;étoffe de soie;
Marseille;Imports;étoupes de chanvre;
Marseille;Imports;étoupes de soie;
Marseille;Imports;faïence;
Marseille;Imports;farine;
Marseille;Imports;fer-blanc;
Marseille;Imports;fer en plaques;
Marseille;Imports;fer vieux;
Marseille;Imports;feuilles de tabac;
Marseille;Imports;fèves;
Marseille;Imports;ficelle;
Marseille;Imports;figue;
Marseille;Imports;fil à coudre;1
Marseille;Imports;fil blanc;
Marseille;Imports;fil cru;
Marseille;Imports;fil de chèvre;
Marseille;Imports;fil de coton;
Marseille;Imports;fil de fer;
Marseille;Imports;fil de laiton;
Marseille;Imports;fil pour voile;1
Marseille;Imports;filets à pêcher;
Marseille;Imports;filoselle;
Marseille;Imports;fleurs artificielles;
Marseille;Imports;follicule de séné;
Marseille;Imports;fourrure de soie;
Marseille;Imports;fromage;
Marseille;Imports;fruits frais;
Marseille;Imports;fruits verts;
Marseille;Imports;galbanum;
Marseille;Imports;galle;
Marseille;Imports;galle légère;
Marseille;Imports;garance;
Marseille;Imports;gingembre;
Marseille;Imports;girofle;
Marseille;Imports;glu;
Marseille;Imports;gomme adragant;
Marseille;Imports;gomme ammoniac;
Marseille;Imports;gomme arabique;
Marseille;Imports;gomme copale;
Marseille;Imports;gomme d'amandier;
Marseille;Imports;gomme du Sénégal;
Marseille;Imports;gomme élémi;
Marseille;Imports;gomme laque;
Marseille;Imports;gomme sandaraque;
Marseille;Imports;gomme thurique;
Marseille;Imports;goudron;
Marseille;Imports;graine de chanvre;
Marseille;Imports;graine de jardin;
Marseille;Imports;graine des Canaries;
Marseille;Imports;graine jaune;
Marseille;Imports;graine longue;
Marseille;Imports;grains froment;1
Marseille;Imports;grains orge;
Marseille;Imports;grains riz;1
Marseille;Imports;graisse;
Marseille;Imports;graisse de boucherie;
Marseille;Imports;gravelée;
Marseille;Imports;harengs blancs;1
Marseille;Imports;herbages;
Marseille;Imports;herbes d'orseille;
Marseille;Imports;herbes pérelle;
Marseille;Imports;hermodatte;
Marseille;Imports;huile d'amandes;
Marseille;Imports;huile d'olive;1
Marseille;Imports;huile de lin;
Marseille;Imports;huile de poisson;
Marseille;Imports;huile de vitriol;
Marseille;Imports;indienne;
Marseille;Imports;indigo;1
Marseille;Imports;ipécacuanha;
Marseille;Imports;iris;
Marseille;Imports;jalap;
Marseille;Imports;jambon;
Marseille;Imports;jaune de Naples;
Marseille;Imports;jus de citron;
Marseille;Imports;jus de réglisse;
Marseille;Imports;laine;
Marseille;Imports;laine d'Espagne;
Marseille;Imports;laine de chevron;
Marseille;Imports;laine de vigogne;
Marseille;Imports;laine lavée;
Marseille;Imports;laine pelade;
Marseille;Imports;laiton;
Marseille;Imports;laque plate;
Marseille;Imports;lard;
Marseille;Imports;légumes;
Marseille;Imports;librairie;
Marseille;Imports;liège;
Marseille;Imports;liège en bouchons;
Marseille;Imports;limes d'acier;
Marseille;Imports;lin cru;
Marseille;Imports;lin peigné;
Marseille;Imports;liqueurs;
Marseille;Imports;liqueurs à boire;
Marseille;Imports;litharge;
Marseille;Imports;lustres;
Marseille;Imports;lustres de Venise;
Marseille;Imports;manne;
Marseille;Imports;manne de Calabre;
Marseille;Imports;maquet;
Marseille;Imports;marbre brut;
Marseille;Imports;marbre brut en pierres;
Marseille;Imports;mastic;
Marseille;Imports;mâts;
Marseille;Imports;maugrebine;
Marseille;Imports;mercerie;
Marseille;Imports;mercure;
Marseille;Imports;meules pour moulins;
Marseille;Imports;miel;1
Marseille;Imports;minium;
Marseille;Imports;mortiers de marbre;
Marseille;Imports;morue sèche;1
Marseille;Imports;morue verte;
Marseille;Imports;mouchoirs de coton;
Marseille;Imports;mouchoirs de soie;
Marseille;Imports;moulins à café;
Marseille;Imports;mousseline;
Marseille;Imports;moutons;
Marseille;Imports;muscades;
Marseille;Imports;myrobolan;
Marseille;Imports;myrrhe;
Marseille;Imports;nattes;
Marseille;Imports;nattes de jonc;
Marseille;Imports;noir de fumée;
Marseille;Imports;noisettes;
Marseille;Imports;noix vomiques;
Marseille;Imports;ocre;
Marseille;Imports;oignons;
Marseille;Imports;oignons de fleurs;
Marseille;Imports;olives;
Marseille;Imports;opium;
Marseille;Imports;orange;
Marseille;Imports;orpiment;
Marseille;Imports;ouvrages de bois;
Marseille;Imports;ouvrages de cuivre;
Marseille;Imports;ouvrages de fer;1
Marseille;Imports;ouvrages de marbre;
Marseille;Imports;palme en feuilles;
Marseille;Imports;parapluies;
Marseille;Imports;pâte d'amandes;
Marseille;Imports;peaux crues de chèvre en poil;
Marseille;Imports;peaux d'agneau;
Marseille;Imports;peaux de chagrin;
Marseille;Imports;peaux de chamois;
Marseille;Imports;peaux de chèvre;
Marseille;Imports;peaux de chien de mer;
Marseille;Imports;peaux de lapin;
Marseille;Imports;peaux de lièvre;
Marseille;Imports;peaux de maroquins;
Marseille;Imports;peaux de mouton en laine;
Marseille;Imports;peaux de veau en poil;
Marseille;Imports;pelleterie;
Marseille;Imports;pelleterie crue;
Marseille;Imports;pierres à aiguiser;
Marseille;Imports;pierres à faux;
Marseille;Imports;pierres à fusils;
Marseille;Imports;pierres codes;
Marseille;Imports;pierres de Malte;
Marseille;Imports;pierres ponces;
Marseille;Imports;pignons cassés;
Marseille;Imports;pignons d'épine;
Marseille;Imports;piment;
Marseille;Imports;pipes à fumer;1
Marseille;Imports;pistaches;
Marseille;Imports;planches de sapin;
Marseille;Imports;plants d'oranger;
Marseille;Imports;plomb en saumon;
Marseille;Imports;plumes à écrire;1
Marseille;Imports;plumes à lit;
Marseille;Imports;plumes d'autruche brutes;
Marseille;Imports;plumes de poule;
Marseille;Imports;poil de chèvre;
Marseille;Imports;poil de lapin;
Marseille;Imports;poisson salé;
Marseille;Imports;poivre;
Marseille;Imports;poivre giroflé;
Marseille;Imports;poix résines;
Marseille;Imports;pommade;
Marseille;Imports;pommes;
Marseille;Imports;poncire;
Marseille;Imports;porcelaine;
Marseille;Imports;porcs salés;
Marseille;Imports;potasse;
Marseille;Imports;poterie de grès;
Marseille;Imports;poussière de tartre;
Marseille;Imports;poutargues;
Marseille;Imports;poutres;
Marseille;Imports;quincaillerie;
Marseille;Imports;quincaillerie d'acier et de fer;
Marseille;Imports;quinquina;
Marseille;Imports;racines d'alizari;
Marseille;Imports;raclure de corne;
Marseille;Imports;raisin sec;1
Marseille;Imports;réglisse;
Marseille;Imports;rhubarbe;
Marseille;Imports;rocou;
Marseille;Imports;rognures de carte;
Marseille;Imports;ruban de soie;
Marseille;Imports;sabots de bœuf;
Marseille;Imports;safran;1
Marseille;Imports;safranum;
Marseille;Imports;salicore;
Marseille;Imports;salsepareille;
Marseille;Imports;sardines salées;
Marseille;Imports;sassafras;
Marseille;Imports;saucissons;
Marseille;Imports;saumon salé;
Marseille;Imports;saumure;
Marseille;Imports;savon;1
Marseille;Imports;savonnettes;
Marseille;Imports;scammonée;
Marseille;Imports;scies;
Marseille;Imports;sébeste;
Marseille;Imports;sel d'ammoniac;
Marseille;Imports;sel médicinal;
Marseille;Imports;semen contra;
Marseille;Imports;semoule;
Marseille;Imports;séné;
Marseille;Imports;séné en grabeau;
Marseille;Imports;serge de laine;1
Marseille;Imports;sirop de capillaire;
Marseille;Imports;soie crue;
Marseille;Imports;son;
Marseille;Imports;soudes;
Marseille;Imports;soufre;
Marseille;Imports;squine;
Marseille;Imports;stockfisch;1
Marseille;Imports;storax;
Marseille;Imports;sublimé;
Marseille;Imports;sucre blanc;1
Marseille;Imports;sucre brut;1
Marseille;Imports;sucre terré;1
Marseille;Imports;sucre têtes;
Marseille;Imports;suif;
Marseille;Imports;sumac;
Marseille;Imports;tableaux;
Marseille;Imports;tables de marbre;
Marseille;Imports;tamarin;
Marseille;Imports;tartre;
Marseille;Imports;térébenthine;
Marseille;Imports;terraille;
Marseille;Imports;terre d'ombre;
Marseille;Imports;terre de porcelaine;
Marseille;Imports;thé;
Marseille;Imports;thériaque;
Marseille;Imports;thon mariné;
Marseille;Imports;thon salé;
Marseille;Imports;thonine;
Marseille;Imports;toile;
Marseille;Imports;toile blanche;
Marseille;Imports;toile caissie;
Marseille;Imports;toile cirée;
Marseille;Imports;toile d'aman;
Marseille;Imports;toile d'antale;
Marseille;Imports;toile d'Antioche;
Marseille;Imports;toile d'emballage;
Marseille;Imports;toile de crin;
Marseille;Imports;toile de Killis;
Marseille;Imports;toile de Mortagne;
Marseille;Imports;toile manouf;
Marseille;Imports;toile peinte;
Marseille;Imports;toile pour voile;1
Marseille;Imports;tournesol;
Marseille;Imports;tourons;
Marseille;Imports;turbit;
Marseille;Imports;vanille;
Marseille;Imports;velours;
Marseille;Imports;verdet;
Marseille;Imports;vermicelle;
Marseille;Imports;vermillon;
Marseille;Imports;verres cassés;
Marseille;Imports;verres communs;1
Marseille;Imports;verres de cristal;1
Marseille;Imports;vin blanc;
Marseille;Imports;vin d'Espagne;
Marseille;Imports;vin de Chypre;
Marseille;Imports;vin de Malaga;
Marseille;Imports;vin de muscat;1
Marseille;Imports;vin rouge;
Marseille;Imports;vitriol;
Marseille;Imports;vitriol de Chypre;
Marseille;Exports;acétates de plomb;
Marseille;Exports;acier;
Marseille;Exports;ajamis;
Marseille;Exports;allaya;
Marseille;Exports;alquifoux;
Marseille;Exports;alun;
Marseille;Exports;amadou;
Marseille;Exports;amandes;
Marseille;Exports;amandes cassées;
Marseille;Exports;amandes en coque;
Marseille;Exports;amidon;
Marseille;Exports;anchois;
Marseille;Exports;ânes;
Marseille;Exports;anis;
Marseille;Exports;antimoine;
Marseille;Exports;aristoloche;
Marseille;Exports;arsenic;
Marseille;Exports;auf;
Marseille;Exports;avirons;
Marseille;Exports;avoine;
Marseille;Exports;azur;
Marseille;Exports;babouches;
Marseille;Exports;baleine coupée;
Marseille;Exports;barres de fer;
Marseille;Exports;bas de coton;
Marseille;Exports;bas de coton et bas de fil;
Marseille;Exports;bas de fil;1
Marseille;Exports;bas de filoselle;
Marseille;Exports;bas de laine;
Marseille;Exports;bas de soie;1
Marseille;Exports;basanes tannées;
Marseille;Exports;basin;
Marseille;Exports;batanomes;
Marseille;Exports;benjoin;
Marseille;Exports;beurre;
Marseille;Exports;bijouterie;
Marseille;Exports;bœuf salé;
Marseille;Exports;bois de Brésil;
Marseille;Exports;bois de Campêche;
Marseille;Exports;bois de gaïac;
Marseille;Exports;bois de santal;
Marseille;Exports;bois fustet;
Marseille;Exports;bois pour teindre;
Marseille;Exports;bonnets de laine;
Marseille;Exports;bougie;
Marseille;Exports;bougie et cierges;
Marseille;Exports;bourre à bâtier;
Marseille;Exports;bourre du Levant;
Marseille;Exports;bouteilles de verre;
Marseille;Exports;boyaux salés;
Marseille;Exports;brai;1
Marseille;Exports;brai sec;1
Marseille;Exports;briques;
Marseille;Exports;brun rouge;
Marseille;Exports;cacao;1
Marseille;Exports;cadis;
Marseille;Exports;café;1
Marseille;Exports;café des Indes;
Marseille;Exports;café du Levant;
Marseille;Exports;callemande;
Marseille;Exports;camphre;
Marseille;Exports;canefice;
Marseille;Exports;cannelle;
Marseille;Exports;cantharides;
Marseille;Exports;capots;
Marseille;Exports;câpres;
Marseille;Exports;cardes à carder;
Marseille;Exports;carreaux de terre cuite;
Marseille;Exports;cartes à jouer;1
Marseille;Exports;carton;
Marseille;Exports;cendre bourde;
Marseille;Exports;cercles de bois;
Marseille;Exports;cercles de fer;
Marseille;Exports;céruse;
Marseille;Exports;chair salée;
Marseille;Exports;chaises de paille;
Marseille;Exports;chandelle;
Marseille;Exports;chanvre peigné;
Marseille;Exports;chapeaux;
Marseille;Exports;chapeaux de castor;
Marseille;Exports;chapeaux de laine;
Marseille;Exports;chapeaux de laine et de poil;
Marseille;Exports;chapeaux de paille;
Marseille;Exports;châtaignes;
Marseille;Exports;cheveux;
Marseille;Exports;chocolat;
Marseille;Exports;cinabre;
Marseille;Exports;cire blanche;
Marseille;Exports;cire en grabeau;
Marseille;Exports;cire jaune;
Marseille;Exports;citrons et limons;
Marseille;Exports;clous de fer;1
Marseille;Exports;cochenille;
Marseille;Exports;colle forte;
Marseille;Exports;coloquinte;
Marseille;Exports;confitures;
Marseille;Exports;corail gros;
Marseille;Exports;cordage d'espars;
Marseille;Exports;cordage de chanvre;
Marseille;Exports;cordeillat;
Marseille;Exports;coton;1
Marseille;Exports;cotonnée;
Marseille;Exports;couperose;
Marseille;Exports;couteaux;
Marseille;Exports;couvertures de laine;
Marseille;Exports;crasse d'huile;
Marseille;Exports;crasse de cire;
Marseille;Exports;crème de tartre;
Marseille;Exports;crin;
Marseille;Exports;cuirs de bœuf en poil;
Marseille;Exports;cuirs de bœuf tannés;
Marseille;Exports;cuirs tannés;
Marseille;Exports;cuirs tannés de vache;
Marseille;Exports;cuisses d'oie;
Marseille;Exports;cuivre neuf;
Marseille;Exports;cuivre tangoul;
Marseille;Exports;cuivre vieux;
Marseille;Exports;cumin;
Marseille;Exports;dame-jeannes;
Marseille;Exports;dattes;
Marseille;Exports;demitte;
Marseille;Exports;dentelle du Puy;1
Marseille;Exports;dindons;
Marseille;Exports;dorure fine;
Marseille;Exports;drap commun;
Marseille;Exports;drap fin;
Marseille;Exports;drap londrin;1
Marseille;Exports;drap petit;
Marseille;Exports;drogues;
Marseille;Exports;eau-de-vie;1
Marseille;Exports;eau-forte;
Marseille;Exports;eau de balaruc;
Marseille;Exports;eau de fleurs d'oranger;
Marseille;Exports;eau de lavande;
Marseille;Exports;eau de mélisse;
Marseille;Exports;eau de rose;
Marseille;Exports;eau de senteur;
Marseille;Exports;eau de senteur de la reine de Hongrie;
Marseille;Exports;écaille de tortue;
Marseille;Exports;écorce d'orange;
Marseille;Exports;encens;
Marseille;Exports;encens en grabeau;
Marseille;Exports;épicerie;
Marseille;Exports;éponges;
Marseille;Exports;escayolles;
Marseille;Exports;esprit-de-vin;
Marseille;Exports;essence;
Marseille;Exports;étoffe de laine;
Marseille;Exports;étoffe de soie;
Marseille;Exports;étoffe dorure d'argent et d'or;
Marseille;Exports;étoupes de chanvre;
Marseille;Exports;éventails;
Marseille;Exports;faïence;
Marseille;Exports;farine;
Marseille;Exports;fer-blanc;
Marseille;Exports;fer vieux;
Marseille;Exports;fèves;
Marseille;Exports;figue;
Marseille;Exports;fil à coudre;1
Marseille;Exports;fil blanc;
Marseille;Exports;fil cru;
Marseille;Exports;fil de chèvre;
Marseille;Exports;fil de coton;
Marseille;Exports;fil de fer;
Marseille;Exports;fil de laiton;
Marseille;Exports;filets d'espars;
Marseille;Exports;filoselle;
Marseille;Exports;flanelle;
Marseille;Exports;fleurs artificielles;
Marseille;Exports;fleurs d'aspic;
Marseille;Exports;fleurs de souffre;
Marseille;Exports;fleurs de violette;
Marseille;Exports;fromage;
Marseille;Exports;fromage de Gruyère;
Marseille;Exports;fruits confits à l'eau-de-vie;
Marseille;Exports;galle;
Marseille;Exports;galle du Levant;
Marseille;Exports;gants communs;1
Marseille;Exports;gants de peau;
Marseille;Exports;garance;
Marseille;Exports;gerles de terre;
Marseille;Exports;gingembre;
Marseille;Exports;girofle;
Marseille;Exports;gomme adragant;
Marseille;Exports;gomme ammoniac;
Marseille;Exports;gomme arabique;
Marseille;Exports;gomme de Barbarie;
Marseille;Exports;gomme laque;
Marseille;Exports;gomme thurique;
Marseille;Exports;goudron;
Marseille;Exports;graine d'aspic;
Marseille;Exports;graine d'Avignon;
Marseille;Exports;graine de jardin;
Marseille;Exports;graine de luzerne;
Marseille;Exports;graine jaune;
Marseille;Exports;grains froment;1
Marseille;Exports;grains orge;
Marseille;Exports;grains riz;1
Marseille;Exports;graisse de porcs;
Marseille;Exports;harengs blancs;1
Marseille;Exports;harengs fumés;
Marseille;Exports;herbes pérelle;
Marseille;Exports;huile d'aspic;
Marseille;Exports;huile d'olive;1
Marseille;Exports;huile de lin;
Marseille;Exports;huile de noix;
Marseille;Exports;huile de poisson;
Marseille;Exports;huile de senteur;
Marseille;Exports;huile de vitriol;
Marseille;Exports;indienne;
Marseille;Exports;indigo;1
Marseille;Exports;indigo en grabeau;
Marseille;Exports;iris;
Marseille;Exports;jais;
Marseille;Exports;jalap;
Marseille;Exports;jambon;
Marseille;Exports;jarres;
Marseille;Exports;jujubes;
Marseille;Exports;jus de citron;
Marseille;Exports;jus de réglisse;
Marseille;Exports;laine;
Marseille;Exports;laine d'Espagne;
Marseille;Exports;laine de chevron;
Marseille;Exports;laine lavée;
Marseille;Exports;lard;
Marseille;Exports;légumes;
Marseille;Exports;librairie;
Marseille;Exports;liège;
Marseille;Exports;liège en bouchons;
Marseille;Exports;lin peigné;1
Marseille;Exports;liqueurs;
Marseille;Exports;liqueurs à boire;
Marseille;Exports;litharge;
Marseille;Exports;lustres;
Marseille;Exports;lustres de Venise;
Marseille;Exports;manne;
Marseille;Exports;manne de Calabre;
Marseille;Exports;mastic;
Marseille;Exports;mercerie;
Marseille;Exports;mercerie fine;
Marseille;Exports;mercure;
Marseille;Exports;merluche;
Marseille;Exports;meules pour moulins;
Marseille;Exports;miel;1
Marseille;Exports;minium;
Marseille;Exports;miroirs;
Marseille;Exports;morue;
Marseille;Exports;morue sèche;1
Marseille;Exports;mouchoirs d'indienne;
Marseille;Exports;mouchoirs de coton;
Marseille;Exports;mouchoirs de soie;
Marseille;Exports;mousseline;
Marseille;Exports;muscades;
Marseille;Exports;myrrhe;
Marseille;Exports;noir de fumée;
Marseille;Exports;noisettes;
Marseille;Exports;ocre;
Marseille;Exports;œufs;
Marseille;Exports;oignons de fleurs;
Marseille;Exports;olives;
Marseille;Exports;opium;
Marseille;Exports;orange;
Marseille;Exports;orpiment;
Marseille;Exports;osier;
Marseille;Exports;ouate;
Marseille;Exports;ouvrages d'étain;
Marseille;Exports;ouvrages de bois;
Marseille;Exports;ouvrages de cire blanche;
Marseille;Exports;ouvrages de corail;
Marseille;Exports;ouvrages de cuivre;
Marseille;Exports;ouvrages de fer;1
Marseille;Exports;ouvrages de laiton;
Marseille;Exports;ouvrages de modes;
Marseille;Exports;ouvrages de soie;
Marseille;Exports;papier blanc;
Marseille;Exports;parchemins;
Marseille;Exports;parfumerie;
Marseille;Exports;pastel;
Marseille;Exports;peaux apprêtées de mouton;
Marseille;Exports;peaux de chamois;
Marseille;Exports;peaux de maroquins;
Marseille;Exports;peaux de mouton passées;
Marseille;Exports;peaux tannées de veau;
Marseille;Exports;peignes de buis;
Marseille;Exports;pelleterie;
Marseille;Exports;pelleterie apprêtée;
Marseille;Exports;pierres à aiguiser;
Marseille;Exports;pierres à fusils;
Marseille;Exports;pierres de four;
Marseille;Exports;pierres ponces;
Marseille;Exports;pignons d'épine;
Marseille;Exports;piment;
Marseille;Exports;pipes à fumer;1
Marseille;Exports;pistaches;
Marseille;Exports;planches de sapin;
Marseille;Exports;plomb en grenaille;
Marseille;Exports;plomb en saumon;
Marseille;Exports;plumes apprêtées d'autruche;
Marseille;Exports;poil de chèvre;
Marseille;Exports;poil de lapin;
Marseille;Exports;poisson frais;
Marseille;Exports;poisson frit;
Marseille;Exports;poisson salé;
Marseille;Exports;poivre;
Marseille;Exports;poivre giroflé;
Marseille;Exports;poix résines;
Marseille;Exports;pommade;
Marseille;Exports;porcelaine;
Marseille;Exports;porcs salés;
Marseille;Exports;poudre à poudrer;
Marseille;Exports;poulets;
Marseille;Exports;pruneaux;
Marseille;Exports;prunes;
Marseille;Exports;prunes Brignoles;
Marseille;Exports;prunes sèches;
Marseille;Exports;quincaillerie;
Marseille;Exports;quincaillerie d'acier et de fer;
Marseille;Exports;quincaillerie de fer;
Marseille;Exports;quinquina;
Marseille;Exports;raisin frais;
Marseille;Exports;raisin sec;1
Marseille;Exports;réglisse;
Marseille;Exports;rhubarbe;
Marseille;Exports;rocou;
Marseille;Exports;ruban de soie;
Marseille;Exports;safran;1
Marseille;Exports;safranum;
Marseille;Exports;salicore;
Marseille;Exports;salsepareille;
Marseille;Exports;sardines salées;
Marseille;Exports;saucissons;
Marseille;Exports;saumon salé;
Marseille;Exports;savon;1
Marseille;Exports;savon blanc;
Marseille;Exports;savon madré;
Marseille;Exports;savonnettes;
Marseille;Exports;scammonée;
Marseille;Exports;sel d'ammoniac;
Marseille;Exports;sel d'Epsom;
Marseille;Exports;séné;
Marseille;Exports;séné en grabeau;
Marseille;Exports;serge de laine;1
Marseille;Exports;siamoise;
Marseille;Exports;sirop d'alkermès;
Marseille;Exports;sirop de capillaire;
Marseille;Exports;sirop de mélasse;1
Marseille;Exports;soie apprêtée;
Marseille;Exports;soudes;
Marseille;Exports;soufre;
Marseille;Exports;souliers;
Marseille;Exports;squine;
Marseille;Exports;stockfisch;1
Marseille;Exports;storax;
Marseille;Exports;sucre blanc;1
Marseille;Exports;sucre blanc et sucre terré;
Marseille;Exports;sucre brut;1
Marseille;Exports;sucre candi;
Marseille;Exports;sucre en pain;
Marseille;Exports;sucre raffiné;
Marseille;Exports;sucre terré;1
Marseille;Exports;sucre vergeoise;
Marseille;Exports;suif;
Marseille;Exports;sumac;
Marseille;Exports;tabac;
Marseille;Exports;tabac de la Ferme;
Marseille;Exports;tamarin;
Marseille;Exports;tapisserie;
Marseille;Exports;tartre;
Marseille;Exports;térébenthine;
Marseille;Exports;terre d'ombre;
Marseille;Exports;thé;
Marseille;Exports;thon mariné;
Marseille;Exports;toile;
Marseille;Exports;toile blanche;
Marseille;Exports;toile cirée;
Marseille;Exports;toile crue;
Marseille;Exports;toile d'aman;
Marseille;Exports;toile d'Antioche;
Marseille;Exports;toile d'emballage;
Marseille;Exports;toile de Laval;
Marseille;Exports;toile grise;
Marseille;Exports;toile manouf;
Marseille;Exports;toile peinte;
Marseille;Exports;toile piquée;
Marseille;Exports;toile pour voile;
Marseille;Exports;toile treillis;
Marseille;Exports;tournesol;
Marseille;Exports;truffes;
Marseille;Exports;truffes sèches;
Marseille;Exports;tuiles;
Marseille;Exports;velours;
Marseille;Exports;verdet;
Marseille;Exports;vermicelle;
Marseille;Exports;vermillon;
Marseille;Exports;verres à boire;
Marseille;Exports;verres communs;1
Marseille;Exports;verres de cristal;1
Marseille;Exports;vin;
Marseille;Exports;vin blanc;
Marseille;Exports;vin de Bourgogne;
Marseille;Exports;vin de Champagne;1
Marseille;Exports;vin de Chypre;
Marseille;Exports;vin de Malaga;
Marseille;Exports;vin de muscat;
Marseille;Exports;vin rouge;
Marseille;Exports;vin rouge commun;
Marseille;Exports;vinaigre;1
Marseille;Exports;vitriol;
Marseille;Exports;vitriol de Chypre;
La Rochelle;Imports;acier;
La Rochelle;Imports;alun;
La Rochelle;Imports;amidon;
La Rochelle;Imports;anspects;
La Rochelle;Imports;arsenic;
La Rochelle;Imports;azur;
La Rochelle;Imports;azur commun;
La Rochelle;Imports;baleine coupée;
La Rochelle;Imports;baleine en fanon;
La Rochelle;Imports;barres de fer;
La Rochelle;Imports;barriques vides;
La Rochelle;Imports;barriques vides vieilles;
La Rochelle;Imports;beurre;
La Rochelle;Imports;beurre salé;
La Rochelle;Imports;bière;
La Rochelle;Imports;bœuf salé;
La Rochelle;Imports;bois de Brésil;
La Rochelle;Imports;bois de Campêche;
La Rochelle;Imports;bois pour teindre;
La Rochelle;Imports;borax;
La Rochelle;Imports;bordage de chêne;
La Rochelle;Imports;bourdilles;
La Rochelle;Imports;bourdillons;
La Rochelle;Imports;bourre de bœuf;
La Rochelle;Imports;bouteilles de verre;
La Rochelle;Imports;brai gras;1
La Rochelle;Imports;briques;
La Rochelle;Imports;cabillaud;
La Rochelle;Imports;cacao;1
La Rochelle;Imports;café;1
La Rochelle;Imports;cannelle;
La Rochelle;Imports;capillaire en herbes;
La Rochelle;Imports;carreaux de terre cuite;
La Rochelle;Imports;castor sec;
La Rochelle;Imports;cauris;
La Rochelle;Imports;caves garnies;
La Rochelle;Imports;cercles de fer;
La Rochelle;Imports;céruse;
La Rochelle;Imports;chaises de commodité;
La Rochelle;Imports;chandelle;
La Rochelle;Imports;chanvre cru;
La Rochelle;Imports;chanvre en rames;
La Rochelle;Imports;charbon de terre;1
La Rochelle;Imports;chaudron de cuivre;
La Rochelle;Imports;cinabre;
La Rochelle;Imports;cire jaune;
La Rochelle;Imports;citrons confits;
La Rochelle;Imports;clous de fer;1
La Rochelle;Imports;colle forte;
La Rochelle;Imports;confitures;
La Rochelle;Imports;coton;1
La Rochelle;Imports;couperose;
La Rochelle;Imports;couperose verte;
La Rochelle;Imports;couteaux communs;1
La Rochelle;Imports;cuirs de bœuf en poil;
La Rochelle;Imports;cuirs de bœuf tannés;
La Rochelle;Imports;cuirs de Russie;
La Rochelle;Imports;cuivre brut;
La Rochelle;Imports;dents d'éléphant;
La Rochelle;Imports;douelles pour barriques;
La Rochelle;Imports;douelles pour pipes;
La Rochelle;Imports;douelles pour quarts;
La Rochelle;Imports;écaille de tortue;
La Rochelle;Imports;épousterie;
La Rochelle;Imports;espars;
La Rochelle;Imports;faïence;
La Rochelle;Imports;fer-blanc;
La Rochelle;Imports;fer coulé;
La Rochelle;Imports;fer noir;
La Rochelle;Imports;figue;
La Rochelle;Imports;fil de fer;
La Rochelle;Imports;fil de laiton;
La Rochelle;Imports;fléaux de fer;
La Rochelle;Imports;fromage;
La Rochelle;Imports;galon de fil;
La Rochelle;Imports;garance;
La Rochelle;Imports;girofle;
La Rochelle;Imports;goudron;
La Rochelle;Imports;grains froment;1
La Rochelle;Imports;grains riz;1
La Rochelle;Imports;harengs blancs;1
La Rochelle;Imports;huile d'olive;1
La Rochelle;Imports;huile de lin;
La Rochelle;Imports;huile de poisson;
La Rochelle;Imports;inde plate;
La Rochelle;Imports;indigo;1
La Rochelle;Imports;jambon;
La Rochelle;Imports;limeneas;
La Rochelle;Imports;lin cru;
La Rochelle;Imports;lin peigné;
La Rochelle;Imports;litharge;
La Rochelle;Imports;madriers d'acajou;
La Rochelle;Imports;mâtereaux;
La Rochelle;Imports;mâts;
La Rochelle;Imports;mercerie;
La Rochelle;Imports;mercure;
La Rochelle;Imports;mine de plomb;
La Rochelle;Imports;mitrailles de cuivre;
La Rochelle;Imports;morue sèche;1
La Rochelle;Imports;morue verte;
La Rochelle;Imports;moulins à café;
La Rochelle;Imports;muscades;
La Rochelle;Imports;nicanéas;
La Rochelle;Imports;noir de fumée;
La Rochelle;Imports;ocre;
La Rochelle;Imports;orge mondé;
La Rochelle;Imports;orpiment;
La Rochelle;Imports;orpin;
La Rochelle;Imports;ouvrages de cuivre;
La Rochelle;Imports;ouvrages de fer;1
La Rochelle;Imports;ouvrages de fonte;
La Rochelle;Imports;peaux d'orignal;
La Rochelle;Imports;peaux d'ours;
La Rochelle;Imports;peaux de cerf;
La Rochelle;Imports;peaux de chevreuil;
La Rochelle;Imports;peaux de loup cervier;
La Rochelle;Imports;peaux de martre;
La Rochelle;Imports;piment;
La Rochelle;Imports;pipes à fumer;1
La Rochelle;Imports;pipes vides;
La Rochelle;Imports;planches de Prusse;
La Rochelle;Imports;planches de sapin;
La Rochelle;Imports;planches de sapin commun;1
La Rochelle;Imports;platille;
La Rochelle;Imports;plomb en grenaille;
La Rochelle;Imports;plomb en saumon;
La Rochelle;Imports;plumes à écrire;1
La Rochelle;Imports;poêles à frire de fer;
La Rochelle;Imports;poids de fer;
La Rochelle;Imports;poivre;
La Rochelle;Imports;potasse;
La Rochelle;Imports;poterie de grès;
La Rochelle;Imports;quincaillerie de fer;
La Rochelle;Imports;rassades;
La Rochelle;Imports;rocou;
La Rochelle;Imports;rognons de castor;
La Rochelle;Imports;rogues;
La Rochelle;Imports;ruban de fil;
La Rochelle;Imports;saumon salé;
La Rochelle;Imports;savon;1
La Rochelle;Imports;savon noir;
La Rochelle;Imports;soliveaux de sapin;
La Rochelle;Imports;soufre;
La Rochelle;Imports;stockfisch;1
La Rochelle;Imports;sucre blanc;1
La Rochelle;Imports;sucre brut;1
La Rochelle;Imports;sucre terré;1
La Rochelle;Imports;sucre têtes;
La Rochelle;Imports;suif;
La Rochelle;Imports;sumac;
La Rochelle;Imports;tabac filé;
La Rochelle;Imports;thé;
La Rochelle;Imports;tôle de fer;
La Rochelle;Imports;vermillon;
La Rochelle;Imports;verres à boire;
La Rochelle;Exports;acier;
La Rochelle;Exports;alun;
La Rochelle;Exports;amandes en coque;
La Rochelle;Exports;amidon;
La Rochelle;Exports;anchois;
La Rochelle;Exports;armes à feu;
La Rochelle;Exports;barres de fer;
La Rochelle;Exports;bas de fil;1
La Rochelle;Exports;bas de laine;
La Rochelle;Exports;bas de soie;1
La Rochelle;Exports;basin;
La Rochelle;Exports;beurre;
La Rochelle;Exports;bœuf salé;
La Rochelle;Exports;bougie;
La Rochelle;Exports;brai gras;1
La Rochelle;Exports;brai sec;1
La Rochelle;Exports;cacao;1
La Rochelle;Exports;café;1
La Rochelle;Exports;café des Indes;
La Rochelle;Exports;callemande;
La Rochelle;Exports;câpres;
La Rochelle;Exports;carreaux de verre à vitre;
La Rochelle;Exports;cartes à jouer;1
La Rochelle;Exports;cauris;
La Rochelle;Exports;chandelle;
La Rochelle;Exports;chapeaux de castor;
La Rochelle;Exports;chapeaux de demi-castor;
La Rochelle;Exports;chapeaux de laine;
La Rochelle;Exports;chaudron de cuivre;
La Rochelle;Exports;clous de fer;1
La Rochelle;Exports;confitures;
La Rochelle;Exports;cordage;
La Rochelle;Exports;couvertures de laine;
La Rochelle;Exports;crin;
La Rochelle;Exports;dentelle de fil;
La Rochelle;Exports;drap;
La Rochelle;Exports;drogues;
La Rochelle;Exports;eau-de-vie;1
La Rochelle;Exports;eau-de-vie de Charente;
La Rochelle;Exports;eau-de-vie de Ré;
La Rochelle;Exports;étoffe de laine;
La Rochelle;Exports;étoffe de soie;
La Rochelle;Exports;faïence;
La Rochelle;Exports;farine;
La Rochelle;Exports;fer-blanc;
La Rochelle;Exports;ferrements;
La Rochelle;Exports;feuillards;
La Rochelle;Exports;fil à coudre;1
La Rochelle;Exports;fil de coton;
La Rochelle;Exports;fil de Rennes;
La Rochelle;Exports;fil pour voile;1
La Rochelle;Exports;fromage;
La Rochelle;Exports;fruits secs;
La Rochelle;Exports;graine de genièvre;
La Rochelle;Exports;grains riz;1
La Rochelle;Exports;huile d'olive;1
La Rochelle;Exports;indigo;1
La Rochelle;Exports;jambon;
La Rochelle;Exports;lard;
La Rochelle;Exports;limeneas;
La Rochelle;Exports;marmites de fer;
La Rochelle;Exports;marrons;
La Rochelle;Exports;mercerie;
La Rochelle;Exports;morue sèche;1
La Rochelle;Exports;nicanéas;
La Rochelle;Exports;noix;
La Rochelle;Exports;osier;
La Rochelle;Exports;ouvrages d'étain;
La Rochelle;Exports;ouvrages de cuivre;
La Rochelle;Exports;ouvrages de fer;1
La Rochelle;Exports;papier blanc;
La Rochelle;Exports;peaux apprêtées de mouton;
La Rochelle;Exports;peaux d'orignal;
La Rochelle;Exports;peaux d'ours;
La Rochelle;Exports;peaux de cerf;
La Rochelle;Exports;peaux de chevreuil;
La Rochelle;Exports;peaux de loup;
La Rochelle;Exports;peaux de loup cervier;
La Rochelle;Exports;peaux de martre;
La Rochelle;Exports;peaux de mouton passées;
La Rochelle;Exports;pelleterie;
La Rochelle;Exports;pelleterie commune;
La Rochelle;Exports;pelleterie du Canada;
La Rochelle;Exports;pipes à fumer;1
La Rochelle;Exports;platille;
La Rochelle;Exports;plomb en grenaille;
La Rochelle;Exports;poêles à frire;
La Rochelle;Exports;poivre;
La Rochelle;Exports;poudre à poudrer;
La Rochelle;Exports;poudre à tirer;
La Rochelle;Exports;pruneaux;
La Rochelle;Exports;quincaillerie;
La Rochelle;Exports;raisin sec;1
La Rochelle;Exports;rassades;
La Rochelle;Exports;rocou;
La Rochelle;Exports;rognons de castor;
La Rochelle;Exports;safran;1
La Rochelle;Exports;salemporis;
La Rochelle;Exports;savon;1
La Rochelle;Exports;sel;1
La Rochelle;Exports;sel d'Oléron;
La Rochelle;Exports;sel de Ré;
La Rochelle;Exports;siamoise;
La Rochelle;Exports;sirop de mélasse;1
La Rochelle;Exports;soierie;
La Rochelle;Exports;souliers;
La Rochelle;Exports;sucre blanc;1
La Rochelle;Exports;sucre brut;1
La Rochelle;Exports;sucre en pain;
La Rochelle;Exports;sucre terré;1
La Rochelle;Exports;sucre têtes de forme;
La Rochelle;Exports;suif;
La Rochelle;Exports;thé;
La Rochelle;Exports;toile de Bretagne;1
La Rochelle;Exports;toile de chanvre;
La Rochelle;Exports;toile de coton;
La Rochelle;Exports;toile de lin;
La Rochelle;Exports;toile pour voile;1
La Rochelle;Exports;tôle de fer;
La Rochelle;Exports;verres à boire;
La Rochelle;Exports;vin;
La Rochelle;Exports;vin de Bordeaux;
La Rochelle;Exports;vin de Ré;
La Rochelle;Exports;vin de Saintonge;
Bordeaux;Imports;acier;
Bordeaux;Imports;aiguilles;
Bordeaux;Imports;allumettes à vin;
Bordeaux;Imports;aloès;
Bordeaux;Imports;alun;
Bordeaux;Imports;amidon;
Bordeaux;Imports;arsenic;
Bordeaux;Imports;avoine;
Bordeaux;Imports;azur;
Bordeaux;Imports;azur commun;
Bordeaux;Imports;baleine coupée;
Bordeaux;Imports;baleine en fanon;
Bordeaux;Imports;barres de fer;
Bordeaux;Imports;barres de guindeau;
Bordeaux;Imports;barriques vides;
Bordeaux;Imports;beurre;
Bordeaux;Imports;beurre salé;
Bordeaux;Imports;bière;
Bordeaux;Imports;blanc de baleine;
Bordeaux;Imports;bœuf fumé;
Bordeaux;Imports;bœuf salé;
Bordeaux;Imports;bois de Brésil;
Bordeaux;Imports;bois de Campêche;
Bordeaux;Imports;bois de gaïac;
Bordeaux;Imports;bois de girofle;
Bordeaux;Imports;bois de Sainte-Marthe;1
Bordeaux;Imports;bois de santal moulu;
Bordeaux;Imports;bois jaune;
Bordeaux;Imports;bois pour teindre;
Bordeaux;Imports;borax;
Bordeaux;Imports;bourdilles;
Bordeaux;Imports;bourre de bœuf;
Bordeaux;Imports;bouteilles de verre;
Bordeaux;Imports;brai gras;1
Bordeaux;Imports;brosses;
Bordeaux;Imports;brun rouge;
Bordeaux;Imports;cabillaud;
Bordeaux;Imports;caboches;
Bordeaux;Imports;cacao;1
Bordeaux;Imports;café;1
Bordeaux;Imports;camphre;
Bordeaux;Imports;canefice;
Bordeaux;Imports;cannelle;
Bordeaux;Imports;cassia lignea;
Bordeaux;Imports;cendre bleue;
Bordeaux;Imports;céruse;
Bordeaux;Imports;chaises de commodité;
Bordeaux;Imports;chandelle;
Bordeaux;Imports;chanvre cru;
Bordeaux;Imports;charbon de terre;1
Bordeaux;Imports;cinabre;
Bordeaux;Imports;cire jaune;
Bordeaux;Imports;clous de fer;1
Bordeaux;Imports;colle de Flandre;
Bordeaux;Imports;colle de poisson;
Bordeaux;Imports;colle forte;
Bordeaux;Imports;confitures;
Bordeaux;Imports;cordage;
Bordeaux;Imports;coton;1
Bordeaux;Imports;couperose;
Bordeaux;Imports;couperose verte;
Bordeaux;Imports;coutil;
Bordeaux;Imports;crin;
Bordeaux;Imports;cuirs de Russie;
Bordeaux;Imports;cuirs tannés;
Bordeaux;Imports;cuivre brut;
Bordeaux;Imports;cuivre rouge;
Bordeaux;Imports;dés de cuivre;
Bordeaux;Imports;douelles pour barriques;
Bordeaux;Imports;douelles pour pipes;
Bordeaux;Imports;écaille de tortue;
Bordeaux;Imports;étain en bloc;
Bordeaux;Imports;faïence;
Bordeaux;Imports;faux à faucher;
Bordeaux;Imports;fer-blanc;
Bordeaux;Imports;fer coulé;
Bordeaux;Imports;feuilles de cuivre;
Bordeaux;Imports;feuilles de fer;
Bordeaux;Imports;feuilles de tabac;
Bordeaux;Imports;fèves;
Bordeaux;Imports;fil blanc à coudre;
Bordeaux;Imports;fil de fer;
Bordeaux;Imports;fil de fer à carder;
Bordeaux;Imports;fil de fer gros;
Bordeaux;Imports;fil de fer passe perles;
Bordeaux;Imports;fil de laiton;1
Bordeaux;Imports;fonçaille;
Bordeaux;Imports;fromage;
Bordeaux;Imports;garance billons;
Bordeaux;Imports;garance commune;
Bordeaux;Imports;garance grappe;
Bordeaux;Imports;garance non robée;
Bordeaux;Imports;gingembre;
Bordeaux;Imports;girofle;
Bordeaux;Imports;gomme gutte;
Bordeaux;Imports;gomme laque;
Bordeaux;Imports;goudron;
Bordeaux;Imports;graine de jardin;
Bordeaux;Imports;grains froment;1
Bordeaux;Imports;grains seigle;
Bordeaux;Imports;gruau;
Bordeaux;Imports;harengs blancs;1
Bordeaux;Imports;hôpitaux de cuivre;
Bordeaux;Imports;huile d'olive;1
Bordeaux;Imports;huile de lin;
Bordeaux;Imports;huile de navette;
Bordeaux;Imports;huile de poisson;
Bordeaux;Imports;huile de vitriol;
Bordeaux;Imports;inde plate;
Bordeaux;Imports;indigo;1
Bordeaux;Imports;jalap;
Bordeaux;Imports;jambon;
Bordeaux;Imports;limes d'acier;
Bordeaux;Imports;lin cru;
Bordeaux;Imports;lin peigné;
Bordeaux;Imports;litharge;
Bordeaux;Imports;macis;
Bordeaux;Imports;madriers d'acajou;
Bordeaux;Imports;mercerie;
Bordeaux;Imports;mercerie grossière;
Bordeaux;Imports;mercure;
Bordeaux;Imports;merrains pour barriques;
Bordeaux;Imports;merrains pour fonds;
Bordeaux;Imports;minium;
Bordeaux;Imports;mongette;
Bordeaux;Imports;morue sèche;1
Bordeaux;Imports;moulins à café;
Bordeaux;Imports;muscades;
Bordeaux;Imports;orpiment;
Bordeaux;Imports;ouvrages d'étain;
Bordeaux;Imports;ouvrages de cuivre;
Bordeaux;Imports;ouvrages de fer;1
Bordeaux;Imports;pinceaux;
Bordeaux;Imports;pipes à fumer;1
Bordeaux;Imports;planches de chêne;
Bordeaux;Imports;planches de sapin de 18 pieds;
Bordeaux;Imports;platines de cuivre;
Bordeaux;Imports;plomb en grenaille;
Bordeaux;Imports;plomb en saumon;
Bordeaux;Imports;plumes à écrire;1
Bordeaux;Imports;poêles à frire de fer;
Bordeaux;Imports;poil de sanglier;
Bordeaux;Imports;pois de Bourgogne;
Bordeaux;Imports;pois verts;
Bordeaux;Imports;poivre giroflé;
Bordeaux;Imports;poivre noir;
Bordeaux;Imports;porcelaine;
Bordeaux;Imports;quincaillerie de cuivre;
Bordeaux;Imports;quincaillerie de fer;
Bordeaux;Imports;quinquina;
Bordeaux;Imports;rames de lin;
Bordeaux;Imports;rhubarbe;1
Bordeaux;Imports;rocou;
Bordeaux;Imports;rosette de cuivre;
Bordeaux;Imports;ruban de fil;
Bordeaux;Imports;ruban de fil et de laine;
Bordeaux;Imports;salsepareille;
Bordeaux;Imports;saumon salé;
Bordeaux;Imports;soliveaux de chêne;
Bordeaux;Imports;soliveaux de sapin;
Bordeaux;Imports;soufre;
Bordeaux;Imports;stockfisch;1
Bordeaux;Imports;sublimé;
Bordeaux;Imports;sucre blanc;1
Bordeaux;Imports;sucre brut;1
Bordeaux;Imports;sucre en pain;
Bordeaux;Imports;sucre terré;1
Bordeaux;Imports;suif;
Bordeaux;Imports;thé;
Bordeaux;Imports;tôle de fer;
Bordeaux;Imports;tournesol;
Bordeaux;Imports;verres de cristal;1
Ville;Type;product_simplification;
Bordeaux;Exports;acier;
Bordeaux;Exports;amandes cassées;
Bordeaux;Exports;amidon;
Bordeaux;Exports;anchois;
Bordeaux;Exports;artichauts confits;
Bordeaux;Exports;barres de fer;
Bordeaux;Exports;bas de coton;1
Bordeaux;Exports;bas de fil;1
Bordeaux;Exports;bas de laine;1
Bordeaux;Exports;bas de soie;1
Bordeaux;Exports;basin;
Bordeaux;Exports;batiste;
Bordeaux;Exports;beurre;
Bordeaux;Exports;bière;
Bordeaux;Exports;bœuf salé;
Bordeaux;Exports;bonnets de coton;1
Bordeaux;Exports;bougie;1
Bordeaux;Exports;brai;1
Bordeaux;Exports;brai sec;1
Bordeaux;Exports;cacao;1
Bordeaux;Exports;café;1
Bordeaux;Exports;café des Indes;
Bordeaux;Exports;cartes à jouer;1
Bordeaux;Exports;chandelle;
Bordeaux;Exports;chapeaux communs;
Bordeaux;Exports;chapeaux de castor;
Bordeaux;Exports;chapeaux de demi-castor;
Bordeaux;Exports;châtaignes;
Bordeaux;Exports;chemises;
Bordeaux;Exports;chemises à nègre;
Bordeaux;Exports;chemises garnies;
Bordeaux;Exports;clous de fer;1
Bordeaux;Exports;confitures;
Bordeaux;Exports;cordage;
Bordeaux;Exports;cordage de chanvre;
Bordeaux;Exports;cotonnine;
Bordeaux;Exports;coutil;
Bordeaux;Exports;couvertures de laine;
Bordeaux;Exports;cuisses d'oie;
Bordeaux;Exports;dame-jeannes;
Bordeaux;Exports;eau-de-vie;1
Bordeaux;Exports;épicerie;
Bordeaux;Exports;épicerie fine;
Bordeaux;Exports;étoffe de soie;
Bordeaux;Exports;étoupes;
Bordeaux;Exports;faïence;
Bordeaux;Exports;farine;
Bordeaux;Exports;fèves;
Bordeaux;Exports;fromage;
Bordeaux;Exports;fromage de Hollande;
Bordeaux;Exports;fusils de boucaniers;
Bordeaux;Exports;gants de soie;
Bordeaux;Exports;gingembre;
Bordeaux;Exports;gingembre sec;
Bordeaux;Exports;graine de genièvre;
Bordeaux;Exports;graine de lin;
Bordeaux;Exports;graisse de porcs;
Bordeaux;Exports;huile d'olive;1
Bordeaux;Exports;huile de lin;
Bordeaux;Exports;indigo;1
Bordeaux;Exports;jambon;
Bordeaux;Exports;langues fumées;
Bordeaux;Exports;lard;
Bordeaux;Exports;légumes;
Bordeaux;Exports;liège;
Bordeaux;Exports;mercerie;
Bordeaux;Exports;morue sèche;1
Bordeaux;Exports;mouchoirs de coton;
Bordeaux;Exports;mouchoirs de fil;
Bordeaux;Exports;mousseline;
Bordeaux;Exports;noix;
Bordeaux;Exports;osier;
Bordeaux;Exports;ouvrages d'étain;
Bordeaux;Exports;ouvrages de cuivre;
Bordeaux;Exports;ouvrages de fer;1
Bordeaux;Exports;pipes à fumer;1
Bordeaux;Exports;pistolets;
Bordeaux;Exports;plomb en grenaille;
Bordeaux;Exports;poivre;
Bordeaux;Exports;porcelaine;
Bordeaux;Exports;porcs salés;
Bordeaux;Exports;poudre à feu;
Bordeaux;Exports;poudre à poudrer;
Bordeaux;Exports;poudre à tirer;
Bordeaux;Exports;pruneaux;
Bordeaux;Exports;quincaillerie de fer;
Bordeaux;Exports;raisin sec;1
Bordeaux;Exports;rocou;
Bordeaux;Exports;sardines;
Bordeaux;Exports;savon;1
Bordeaux;Exports;serviettes;
Bordeaux;Exports;siamoise;
Bordeaux;Exports;soierie;
Bordeaux;Exports;souliers;
Bordeaux;Exports;sucre blanc;1
Bordeaux;Exports;sucre brut;1
Bordeaux;Exports;sucre en pain;
Bordeaux;Exports;sucre raffiné;
Bordeaux;Exports;sucre terré;1
Bordeaux;Exports;sucre têtes de forme;
Bordeaux;Exports;suif;
Bordeaux;Exports;toile de Bretagne;1
Bordeaux;Exports;toile de coton;
Bordeaux;Exports;toile guingans;
Bordeaux;Exports;toile pour voile;
Bordeaux;Exports;velours;
Bordeaux;Exports;verres à boire;
Bordeaux;Exports;vin de Blaye;
Bordeaux;Exports;vin de Bordeaux de haut;1
Bordeaux;Exports;vin de Bordeaux de ville;1
Bordeaux;Exports;vin de Bourg;
Bordeaux;Exports;vin de haut;1
Bordeaux;Exports;vin de ville;1
Bordeaux;Exports;vinaigre;1
