numrodeligne,dataentryby,source,sourcepath,sourcetype,year,exportsimports,direction,bureaux,sheet,marchandises,pays,value,quantit,total,quantity_unit,remarks,doubleaccounts
5048,David Cassagnes,AN F12 1835,National/Objet Général/AN Paris/F_12_1835_1788/1788.csv,Toutes directions partenaires manquants,1788,Imports,Bayonne,,103,Cacao,Colonie française de l'Amérique,63662,106103,63662,Livres,,0
5049,David Cassagnes,AN F12 1835,National/Objet Général/AN Paris/F_12_1835_1788/1788.csv,Toutes directions partenaires manquants,1788,Imports,Bayonne,,103,Caffé,Colonie française de l'Amérique,263897,226382,263897,Livres,,0
5050,David Cassagnes,AN F12 1835,National/Objet Général/AN Paris/F_12_1835_1788/1788.csv,Toutes directions partenaires manquants,1788,Imports,Bayonne,,103,Canefice,Colonie française de l'Amérique,6697,7441,6697,Livres,,0
5051,David Cassagnes,AN F12 1835,National/Objet Général/AN Paris/F_12_1835_1788/1788.csv,Toutes directions partenaires manquants,1788,Imports,Bayonne,,103,Coton ; en laine,Colonie française de l'Amérique,168,75,168,Livres,,0
5052,David Cassagnes,AN F12 1835,National/Objet Général/AN Paris/F_12_1835_1788/1788.csv,Toutes directions partenaires manquants,1788,Imports,Bayonne,,103,Indigo,Colonie française de l'Amérique,3344,418,3344,Livres,,0
5053,David Cassagnes,AN F12 1835,National/Objet Général/AN Paris/F_12_1835_1788/1788.csv,Toutes directions partenaires manquants,1788,Imports,Bayonne,,103,Sucre ; brut,Colonie française de l'Amérique,106452,304149,106452,Livres,,0
5054,David Cassagnes,AN F12 1835,National/Objet Général/AN Paris/F_12_1835_1788/1788.csv,Toutes directions partenaires manquants,1788,Imports,Bayonne,,103,Sucre ; terré,Colonie française de l'Amérique,185279,308799,185279,Livres,,0
5055,David Cassagnes,AN F12 1835,National/Objet Général/AN Paris/F_12_1835_1788/1788.csv,Toutes directions partenaires manquants,1788,Imports,Bayonne,,103,Sucre ; tête,Colonie française de l'Amérique,684994,1431454,684994,Livres,,0
5056,David Cassagnes,AN F12 1835,National/Objet Général/AN Paris/F_12_1835_1788/1788.csv,Toutes directions partenaires manquants,1788,Imports,Bayonne,,103,Bois ; d'acajou,Colonie française de l'Amérique,460,,460,,,0
5057,David Cassagnes,AN F12 1835,National/Objet Général/AN Paris/F_12_1835_1788/1788.csv,Toutes directions partenaires manquants,1788,Imports,Bayonne,,103,Bois ; de brésil,Colonie française de l'Amérique,3366,13465,3366,Livres,,0
5058,David Cassagnes,AN F12 1835,National/Objet Général/AN Paris/F_12_1835_1788/1788.csv,Toutes directions partenaires manquants,1788,Imports,Bayonne,,103,Bois ; de campêche,Colonie française de l'Amérique,480,4000,480,Livres,,0
5059,David Cassagnes,AN F12 1835,National/Objet Général/AN Paris/F_12_1835_1788/1788.csv,Toutes directions partenaires manquants,1788,Imports,Bayonne,,103,Bois ; de gayac,Colonie française de l'Amérique,754,5030,754,Livres,,0
5060,David Cassagnes,AN F12 1835,National/Objet Général/AN Paris/F_12_1835_1788/1788.csv,Toutes directions partenaires manquants,1788,Imports,Bayonne,,103,Carret,Colonie française de l'Amérique,552,46,552,Livres,,0
5061,David Cassagnes,AN F12 1835,National/Objet Général/AN Paris/F_12_1835_1788/1788.csv,Toutes directions partenaires manquants,1788,Imports,Bayonne,,103,Confitures,Colonie française de l'Amérique,294,201,294,Livres,,0
5062,David Cassagnes,AN F12 1835,National/Objet Général/AN Paris/F_12_1835_1788/1788.csv,Toutes directions partenaires manquants,1788,Imports,Bayonne,,103,Cuirs ; en poil,Colonie française de l'Amérique,32076,1782,32076,Nombres,,0
5063,David Cassagnes,AN F12 1835,National/Objet Général/AN Paris/F_12_1835_1788/1788.csv,Toutes directions partenaires manquants,1788,Imports,Bayonne,,103,Liqueurs,Colonie française de l'Amérique,328,,328,,,0
5064,David Cassagnes,AN F12 1835,National/Objet Général/AN Paris/F_12_1835_1788/1788.csv,Toutes directions partenaires manquants,1788,Imports,Bayonne,,103,Riz,Colonie française de l'Amérique,6284,20947,6284,Livres,,0
5065,David Cassagnes,AN F12 1835,National/Objet Général/AN Paris/F_12_1835_1788/1788.csv,Toutes directions partenaires manquants,1788,Imports,Bayonne,,103,Sirop ; fin,Colonie française de l'Amérique,12,12,12,Livres,,0
5066,David Cassagnes,AN F12 1835,National/Objet Général/AN Paris/F_12_1835_1788/1788.csv,Toutes directions partenaires manquants,1788,Imports,Bayonne,,103,Tabac ; fabriqué,Colonie française de l'Amérique,480,385,480,Livres,,0
5067,David Cassagnes,AN F12 1835,National/Objet Général/AN Paris/F_12_1835_1788/1788.csv,Toutes directions partenaires manquants,1788,Imports,Bayonne,,103,Tabac ; en feuilles,Colonie française de l'Amérique,5122,6830,5122,Livres,,0
5068,David Cassagnes,AN F12 1835,National/Objet Général/AN Paris/F_12_1835_1788/1788.csv,Toutes directions partenaires manquants,1788,Imports,Bayonne,,103,Objets ; divers,Colonie française de l'Amérique,46,,46,,,0
5069,David Cassagnes,AN F12 1835,National/Objet Général/AN Paris/F_12_1835_1788/1788.csv,Toutes directions partenaires manquants,1788,Imports,Bayonne,,103,Morphil,Sénégal et Guinée,7530,1255,7530,Livres,,0
5070,David Cassagnes,AN F12 1835,National/Objet Général/AN Paris/F_12_1835_1788/1788.csv,Toutes directions partenaires manquants,1788,Imports,Bordeaux,,103,Cacao,Colonie française de l'Amérique,186958,310658,186958,Livres,Total incorrect. Cela fait 79267739 et non 79271739.,0
5071,David Cassagnes,AN F12 1835,National/Objet Général/AN Paris/F_12_1835_1788/1788.csv,Toutes directions partenaires manquants,1788,Imports,Bordeaux,,103,Caffé,Colonie française de l'Amérique,36012654,32625171,36012654,Livres,Total incorrect. Cela fait 79267739 et non 79271739.,0
5072,David Cassagnes,AN F12 1835,National/Objet Général/AN Paris/F_12_1835_1788/1788.csv,Toutes directions partenaires manquants,1788,Imports,Bordeaux,,103,Canefice,Colonie française de l'Amérique,32683,36315,32683,Livres,Total incorrect. Cela fait 79267739 et non 79271739.,0
5073,David Cassagnes,AN F12 1835,National/Objet Général/AN Paris/F_12_1835_1788/1788.csv,Toutes directions partenaires manquants,1788,Imports,Bordeaux,,103,Coton ; en laine,Colonie française de l'Amérique,5504283,2514277,5504283,Livres,Total incorrect. Cela fait 79267739 et non 79271739.,0
5074,David Cassagnes,AN F12 1835,National/Objet Général/AN Paris/F_12_1835_1788/1788.csv,Toutes directions partenaires manquants,1788,Imports,Bordeaux,,103,Gingembre,Colonie française de l'Amérique,4291,12819,4291,Livres,Total incorrect. Cela fait 79267739 et non 79271739.,0
5075,David Cassagnes,AN F12 1835,National/Objet Général/AN Paris/F_12_1835_1788/1788.csv,Toutes directions partenaires manquants,1788,Imports,Bordeaux,,103,Indigo,Colonie française de l'Amérique,4303993,478134,4303993,Livres,Total incorrect. Cela fait 79267739 et non 79271739.,0
5076,David Cassagnes,AN F12 1835,National/Objet Général/AN Paris/F_12_1835_1788/1788.csv,Toutes directions partenaires manquants,1788,Imports,Bordeaux,,103,Rocou,Colonie française de l'Amérique,86058,86058,86058,Livres,Total incorrect. Cela fait 79267739 et non 79271739.,0
5077,David Cassagnes,AN F12 1835,National/Objet Général/AN Paris/F_12_1835_1788/1788.csv,Toutes directions partenaires manquants,1788,Imports,Bordeaux,,103,Sucre ; brut,Colonie française de l'Amérique,11646919,29117297,11646919,Livres,Total incorrect. Cela fait 79267739 et non 79271739.,0
5078,David Cassagnes,AN F12 1835,National/Objet Général/AN Paris/F_12_1835_1788/1788.csv,Toutes directions partenaires manquants,1788,Imports,Bordeaux,,103,Sucre ; raffiné,Colonie française de l'Amérique,818,818,818,Livres,Total incorrect. Cela fait 79267739 et non 79271739.,0
5079,David Cassagnes,AN F12 1835,National/Objet Général/AN Paris/F_12_1835_1788/1788.csv,Toutes directions partenaires manquants,1788,Imports,Bordeaux,,103,Sucre ; terré,Colonie française de l'Amérique,16388768,29797759,16388768,Livres,Total incorrect. Cela fait 79267739 et non 79271739.,0
5080,David Cassagnes,AN F12 1835,National/Objet Général/AN Paris/F_12_1835_1788/1788.csv,Toutes directions partenaires manquants,1788,Imports,Bordeaux,,103,Sucre ; tête,Colonie française de l'Amérique,4512889,11282223,4512889,Livres,Total incorrect. Cela fait 79267739 et non 79271739.,0
5081,David Cassagnes,AN F12 1835,National/Objet Général/AN Paris/F_12_1835_1788/1788.csv,Toutes directions partenaires manquants,1788,Imports,Bordeaux,,103,Bois ; d'acajou,Colonie française de l'Amérique,35002,,35002,,Total incorrect. Cela fait 79267739 et non 79271739.,0
5082,David Cassagnes,AN F12 1835,National/Objet Général/AN Paris/F_12_1835_1788/1788.csv,Toutes directions partenaires manquants,1788,Imports,Bordeaux,,103,Bois ; de brésil,Colonie française de l'Amérique,23890,31854,23890,Livres,Total incorrect. Cela fait 79267739 et non 79271739.,0
5083,David Cassagnes,AN F12 1835,National/Objet Général/AN Paris/F_12_1835_1788/1788.csv,Toutes directions partenaires manquants,1788,Imports,Bordeaux,,103,Bois ; de campêche,Colonie française de l'Amérique,91729,509608,91729,Livres,Total incorrect. Cela fait 79267739 et non 79271739.,0
5084,David Cassagnes,AN F12 1835,National/Objet Général/AN Paris/F_12_1835_1788/1788.csv,Toutes directions partenaires manquants,1788,Imports,Bordeaux,,103,Bois ; de couleur,Colonie française de l'Amérique,20223,202239,20223,Livres,Total incorrect. Cela fait 79267739 et non 79271739.,0
5085,David Cassagnes,AN F12 1835,National/Objet Général/AN Paris/F_12_1835_1788/1788.csv,Toutes directions partenaires manquants,1788,Imports,Bordeaux,,103,Bois ; de gayac,Colonie française de l'Amérique,33561,167804,33561,Livres,Total incorrect. Cela fait 79267739 et non 79271739.,0
5086,David Cassagnes,AN F12 1835,National/Objet Général/AN Paris/F_12_1835_1788/1788.csv,Toutes directions partenaires manquants,1788,Imports,Bordeaux,,103,Bois ; de santal,Colonie française de l'Amérique,29968,59937,29968,Livres,Total incorrect. Cela fait 79267739 et non 79271739.,0
5087,David Cassagnes,AN F12 1835,National/Objet Général/AN Paris/F_12_1835_1788/1788.csv,Toutes directions partenaires manquants,1788,Imports,Bordeaux,,103,Bois ; de Sainte Marthe,Colonie française de l'Amérique,77995,173322,77995,Livres,Total incorrect. Cela fait 79267739 et non 79271739.,0
5088,David Cassagnes,AN F12 1835,National/Objet Général/AN Paris/F_12_1835_1788/1788.csv,Toutes directions partenaires manquants,1788,Imports,Bordeaux,,103,Bois ; divers,Colonie française de l'Amérique,1411,,1411,,Total incorrect. Cela fait 79267739 et non 79271739.,0
5089,David Cassagnes,AN F12 1835,National/Objet Général/AN Paris/F_12_1835_1788/1788.csv,Toutes directions partenaires manquants,1788,Imports,Bordeaux,,103,Carret,Colonie française de l'Amérique,51634,4302,51634,Livres,Total incorrect. Cela fait 79267739 et non 79271739.,0
5090,David Cassagnes,AN F12 1835,National/Objet Général/AN Paris/F_12_1835_1788/1788.csv,Toutes directions partenaires manquants,1788,Imports,Bordeaux,,103,Confitures,Colonie française de l'Amérique,16427,10952,16427,Livres,Total incorrect. Cela fait 79267739 et non 79271739.,0
5091,David Cassagnes,AN F12 1835,National/Objet Général/AN Paris/F_12_1835_1788/1788.csv,Toutes directions partenaires manquants,1788,Imports,Bordeaux,,103,Cuirs ; en poil,Colonie française de l'Amérique,25683,1223,25683,Nombres,Total incorrect. Cela fait 79267739 et non 79271739.,0
5092,David Cassagnes,AN F12 1835,National/Objet Général/AN Paris/F_12_1835_1788/1788.csv,Toutes directions partenaires manquants,1788,Imports,Bordeaux,,103,Cuirs ; tannés,Colonie française de l'Amérique,61709,51424,61709,Livres,Total incorrect. Cela fait 79267739 et non 79271739.,0
5093,David Cassagnes,AN F12 1835,National/Objet Général/AN Paris/F_12_1835_1788/1788.csv,Toutes directions partenaires manquants,1788,Imports,Bordeaux,,103,Liqueurs,Colonie française de l'Amérique,11004,,11004,,Total incorrect. Cela fait 79267739 et non 79271739.,0
5094,David Cassagnes,AN F12 1835,National/Objet Général/AN Paris/F_12_1835_1788/1788.csv,Toutes directions partenaires manquants,1788,Imports,Bordeaux,,103,Pelleterie ; diverse,Colonie française de l'Amérique,1584,,1584,,Total incorrect. Cela fait 79267739 et non 79271739.,0
5095,David Cassagnes,AN F12 1835,National/Objet Général/AN Paris/F_12_1835_1788/1788.csv,Toutes directions partenaires manquants,1788,Imports,Bordeaux,,103,Riz,Colonie française de l'Amérique,667,1668,667,Livres,Total incorrect. Cela fait 79267739 et non 79271739.,0
5096,David Cassagnes,AN F12 1835,National/Objet Général/AN Paris/F_12_1835_1788/1788.csv,Toutes directions partenaires manquants,1788,Imports,Bordeaux,,103,Sirop ; fin,Colonie française de l'Amérique,11973,7983,11973,Livres,Total incorrect. Cela fait 79267739 et non 79271739.,0
5097,David Cassagnes,AN F12 1835,National/Objet Général/AN Paris/F_12_1835_1788/1788.csv,Toutes directions partenaires manquants,1788,Imports,Bordeaux,,103,Tabac ; fabriqué,Colonie française de l'Amérique,53643,17881,53643,Livres,Total incorrect. Cela fait 79267739 et non 79271739.,0
5098,David Cassagnes,AN F12 1835,National/Objet Général/AN Paris/F_12_1835_1788/1788.csv,Toutes directions partenaires manquants,1788,Imports,Bordeaux,,103,Tabac ; en feuilles,Colonie française de l'Amérique,38756,64594,38756,Livres,Total incorrect. Cela fait 79267739 et non 79271739.,0
5099,David Cassagnes,AN F12 1835,National/Objet Général/AN Paris/F_12_1835_1788/1788.csv,Toutes directions partenaires manquants,1788,Imports,Bordeaux,,103,Objets ; divers,Colonie française de l'Amérique,566,,566,,Total incorrect. Cela fait 79267739 et non 79271739.,0
5100,David Cassagnes,AN F12 1835,National/Objet Général/AN Paris/F_12_1835_1788/1788.csv,Toutes directions partenaires manquants,1788,Imports,Bordeaux,,103,Morphil,Sénégal et Guinée,39402,6567,39402,Livres,,0
5101,David Cassagnes,AN F12 1835,National/Objet Général/AN Paris/F_12_1835_1788/1788.csv,Toutes directions partenaires manquants,1788,Imports,La Rochelle,,103,Cacao,Colonie française de l'Amérique,7309,12182,7309,Livres,,0
5102,David Cassagnes,AN F12 1835,National/Objet Général/AN Paris/F_12_1835_1788/1788.csv,Toutes directions partenaires manquants,1788,Imports,La Rochelle,,103,Caffé,Colonie française de l'Amérique,2431704,2210640,2431704,Livres,,0
5103,David Cassagnes,AN F12 1835,National/Objet Général/AN Paris/F_12_1835_1788/1788.csv,Toutes directions partenaires manquants,1788,Imports,La Rochelle,,103,Canefice,Colonie française de l'Amérique,955,955,955,Livres,,0
5104,David Cassagnes,AN F12 1835,National/Objet Général/AN Paris/F_12_1835_1788/1788.csv,Toutes directions partenaires manquants,1788,Imports,La Rochelle,,103,Coton ; en laine,Colonie française de l'Amérique,761451,349296,761451,Livres,,0
5105,David Cassagnes,AN F12 1835,National/Objet Général/AN Paris/F_12_1835_1788/1788.csv,Toutes directions partenaires manquants,1788,Imports,La Rochelle,,103,Indigo,Colonie française de l'Amérique,490160,49016,490160,Livres,,0
5106,David Cassagnes,AN F12 1835,National/Objet Général/AN Paris/F_12_1835_1788/1788.csv,Toutes directions partenaires manquants,1788,Imports,La Rochelle,,103,Sucre ; brut,Colonie française de l'Amérique,1169155,2922888,1169155,Livres,,0
5107,David Cassagnes,AN F12 1835,National/Objet Général/AN Paris/F_12_1835_1788/1788.csv,Toutes directions partenaires manquants,1788,Imports,La Rochelle,,103,Sucre ; terré,Colonie française de l'Amérique,312015,520025,312015,Livres,,0
5108,David Cassagnes,AN F12 1835,National/Objet Général/AN Paris/F_12_1835_1788/1788.csv,Toutes directions partenaires manquants,1788,Imports,La Rochelle,,103,Bois ; d'acajou,Colonie française de l'Amérique,1528,,1528,,,0
5109,David Cassagnes,AN F12 1835,National/Objet Général/AN Paris/F_12_1835_1788/1788.csv,Toutes directions partenaires manquants,1788,Imports,La Rochelle,,103,Bois ; de campêche,Colonie française de l'Amérique,7213,144263,7213,Livres,,0
5110,David Cassagnes,AN F12 1835,National/Objet Général/AN Paris/F_12_1835_1788/1788.csv,Toutes directions partenaires manquants,1788,Imports,La Rochelle,,103,Confitures,Colonie française de l'Amérique,2124,708,2124,Livres,,0
5111,David Cassagnes,AN F12 1835,National/Objet Général/AN Paris/F_12_1835_1788/1788.csv,Toutes directions partenaires manquants,1788,Imports,La Rochelle,,103,Cuirs ; en poil,Colonie française de l'Amérique,8490,1415,8490,Nombres,,0
5112,David Cassagnes,AN F12 1835,National/Objet Général/AN Paris/F_12_1835_1788/1788.csv,Toutes directions partenaires manquants,1788,Imports,La Rochelle,,103,Liqueurs,Colonie française de l'Amérique,39,,39,,,0
5113,David Cassagnes,AN F12 1835,National/Objet Général/AN Paris/F_12_1835_1788/1788.csv,Toutes directions partenaires manquants,1788,Imports,La Rochelle,,103,Pelleterie ; diverse,Colonie française de l'Amérique,709,,709,,,0
5114,David Cassagnes,AN F12 1835,National/Objet Général/AN Paris/F_12_1835_1788/1788.csv,Toutes directions partenaires manquants,1788,Imports,La Rochelle,,103,Riz,Colonie française de l'Amérique,82,207,82,Livres,,0
5115,David Cassagnes,AN F12 1835,National/Objet Général/AN Paris/F_12_1835_1788/1788.csv,Toutes directions partenaires manquants,1788,Imports,La Rochelle,,103,Sirop ; fin,Colonie française de l'Amérique,958,639,958,Livres,,0
5116,David Cassagnes,AN F12 1835,National/Objet Général/AN Paris/F_12_1835_1788/1788.csv,Toutes directions partenaires manquants,1788,Imports,La Rochelle,,103,Vins ; de liqueurs,Colonie française de l'Amérique,168,,168,,,0
5117,David Cassagnes,AN F12 1835,National/Objet Général/AN Paris/F_12_1835_1788/1788.csv,Toutes directions partenaires manquants,1788,Imports,La Rochelle,,103,Objets ; divers,Colonie française de l'Amérique,116,,116,,,0
5118,David Cassagnes,AN F12 1835,National/Objet Général/AN Paris/F_12_1835_1788/1788.csv,Toutes directions partenaires manquants,1788,Imports,La Rochelle,,103,Morphil,Sénégal et Guinée,15564,2594,15564,Livres,,0
5119,David Cassagnes,AN F12 1835,National/Objet Général/AN Paris/F_12_1835_1788/1788.csv,Toutes directions partenaires manquants,1788,Imports,La Rochelle,,103,Caffé,Colonie française de l'Amérique,13078,11769,13078,Livres,,0
5120,David Cassagnes,AN F12 1835,National/Objet Général/AN Paris/F_12_1835_1788/1788.csv,Toutes directions partenaires manquants,1788,Imports,La Rochelle,,103,Indigo,Colonie française de l'Amérique,2704,338,2704,Livres,,0
5121,David Cassagnes,AN F12 1835,National/Objet Général/AN Paris/F_12_1835_1788/1788.csv,Toutes directions partenaires manquants,1788,Imports,La Rochelle,,103,Sucre ; terré,Colonie française de l'Amérique,71660,119901,71660,Livres,,0
5122,David Cassagnes,AN F12 1835,National/Objet Général/AN Paris/F_12_1835_1788/1788.csv,Toutes directions partenaires manquants,1788,Imports,La Rochelle,,103,Bois ; divers,Colonie française de l'Amérique,40,,40,,,0
5123,David Cassagnes,AN F12 1835,National/Objet Général/AN Paris/F_12_1835_1788/1788.csv,Toutes directions partenaires manquants,1788,Imports,La Rochelle,,103,Confitures,Colonie française de l'Amérique,205,137,205,Livres,,0
5124,David Cassagnes,AN F12 1835,National/Objet Général/AN Paris/F_12_1835_1788/1788.csv,Toutes directions partenaires manquants,1788,Imports,La Rochelle,,103,Liqueurs,Colonie française de l'Amérique,7245,,7245,,,0
5125,David Cassagnes,AN F12 1835,National/Objet Général/AN Paris/F_12_1835_1788/1788.csv,Toutes directions partenaires manquants,1788,Imports,La Rochelle,,103,Sirop ; fin,Colonie française de l'Amérique,1473,982,1473,Livres,,0
5126,David Cassagnes,AN F12 1835,National/Objet Général/AN Paris/F_12_1835_1788/1788.csv,Toutes directions partenaires manquants,1788,Imports,Nantes,,103,Cacao,Colonie française de l'Amérique,98419,196839,98419,Livres,,0
5127,David Cassagnes,AN F12 1835,National/Objet Général/AN Paris/F_12_1835_1788/1788.csv,Toutes directions partenaires manquants,1788,Imports,Nantes,,103,Caffé,Colonie française de l'Amérique,10454168,9473809,10454168,Livres,,0
5128,David Cassagnes,AN F12 1835,National/Objet Général/AN Paris/F_12_1835_1788/1788.csv,Toutes directions partenaires manquants,1788,Imports,Nantes,,103,Canefice,Colonie française de l'Amérique,12931,15714,12931,Livres,,0
5129,David Cassagnes,AN F12 1835,National/Objet Général/AN Paris/F_12_1835_1788/1788.csv,Toutes directions partenaires manquants,1788,Imports,Nantes,,103,Coton ; en laine,Colonie française de l'Amérique,3884775,1858337,3884775,Livres,,0
5130,David Cassagnes,AN F12 1835,National/Objet Général/AN Paris/F_12_1835_1788/1788.csv,Toutes directions partenaires manquants,1788,Imports,Nantes,,103,Gingembre,Colonie française de l'Amérique,7416,16481,7416,Livres,,0
5131,David Cassagnes,AN F12 1835,National/Objet Général/AN Paris/F_12_1835_1788/1788.csv,Toutes directions partenaires manquants,1788,Imports,Nantes,,103,Indigo,Colonie française de l'Amérique,3273638,27374,3273638,Livres,,0
5132,David Cassagnes,AN F12 1835,National/Objet Général/AN Paris/F_12_1835_1788/1788.csv,Toutes directions partenaires manquants,1788,Imports,Nantes,,103,Sucre ; brut,Colonie française de l'Amérique,15366167,38446024,15366167,Livres,,0
5133,David Cassagnes,AN F12 1835,National/Objet Général/AN Paris/F_12_1835_1788/1788.csv,Toutes directions partenaires manquants,1788,Imports,Nantes,,103,Sucre ; terré,Colonie française de l'Amérique,9620142,16033569,9620142,Livres,,0
5134,David Cassagnes,AN F12 1835,National/Objet Général/AN Paris/F_12_1835_1788/1788.csv,Toutes directions partenaires manquants,1788,Imports,Nantes,,103,Sucre ; tête,Colonie française de l'Amérique,1500591,3751480,1500591,Livres,,0
5135,David Cassagnes,AN F12 1835,National/Objet Général/AN Paris/F_12_1835_1788/1788.csv,Toutes directions partenaires manquants,1788,Imports,Nantes,,103,Bois ; d'acajou,Colonie française de l'Amérique,17664,,17664,,,0
5136,David Cassagnes,AN F12 1835,National/Objet Général/AN Paris/F_12_1835_1788/1788.csv,Toutes directions partenaires manquants,1788,Imports,Nantes,,103,Bois ; de campêche,Colonie française de l'Amérique,36062,451349,36062,Livres,,0
5137,David Cassagnes,AN F12 1835,National/Objet Général/AN Paris/F_12_1835_1788/1788.csv,Toutes directions partenaires manquants,1788,Imports,Nantes,,103,Bois ; de couleur,Colonie française de l'Amérique,6481,64811,6481,Livres,,0
5138,David Cassagnes,AN F12 1835,National/Objet Général/AN Paris/F_12_1835_1788/1788.csv,Toutes directions partenaires manquants,1788,Imports,Nantes,,103,Bois ; de gayac,Colonie française de l'Amérique,5044,50449,5044,Livres,,0
5139,David Cassagnes,AN F12 1835,National/Objet Général/AN Paris/F_12_1835_1788/1788.csv,Toutes directions partenaires manquants,1788,Imports,Nantes,,103,Bois ; de Sainte Marthe,Colonie française de l'Amérique,42294,105734,42294,Livres,,0
5140,David Cassagnes,AN F12 1835,National/Objet Général/AN Paris/F_12_1835_1788/1788.csv,Toutes directions partenaires manquants,1788,Imports,Nantes,,103,Bois ; divers,Colonie française de l'Amérique,948,,948,,,0
5141,David Cassagnes,AN F12 1835,National/Objet Général/AN Paris/F_12_1835_1788/1788.csv,Toutes directions partenaires manquants,1788,Imports,Nantes,,103,Carret,Colonie française de l'Amérique,18183,1382,18183,Livres,,0
5142,David Cassagnes,AN F12 1835,National/Objet Général/AN Paris/F_12_1835_1788/1788.csv,Toutes directions partenaires manquants,1788,Imports,Nantes,,103,Confitures,Colonie française de l'Amérique,12679,12679,12679,Livres,,0
5143,David Cassagnes,AN F12 1835,National/Objet Général/AN Paris/F_12_1835_1788/1788.csv,Toutes directions partenaires manquants,1788,Imports,Nantes,,103,Cuirs ; en poil,Colonie française de l'Amérique,21272,2105,21272,Nombres,,0
5144,David Cassagnes,AN F12 1835,National/Objet Général/AN Paris/F_12_1835_1788/1788.csv,Toutes directions partenaires manquants,1788,Imports,Nantes,,103,Cuirs ; tannés,Colonie française de l'Amérique,1237,952,1237,Livres,,0
5145,David Cassagnes,AN F12 1835,National/Objet Général/AN Paris/F_12_1835_1788/1788.csv,Toutes directions partenaires manquants,1788,Imports,Nantes,,103,Liqueurs,Colonie française de l'Amérique,36781,,36781,,,0
5146,David Cassagnes,AN F12 1835,National/Objet Général/AN Paris/F_12_1835_1788/1788.csv,Toutes directions partenaires manquants,1788,Imports,Nantes,,103,Pelleterie ; diverse,Colonie française de l'Amérique,144,,144,,,0
5147,David Cassagnes,AN F12 1835,National/Objet Général/AN Paris/F_12_1835_1788/1788.csv,Toutes directions partenaires manquants,1788,Imports,Nantes,,103,Riz,Colonie française de l'Amérique,3474,14472,3474,Livres,,0
5148,David Cassagnes,AN F12 1835,National/Objet Général/AN Paris/F_12_1835_1788/1788.csv,Toutes directions partenaires manquants,1788,Imports,Nantes,,103,Sirop ; fin,Colonie française de l'Amérique,12772,10645,12772,Livres,,0
5149,David Cassagnes,AN F12 1835,National/Objet Général/AN Paris/F_12_1835_1788/1788.csv,Toutes directions partenaires manquants,1788,Imports,Nantes,,103,Tabac ; fabriqué,Colonie française de l'Amérique,112,56,112,Livres,,0
5150,David Cassagnes,AN F12 1835,National/Objet Général/AN Paris/F_12_1835_1788/1788.csv,Toutes directions partenaires manquants,1788,Imports,Nantes,,103,Taffia,Colonie française de l'Amérique,2988,,2988,,,0
5151,David Cassagnes,AN F12 1835,National/Objet Général/AN Paris/F_12_1835_1788/1788.csv,Toutes directions partenaires manquants,1788,Imports,Nantes,,103,Vins ; de liqueurs,Colonie française de l'Amérique,540,,540,,,0
5152,David Cassagnes,AN F12 1835,National/Objet Général/AN Paris/F_12_1835_1788/1788.csv,Toutes directions partenaires manquants,1788,Imports,Nantes,,103,Objets ; divers,Colonie française de l'Amérique,30458,,30458,,,0
5153,David Cassagnes,AN F12 1835,National/Objet Général/AN Paris/F_12_1835_1788/1788.csv,Toutes directions partenaires manquants,1788,Imports,Nantes,,103,Morphil,Sénégal et Guinée,112716,18786,112716,Livres,,0
5154,David Cassagnes,AN F12 1835,National/Objet Général/AN Paris/F_12_1835_1788/1788.csv,Toutes directions partenaires manquants,1788,Imports,Rennes,,103,Caffé,Colonie française de l'Amérique,37,31,37,Livres,,0
5155,David Cassagnes,AN F12 1835,National/Objet Général/AN Paris/F_12_1835_1788/1788.csv,Toutes directions partenaires manquants,1788,Imports,Rennes,,103,Sucre ; terré,Colonie française de l'Amérique,1203,2188,1203,Livres,,0
5156,David Cassagnes,AN F12 1835,National/Objet Général/AN Paris/F_12_1835_1788/1788.csv,Toutes directions partenaires manquants,1788,Imports,Rennes,,103,Bois ; de couleur,Colonie française de l'Amérique,141,940,141,Livres,,0
5157,David Cassagnes,AN F12 1835,National/Objet Général/AN Paris/F_12_1835_1788/1788.csv,Toutes directions partenaires manquants,1788,Imports,Rennes,,103,Cacao,Colonie française de l'Amérique,267,534,267,Livres,,0
5158,David Cassagnes,AN F12 1835,National/Objet Général/AN Paris/F_12_1835_1788/1788.csv,Toutes directions partenaires manquants,1788,Imports,Rennes,,103,Caffé,Colonie française de l'Amérique,865707,785735,865707,Livres,,0
5159,David Cassagnes,AN F12 1835,National/Objet Général/AN Paris/F_12_1835_1788/1788.csv,Toutes directions partenaires manquants,1788,Imports,Rennes,,103,Coton ; en laine,Colonie française de l'Amérique,38503,18335,38503,Livres,,0
5160,David Cassagnes,AN F12 1835,National/Objet Général/AN Paris/F_12_1835_1788/1788.csv,Toutes directions partenaires manquants,1788,Imports,Rennes,,103,Indigo,Colonie française de l'Amérique,2220,370,2220,Livres,,0
5161,David Cassagnes,AN F12 1835,National/Objet Général/AN Paris/F_12_1835_1788/1788.csv,Toutes directions partenaires manquants,1788,Imports,Rennes,,103,Sucre ; terré,Colonie française de l'Amérique,692818,1259669,692818,Livres,,0
5162,David Cassagnes,AN F12 1835,National/Objet Général/AN Paris/F_12_1835_1788/1788.csv,Toutes directions partenaires manquants,1788,Imports,Rennes,,103,Bois ; d'acajou,Colonie française de l'Amérique,825,,825,,,0
5163,David Cassagnes,AN F12 1835,National/Objet Général/AN Paris/F_12_1835_1788/1788.csv,Toutes directions partenaires manquants,1788,Imports,Rennes,,103,Bois ; de couleur,Colonie française de l'Amérique,685,4565,685,Livres,,0
5164,David Cassagnes,AN F12 1835,National/Objet Général/AN Paris/F_12_1835_1788/1788.csv,Toutes directions partenaires manquants,1788,Imports,Rennes,,103,Bois ; de gayac,Colonie française de l'Amérique,2860,28609,2860,Livres,,0
5165,David Cassagnes,AN F12 1835,National/Objet Général/AN Paris/F_12_1835_1788/1788.csv,Toutes directions partenaires manquants,1788,Imports,Rennes,,103,Confitures,Colonie française de l'Amérique,590,598,590,Livres,,0
5166,David Cassagnes,AN F12 1835,National/Objet Général/AN Paris/F_12_1835_1788/1788.csv,Toutes directions partenaires manquants,1788,Imports,Rennes,,103,Cuirs ; tannés,Colonie française de l'Amérique,252,210,252,Livres,,0
5167,David Cassagnes,AN F12 1835,National/Objet Général/AN Paris/F_12_1835_1788/1788.csv,Toutes directions partenaires manquants,1788,Imports,Rennes,,103,Liqueurs,Colonie française de l'Amérique,3125,,3125,,,0
5168,David Cassagnes,AN F12 1835,National/Objet Général/AN Paris/F_12_1835_1788/1788.csv,Toutes directions partenaires manquants,1788,Imports,Rennes,,103,Sirop ; fin,Colonie française de l'Amérique,2102,2102,2102,Livres,,0
5169,David Cassagnes,AN F12 1835,National/Objet Général/AN Paris/F_12_1835_1788/1788.csv,Toutes directions partenaires manquants,1788,Imports,Rennes,,103,Taffia,Colonie française de l'Amérique,54,,54,,,0
5170,David Cassagnes,AN F12 1835,National/Objet Général/AN Paris/F_12_1835_1788/1788.csv,Toutes directions partenaires manquants,1788,Imports,Rennes,,103,Vins ; de liqueurs,Colonie française de l'Amérique,540,,540,,,0
5171,David Cassagnes,AN F12 1835,National/Objet Général/AN Paris/F_12_1835_1788/1788.csv,Toutes directions partenaires manquants,1788,Imports,Rennes,,103,Objets ; divers,Colonie française de l'Amérique,12698,,12698,,,0
5172,David Cassagnes,AN F12 1835,National/Objet Général/AN Paris/F_12_1835_1788/1788.csv,Toutes directions partenaires manquants,1788,Imports,Rennes,,103,Morphil,Sénégal et Guinée,7734,1289,7734,Livres,,0
5173,David Cassagnes,AN F12 1835,National/Objet Général/AN Paris/F_12_1835_1788/1788.csv,Toutes directions partenaires manquants,1788,Imports,Rennes,,103,Cacao,Colonie française de l'Amérique,317,577,317,Livres,,0
5174,David Cassagnes,AN F12 1835,National/Objet Général/AN Paris/F_12_1835_1788/1788.csv,Toutes directions partenaires manquants,1788,Imports,Rennes,,103,Caffé,Colonie française de l'Amérique,80179,72890,80179,Livres,,0
5175,David Cassagnes,AN F12 1835,National/Objet Général/AN Paris/F_12_1835_1788/1788.csv,Toutes directions partenaires manquants,1788,Imports,Rennes,,103,Coton ; en laine,Colonie française de l'Amérique,4439,2114,4439,Livres,,0
5176,David Cassagnes,AN F12 1835,National/Objet Général/AN Paris/F_12_1835_1788/1788.csv,Toutes directions partenaires manquants,1788,Imports,Rennes,,103,Sucre ; brut,Colonie française de l'Amérique,71843,205268,71843,Livres,,0
5177,David Cassagnes,AN F12 1835,National/Objet Général/AN Paris/F_12_1835_1788/1788.csv,Toutes directions partenaires manquants,1788,Imports,Rennes,,103,Sucre ; terré,Colonie française de l'Amérique,18807,34194,18807,Livres,,0
5178,David Cassagnes,AN F12 1835,National/Objet Général/AN Paris/F_12_1835_1788/1788.csv,Toutes directions partenaires manquants,1788,Imports,Rennes,,103,Bois ; d'acajou,Colonie française de l'Amérique,288,,288,,,0
5179,David Cassagnes,AN F12 1835,National/Objet Général/AN Paris/F_12_1835_1788/1788.csv,Toutes directions partenaires manquants,1788,Imports,Rennes,,103,Bois ; de campêche,Colonie française de l'Amérique,1666,16660,1666,Livres,,0
5180,David Cassagnes,AN F12 1835,National/Objet Général/AN Paris/F_12_1835_1788/1788.csv,Toutes directions partenaires manquants,1788,Imports,Rennes,,103,Sirop ; fin,Colonie française de l'Amérique,150,150,150,Livres,,0
5181,David Cassagnes,AN F12 1835,National/Objet Général/AN Paris/F_12_1835_1788/1788.csv,Toutes directions partenaires manquants,1788,Imports,Rennes,,103,Objets ; divers,Colonie française de l'Amérique,136,,136,,,0
5182,David Cassagnes,AN F12 1835,National/Objet Général/AN Paris/F_12_1835_1788/1788.csv,Toutes directions partenaires manquants,1788,Imports,Rouen,,103,Caffé,Colonie française de l'Amérique,3694,3359,3694,Livres,,0
5183,David Cassagnes,AN F12 1835,National/Objet Général/AN Paris/F_12_1835_1788/1788.csv,Toutes directions partenaires manquants,1788,Imports,Rouen,,103,Coton ; en laine,Colonie française de l'Amérique,1725,690,1725,Livres,,0
5184,David Cassagnes,AN F12 1835,National/Objet Général/AN Paris/F_12_1835_1788/1788.csv,Toutes directions partenaires manquants,1788,Imports,Rouen,,103,Cacao,Colonie française de l'Amérique,60,100,60,Livres,,0
5185,David Cassagnes,AN F12 1835,National/Objet Général/AN Paris/F_12_1835_1788/1788.csv,Toutes directions partenaires manquants,1788,Imports,Rouen,,103,Caffé,Colonie française de l'Amérique,3549,2730,3549,Livres,,0
5186,David Cassagnes,AN F12 1835,National/Objet Général/AN Paris/F_12_1835_1788/1788.csv,Toutes directions partenaires manquants,1788,Imports,Rouen,,103,Coton ; en laine,Colonie française de l'Amérique,16902,8451,16902,Livres,,0
5187,David Cassagnes,AN F12 1835,National/Objet Général/AN Paris/F_12_1835_1788/1788.csv,Toutes directions partenaires manquants,1788,Imports,Rouen,,103,Indigo,Colonie française de l'Amérique,13320,1665,13320,Livres,,0
5188,David Cassagnes,AN F12 1835,National/Objet Général/AN Paris/F_12_1835_1788/1788.csv,Toutes directions partenaires manquants,1788,Imports,Rouen,,103,Rocou,Colonie française de l'Amérique,72736,90920,72736,Livres,,0
5189,David Cassagnes,AN F12 1835,National/Objet Général/AN Paris/F_12_1835_1788/1788.csv,Toutes directions partenaires manquants,1788,Imports,Rouen,,103,Bois ; d'acajou,Colonie française de l'Amérique,350,,350,,,0
5190,David Cassagnes,AN F12 1835,National/Objet Général/AN Paris/F_12_1835_1788/1788.csv,Toutes directions partenaires manquants,1788,Imports,Rouen,,103,Bois ; de couleur,Colonie française de l'Amérique,3120,31205,3120,Livres,,0
5191,David Cassagnes,AN F12 1835,National/Objet Général/AN Paris/F_12_1835_1788/1788.csv,Toutes directions partenaires manquants,1788,Imports,Rouen,,103,Confitures,Colonie française de l'Amérique,48,48,48,Livres,,0
5192,David Cassagnes,AN F12 1835,National/Objet Général/AN Paris/F_12_1835_1788/1788.csv,Toutes directions partenaires manquants,1788,Imports,Rouen,,103,Objets ; divers,Colonie française de l'Amérique,2095,,2095,,,0
5193,David Cassagnes,AN F12 1835,National/Objet Général/AN Paris/F_12_1835_1788/1788.csv,Toutes directions partenaires manquants,1788,Imports,Rouen,,104,Cacao,Colonie française de l'Amérique,8152,15656,8152,Livres,,0
5194,David Cassagnes,AN F12 1835,National/Objet Général/AN Paris/F_12_1835_1788/1788.csv,Toutes directions partenaires manquants,1788,Imports,Rouen,,104,Caffé,Colonie française de l'Amérique,935256,805523,935256,Livres,,0
5195,David Cassagnes,AN F12 1835,National/Objet Général/AN Paris/F_12_1835_1788/1788.csv,Toutes directions partenaires manquants,1788,Imports,Rouen,,104,Coton ; en laine,Colonie française de l'Amérique,248386,99865,248386,Livres,,0
5196,David Cassagnes,AN F12 1835,National/Objet Général/AN Paris/F_12_1835_1788/1788.csv,Toutes directions partenaires manquants,1788,Imports,Rouen,,104,Indigo,Colonie française de l'Amérique,63930,6393,63930,Livres,,0
5197,David Cassagnes,AN F12 1835,National/Objet Général/AN Paris/F_12_1835_1788/1788.csv,Toutes directions partenaires manquants,1788,Imports,Rouen,,104,Sucre ; brut,Colonie française de l'Amérique,448217,1120542,448217,Livres,,0
5198,David Cassagnes,AN F12 1835,National/Objet Général/AN Paris/F_12_1835_1788/1788.csv,Toutes directions partenaires manquants,1788,Imports,Rouen,,104,Sucre ; terré,Colonie française de l'Amérique,32602,59276,32602,Livres,,0
5199,David Cassagnes,AN F12 1835,National/Objet Général/AN Paris/F_12_1835_1788/1788.csv,Toutes directions partenaires manquants,1788,Imports,Rouen,,104,Bois ; d'acajou,Colonie française de l'Amérique,10971,,10971,,,0
5200,David Cassagnes,AN F12 1835,National/Objet Général/AN Paris/F_12_1835_1788/1788.csv,Toutes directions partenaires manquants,1788,Imports,Rouen,,104,Bois ; de campêche,Colonie française de l'Amérique,287,2877,287,Livres,,0
5201,David Cassagnes,AN F12 1835,National/Objet Général/AN Paris/F_12_1835_1788/1788.csv,Toutes directions partenaires manquants,1788,Imports,Rouen,,104,Bois ; de couleur,Colonie française de l'Amérique,967,6450,967,Livres,,0
5202,David Cassagnes,AN F12 1835,National/Objet Général/AN Paris/F_12_1835_1788/1788.csv,Toutes directions partenaires manquants,1788,Imports,Rouen,,104,Carret,Colonie française de l'Amérique,780,78,780,Livres,,0
5203,David Cassagnes,AN F12 1835,National/Objet Général/AN Paris/F_12_1835_1788/1788.csv,Toutes directions partenaires manquants,1788,Imports,Rouen,,104,Confitures,Colonie française de l'Amérique,466,466,466,Livres,,0
5204,David Cassagnes,AN F12 1835,National/Objet Général/AN Paris/F_12_1835_1788/1788.csv,Toutes directions partenaires manquants,1788,Imports,Rouen,,104,Liqueurs,Colonie française de l'Amérique,54,,54,,,0
5205,David Cassagnes,AN F12 1835,National/Objet Général/AN Paris/F_12_1835_1788/1788.csv,Toutes directions partenaires manquants,1788,Imports,Rouen,,104,Riz,Colonie française de l'Amérique,46,230,46,Livres,,0
5206,David Cassagnes,AN F12 1835,National/Objet Général/AN Paris/F_12_1835_1788/1788.csv,Toutes directions partenaires manquants,1788,Imports,Rouen,,104,Sirop ; fin,Colonie française de l'Amérique,147,132,147,Livres,,0
5207,David Cassagnes,AN F12 1835,National/Objet Général/AN Paris/F_12_1835_1788/1788.csv,Toutes directions partenaires manquants,1788,Imports,Rouen,,104,Objets ; divers,Colonie française de l'Amérique,323,,323,,,0
5208,David Cassagnes,AN F12 1835,National/Objet Général/AN Paris/F_12_1835_1788/1788.csv,Toutes directions partenaires manquants,1788,Imports,Rouen,,104,Morphil,Sénégal et Guinée,53226,8871,53226,Livres,,0
5209,David Cassagnes,AN F12 1835,National/Objet Général/AN Paris/F_12_1835_1788/1788.csv,Toutes directions partenaires manquants,1788,Imports,Rouen,,104,Objets ; divers,Sénégal et Guinée,18014,,18014,,,0
5210,David Cassagnes,AN F12 1835,National/Objet Général/AN Paris/F_12_1835_1788/1788.csv,Toutes directions partenaires manquants,1788,Imports,Rouen,,104,Cacao,Colonie française de l'Amérique,154103,257525,154103,Livres,,0
5211,David Cassagnes,AN F12 1835,National/Objet Général/AN Paris/F_12_1835_1788/1788.csv,Toutes directions partenaires manquants,1788,Imports,Rouen,,104,Caffé,Colonie française de l'Amérique,19220830,16544270,19220830,Livres,,0
5212,David Cassagnes,AN F12 1835,National/Objet Général/AN Paris/F_12_1835_1788/1788.csv,Toutes directions partenaires manquants,1788,Imports,Rouen,,104,Canefice,Colonie française de l'Amérique,4486,4985,4486,Livres,,0
5213,David Cassagnes,AN F12 1835,National/Objet Général/AN Paris/F_12_1835_1788/1788.csv,Toutes directions partenaires manquants,1788,Imports,Rouen,,104,Coton ; en laine,Colonie française de l'Amérique,8435763,3761196,8435763,Livres,,0
5214,David Cassagnes,AN F12 1835,National/Objet Général/AN Paris/F_12_1835_1788/1788.csv,Toutes directions partenaires manquants,1788,Imports,Rouen,,104,Gingembre,Colonie française de l'Amérique,5002,16674,5002,Livres,,0
5215,David Cassagnes,AN F12 1835,National/Objet Général/AN Paris/F_12_1835_1788/1788.csv,Toutes directions partenaires manquants,1788,Imports,Rouen,,104,Indigo,Colonie française de l'Amérique,738690,73869,738690,Livres,,0
5216,David Cassagnes,AN F12 1835,National/Objet Général/AN Paris/F_12_1835_1788/1788.csv,Toutes directions partenaires manquants,1788,Imports,Rouen,,104,Rocou,Colonie française de l'Amérique,5810,7747,5810,Livres,,0
5217,David Cassagnes,AN F12 1835,National/Objet Général/AN Paris/F_12_1835_1788/1788.csv,Toutes directions partenaires manquants,1788,Imports,Rouen,,104,Sucre ; brut,Colonie française de l'Amérique,3673506,8447242,3673506,Livres,,0
5218,David Cassagnes,AN F12 1835,National/Objet Général/AN Paris/F_12_1835_1788/1788.csv,Toutes directions partenaires manquants,1788,Imports,Rouen,,104,Sucre ; raffiné,Colonie française de l'Amérique,3066,3053,3066,Livres,,0
5219,David Cassagnes,AN F12 1835,National/Objet Général/AN Paris/F_12_1835_1788/1788.csv,Toutes directions partenaires manquants,1788,Imports,Rouen,,104,Sucre ; terré,Colonie française de l'Amérique,4483027,7471712,4483027,Livres,,0
5220,David Cassagnes,AN F12 1835,National/Objet Général/AN Paris/F_12_1835_1788/1788.csv,Toutes directions partenaires manquants,1788,Imports,Rouen,,104,Sucre ; tête,Colonie française de l'Amérique,944265,2049585,944265,Livres,,0
5221,David Cassagnes,AN F12 1835,National/Objet Général/AN Paris/F_12_1835_1788/1788.csv,Toutes directions partenaires manquants,1788,Imports,Rouen,,104,Bois ; d'acajou,Colonie française de l'Amérique,27119,,27119,,,0
5222,David Cassagnes,AN F12 1835,National/Objet Général/AN Paris/F_12_1835_1788/1788.csv,Toutes directions partenaires manquants,1788,Imports,Rouen,,104,Bois ; de brésil,Colonie française de l'Amérique,4605,9593,4605,Livres,,0
5223,David Cassagnes,AN F12 1835,National/Objet Général/AN Paris/F_12_1835_1788/1788.csv,Toutes directions partenaires manquants,1788,Imports,Rouen,,104,Bois ; de campêche,Colonie française de l'Amérique,18511,154257,18511,Livres,,0
5224,David Cassagnes,AN F12 1835,National/Objet Général/AN Paris/F_12_1835_1788/1788.csv,Toutes directions partenaires manquants,1788,Imports,Rouen,,104,Bois ; de couleur,Colonie française de l'Amérique,27,180,27,Livres,,0
5225,David Cassagnes,AN F12 1835,National/Objet Général/AN Paris/F_12_1835_1788/1788.csv,Toutes directions partenaires manquants,1788,Imports,Rouen,,104,Bois ; de gayac,Colonie française de l'Amérique,2561,28454,2561,Livres,,0
5226,David Cassagnes,AN F12 1835,National/Objet Général/AN Paris/F_12_1835_1788/1788.csv,Toutes directions partenaires manquants,1788,Imports,Rouen,,104,Bois ; de Sainte Marthe,Colonie française de l'Amérique,43590,96867,43590,Livres,,0
5227,David Cassagnes,AN F12 1835,National/Objet Général/AN Paris/F_12_1835_1788/1788.csv,Toutes directions partenaires manquants,1788,Imports,Rouen,,104,Bois ; divers,Colonie française de l'Amérique,4699,,4699,,,0
5228,David Cassagnes,AN F12 1835,National/Objet Général/AN Paris/F_12_1835_1788/1788.csv,Toutes directions partenaires manquants,1788,Imports,Rouen,,104,Carret,Colonie française de l'Amérique,49644,4137,49644,Livres,,0
5229,David Cassagnes,AN F12 1835,National/Objet Général/AN Paris/F_12_1835_1788/1788.csv,Toutes directions partenaires manquants,1788,Imports,Rouen,,104,Confitures,Colonie française de l'Amérique,24076,12038,24076,Livres,,0
5230,David Cassagnes,AN F12 1835,National/Objet Général/AN Paris/F_12_1835_1788/1788.csv,Toutes directions partenaires manquants,1788,Imports,Rouen,,104,Cuirs ; en poil,Colonie française de l'Amérique,2080,202,2080,Nombres,,0
5231,David Cassagnes,AN F12 1835,National/Objet Général/AN Paris/F_12_1835_1788/1788.csv,Toutes directions partenaires manquants,1788,Imports,Rouen,,104,Liqueurs,Colonie française de l'Amérique,27944,,27944,,,0
5232,David Cassagnes,AN F12 1835,National/Objet Général/AN Paris/F_12_1835_1788/1788.csv,Toutes directions partenaires manquants,1788,Imports,Rouen,,104,Pelleterie ; diverse,Colonie française de l'Amérique,24,,24,,,0
5233,David Cassagnes,AN F12 1835,National/Objet Général/AN Paris/F_12_1835_1788/1788.csv,Toutes directions partenaires manquants,1788,Imports,Rouen,,104,Riz,Colonie française de l'Amérique,143,550,143,Livres,,0
5234,David Cassagnes,AN F12 1835,National/Objet Général/AN Paris/F_12_1835_1788/1788.csv,Toutes directions partenaires manquants,1788,Imports,Rouen,,104,Sirop ; fin,Colonie française de l'Amérique,8246,5498,8246,Livres,,0
5235,David Cassagnes,AN F12 1835,National/Objet Général/AN Paris/F_12_1835_1788/1788.csv,Toutes directions partenaires manquants,1788,Imports,Rouen,,104,Vins ; de liqueurs,Colonie française de l'Amérique,22674,,22674,,,0
5236,David Cassagnes,AN F12 1835,National/Objet Général/AN Paris/F_12_1835_1788/1788.csv,Toutes directions partenaires manquants,1788,Imports,Rouen,,104,Objets ; divers,Colonie française de l'Amérique,24643,,24643,,,0
5237,David Cassagnes,AN F12 1835,National/Objet Général/AN Paris/F_12_1835_1788/1788.csv,Toutes directions partenaires manquants,1788,Imports,Rouen,,104,Gomme,Sénégal et Guinée,1344922,747179,1344922,Livres,,0
5238,David Cassagnes,AN F12 1835,National/Objet Général/AN Paris/F_12_1835_1788/1788.csv,Toutes directions partenaires manquants,1788,Imports,Rouen,,104,Morphil,Sénégal et Guinée,93894,15649,93894,Livres,,0
5239,David Cassagnes,AN F12 1835,National/Objet Général/AN Paris/F_12_1835_1788/1788.csv,Toutes directions partenaires manquants,1788,Imports,Rouen,,104,Objets ; divers,Sénégal et Guinée,2370,,2370,,,0
5240,David Cassagnes,AN F12 1835,National/Objet Général/AN Paris/F_12_1835_1788/1788.csv,Toutes directions partenaires manquants,1788,Imports,Lille,,104,Cacao,Colonie française de l'Amérique,1019,2040,1019,Livres,,0
5241,David Cassagnes,AN F12 1835,National/Objet Général/AN Paris/F_12_1835_1788/1788.csv,Toutes directions partenaires manquants,1788,Imports,Lille,,104,Caffé,Colonie française de l'Amérique,2822314,2755215,2822314,Livres,,0
5242,David Cassagnes,AN F12 1835,National/Objet Général/AN Paris/F_12_1835_1788/1788.csv,Toutes directions partenaires manquants,1788,Imports,Lille,,104,Canefice,Colonie française de l'Amérique,3442,4050,3442,Livres,,0
5243,David Cassagnes,AN F12 1835,National/Objet Général/AN Paris/F_12_1835_1788/1788.csv,Toutes directions partenaires manquants,1788,Imports,Lille,,104,Coton ; en laine,Colonie française de l'Amérique,1238460,619230,1238460,Livres,,0
5244,David Cassagnes,AN F12 1835,National/Objet Général/AN Paris/F_12_1835_1788/1788.csv,Toutes directions partenaires manquants,1788,Imports,Lille,,104,Indigo,Colonie française de l'Amérique,138474,15386,138474,Livres,,0
5245,David Cassagnes,AN F12 1835,National/Objet Général/AN Paris/F_12_1835_1788/1788.csv,Toutes directions partenaires manquants,1788,Imports,Lille,,104,Sucre ; brut,Colonie française de l'Amérique,1100481,3144232,1100481,Livres,,0
5246,David Cassagnes,AN F12 1835,National/Objet Général/AN Paris/F_12_1835_1788/1788.csv,Toutes directions partenaires manquants,1788,Imports,Lille,,104,Sucre ; terré,Colonie française de l'Amérique,185647,337540,185647,Livres,,0
5247,David Cassagnes,AN F12 1835,National/Objet Général/AN Paris/F_12_1835_1788/1788.csv,Toutes directions partenaires manquants,1788,Imports,Lille,,104,Sucre ; tête,Colonie française de l'Amérique,357038,892595,357038,Livres,,0
5248,David Cassagnes,AN F12 1835,National/Objet Général/AN Paris/F_12_1835_1788/1788.csv,Toutes directions partenaires manquants,1788,Imports,Lille,,104,Bois ; d'acajou,Colonie française de l'Amérique,4816,,4816,,,0
5249,David Cassagnes,AN F12 1835,National/Objet Général/AN Paris/F_12_1835_1788/1788.csv,Toutes directions partenaires manquants,1788,Imports,Lille,,104,Bois ; de campêche,Colonie française de l'Amérique,19027,190275,19027,Livres,,0
5250,David Cassagnes,AN F12 1835,National/Objet Général/AN Paris/F_12_1835_1788/1788.csv,Toutes directions partenaires manquants,1788,Imports,Lille,,104,Bois ; de couleur,Colonie française de l'Amérique,1410,14100,1410,Livres,,0
5251,David Cassagnes,AN F12 1835,National/Objet Général/AN Paris/F_12_1835_1788/1788.csv,Toutes directions partenaires manquants,1788,Imports,Lille,,104,Bois ; de gayac,Colonie française de l'Amérique,7044,46961,7044,Livres,,0
5252,David Cassagnes,AN F12 1835,National/Objet Général/AN Paris/F_12_1835_1788/1788.csv,Toutes directions partenaires manquants,1788,Imports,Lille,,104,Bois ; divers,Colonie française de l'Amérique,295,,295,,,0
5253,David Cassagnes,AN F12 1835,National/Objet Général/AN Paris/F_12_1835_1788/1788.csv,Toutes directions partenaires manquants,1788,Imports,Lille,,104,Confitures,Colonie française de l'Amérique,172,172,172,Livres,,0
5254,David Cassagnes,AN F12 1835,National/Objet Général/AN Paris/F_12_1835_1788/1788.csv,Toutes directions partenaires manquants,1788,Imports,Lille,,104,Cuirs ; en poil,Colonie française de l'Amérique,15832,1979,15832,Nombres,,0
5255,David Cassagnes,AN F12 1835,National/Objet Général/AN Paris/F_12_1835_1788/1788.csv,Toutes directions partenaires manquants,1788,Imports,Lille,,104,Liqueurs,Colonie française de l'Amérique,238,,238,,,0
5256,David Cassagnes,AN F12 1835,National/Objet Général/AN Paris/F_12_1835_1788/1788.csv,Toutes directions partenaires manquants,1788,Imports,Lille,,104,Sirop ; fin,Colonie française de l'Amérique,600,600,600,Livres,,0
5257,David Cassagnes,AN F12 1835,National/Objet Général/AN Paris/F_12_1835_1788/1788.csv,Toutes directions partenaires manquants,1788,Imports,Lille,,104,Tabac ; fabriqué,Colonie française de l'Amérique,1340,1340,1340,Livres,,0
5258,David Cassagnes,AN F12 1835,National/Objet Général/AN Paris/F_12_1835_1788/1788.csv,Toutes directions partenaires manquants,1788,Imports,Lille,,104,Tabac ; en feuilles,Colonie française de l'Amérique,18884,47210,18884,Livres,,0
5259,David Cassagnes,AN F12 1835,National/Objet Général/AN Paris/F_12_1835_1788/1788.csv,Toutes directions partenaires manquants,1788,Imports,Lille,,104,Objets ; divers,Colonie française de l'Amérique,3567,,3567,,,0
5260,David Cassagnes,AN F12 1835,National/Objet Général/AN Paris/F_12_1835_1788/1788.csv,Toutes directions partenaires manquants,1788,Imports,Toulon,,104,Cacao,Colonie française de l'Amérique,27,45,27,Livres,,0
5261,David Cassagnes,AN F12 1835,National/Objet Général/AN Paris/F_12_1835_1788/1788.csv,Toutes directions partenaires manquants,1788,Imports,Toulon,,104,Caffé,Colonie française de l'Amérique,1085,921,1085,Livres,,0
5262,David Cassagnes,AN F12 1835,National/Objet Général/AN Paris/F_12_1835_1788/1788.csv,Toutes directions partenaires manquants,1788,Imports,Toulon,,104,Sucre ; brut,Colonie française de l'Amérique,30,60,30,Livres,,0
5263,David Cassagnes,AN F12 1835,National/Objet Général/AN Paris/F_12_1835_1788/1788.csv,Toutes directions partenaires manquants,1788,Imports,Toulon,,104,Sucre ; terré,Colonie française de l'Amérique,592,1023,592,Livres,,0
5264,David Cassagnes,AN F12 1835,National/Objet Général/AN Paris/F_12_1835_1788/1788.csv,Toutes directions partenaires manquants,1788,Imports,Toulon,,104,Bois ; d'acajou,Colonie française de l'Amérique,116,,116,,,0
5265,David Cassagnes,AN F12 1835,National/Objet Général/AN Paris/F_12_1835_1788/1788.csv,Toutes directions partenaires manquants,1788,Imports,Toulon,,104,Confitures,Colonie française de l'Amérique,116,116,116,Livres,,0
5266,David Cassagnes,AN F12 1835,National/Objet Général/AN Paris/F_12_1835_1788/1788.csv,Toutes directions partenaires manquants,1788,Imports,Toulon,,104,Liqueurs,Colonie française de l'Amérique,3222,,3222,,,0
5267,David Cassagnes,AN F12 1835,National/Objet Général/AN Paris/F_12_1835_1788/1788.csv,Toutes directions partenaires manquants,1788,Imports,Toulon,,104,Sirop ; fin,Colonie française de l'Amérique,40,40,40,Livres,,0
5268,David Cassagnes,AN F12 1835,National/Objet Général/AN Paris/F_12_1835_1788/1788.csv,Toutes directions partenaires manquants,1788,Imports,Marseille,,104,Cacao,Colonie française de l'Amérique,454325,908370,454325,Livres,,0
5269,David Cassagnes,AN F12 1835,National/Objet Général/AN Paris/F_12_1835_1788/1788.csv,Toutes directions partenaires manquants,1788,Imports,Marseille,,104,Caffé,Colonie française de l'Amérique,14533794,13026373,14533794,Livres,,0
5270,David Cassagnes,AN F12 1835,National/Objet Général/AN Paris/F_12_1835_1788/1788.csv,Toutes directions partenaires manquants,1788,Imports,Marseille,,104,Canefice,Colonie française de l'Amérique,180786,200873,180786,Livres,,0
5271,David Cassagnes,AN F12 1835,National/Objet Général/AN Paris/F_12_1835_1788/1788.csv,Toutes directions partenaires manquants,1788,Imports,Marseille,,104,Coton ; en laine,Colonie française de l'Amérique,1647576,823788,1647576,Livres,,0
5272,David Cassagnes,AN F12 1835,National/Objet Général/AN Paris/F_12_1835_1788/1788.csv,Toutes directions partenaires manquants,1788,Imports,Marseille,,104,Gingembre,Colonie française de l'Amérique,6647,25568,6647,Livres,,0
5273,David Cassagnes,AN F12 1835,National/Objet Général/AN Paris/F_12_1835_1788/1788.csv,Toutes directions partenaires manquants,1788,Imports,Marseille,,104,Indigo,Colonie française de l'Amérique,1421631,157959,1421631,Livres,,0
5274,David Cassagnes,AN F12 1835,National/Objet Général/AN Paris/F_12_1835_1788/1788.csv,Toutes directions partenaires manquants,1788,Imports,Marseille,,104,Rocou,Colonie française de l'Amérique,61695,77119,61695,Livres,,0
5275,David Cassagnes,AN F12 1835,National/Objet Général/AN Paris/F_12_1835_1788/1788.csv,Toutes directions partenaires manquants,1788,Imports,Marseille,,104,Sucre ; brut,Colonie française de l'Amérique,1288436,3578991,1288436,Livres,,0
5276,David Cassagnes,AN F12 1835,National/Objet Général/AN Paris/F_12_1835_1788/1788.csv,Toutes directions partenaires manquants,1788,Imports,Marseille,,104,Sucre ; raffiné,Colonie française de l'Amérique,65,72,65,Livres,,0
5277,David Cassagnes,AN F12 1835,National/Objet Général/AN Paris/F_12_1835_1788/1788.csv,Toutes directions partenaires manquants,1788,Imports,Marseille,,104,Sucre ; terré,Colonie française de l'Amérique,12546720,20911198,12546720,Livres,,0
5278,David Cassagnes,AN F12 1835,National/Objet Général/AN Paris/F_12_1835_1788/1788.csv,Toutes directions partenaires manquants,1788,Imports,Marseille,,104,Sucre ; tête,Colonie française de l'Amérique,2159979,4799954,2159979,Livres,,0
5279,David Cassagnes,AN F12 1835,National/Objet Général/AN Paris/F_12_1835_1788/1788.csv,Toutes directions partenaires manquants,1788,Imports,Marseille,,104,Bois ; d'acajou,Colonie française de l'Amérique,6222,,6222,,,0
5280,David Cassagnes,AN F12 1835,National/Objet Général/AN Paris/F_12_1835_1788/1788.csv,Toutes directions partenaires manquants,1788,Imports,Marseille,,104,Bois ; de campêche,Colonie française de l'Amérique,36440,404883,36440,Livres,,0
5281,David Cassagnes,AN F12 1835,National/Objet Général/AN Paris/F_12_1835_1788/1788.csv,Toutes directions partenaires manquants,1788,Imports,Marseille,,104,Bois ; de couleur,Colonie française de l'Amérique,18116,194630,18116,Livres,,0
5282,David Cassagnes,AN F12 1835,National/Objet Général/AN Paris/F_12_1835_1788/1788.csv,Toutes directions partenaires manquants,1788,Imports,Marseille,,104,Bois ; de gayac,Colonie française de l'Amérique,9447,62981,9447,Livres,,0
5283,David Cassagnes,AN F12 1835,National/Objet Général/AN Paris/F_12_1835_1788/1788.csv,Toutes directions partenaires manquants,1788,Imports,Marseille,,104,Bois ; merrein,Colonie française de l'Amérique,8787,43934,8787,Nombres,,0
5284,David Cassagnes,AN F12 1835,National/Objet Général/AN Paris/F_12_1835_1788/1788.csv,Toutes directions partenaires manquants,1788,Imports,Marseille,,104,Bois ; de Sainte Marthe,Colonie française de l'Amérique,2745,6100,2745,Livres,,0
5285,David Cassagnes,AN F12 1835,National/Objet Général/AN Paris/F_12_1835_1788/1788.csv,Toutes directions partenaires manquants,1788,Imports,Marseille,,104,Carret,Colonie française de l'Amérique,26772,2231,26772,Livres,,0
5286,David Cassagnes,AN F12 1835,National/Objet Général/AN Paris/F_12_1835_1788/1788.csv,Toutes directions partenaires manquants,1788,Imports,Marseille,,104,Confitures,Colonie française de l'Amérique,7063,7063,7063,Livres,,0
5287,David Cassagnes,AN F12 1835,National/Objet Général/AN Paris/F_12_1835_1788/1788.csv,Toutes directions partenaires manquants,1788,Imports,Marseille,,104,Cuirs ; en poil,Colonie française de l'Amérique,286938,47823,286938,Nombres,,0
5288,David Cassagnes,AN F12 1835,National/Objet Général/AN Paris/F_12_1835_1788/1788.csv,Toutes directions partenaires manquants,1788,Imports,Marseille,,104,Cuirs ; tannés,Colonie française de l'Amérique,23036,28795,23036,Livres,,0
5289,David Cassagnes,AN F12 1835,National/Objet Général/AN Paris/F_12_1835_1788/1788.csv,Toutes directions partenaires manquants,1788,Imports,Marseille,,104,Liqueurs,Colonie française de l'Amérique,41715,,41715,,,0
5290,David Cassagnes,AN F12 1835,National/Objet Général/AN Paris/F_12_1835_1788/1788.csv,Toutes directions partenaires manquants,1788,Imports,Marseille,,104,Pelleterie ; diverse,Colonie française de l'Amérique,170,,170,,,0
5291,David Cassagnes,AN F12 1835,National/Objet Général/AN Paris/F_12_1835_1788/1788.csv,Toutes directions partenaires manquants,1788,Imports,Marseille,,104,Sirop ; fin,Colonie française de l'Amérique,2458,2458,2458,Livres,,0
5292,David Cassagnes,AN F12 1835,National/Objet Général/AN Paris/F_12_1835_1788/1788.csv,Toutes directions partenaires manquants,1788,Imports,Marseille,,104,Tabac ; fabriqué,Colonie française de l'Amérique,1935,645,1935,Livres,,0
5293,David Cassagnes,AN F12 1835,National/Objet Général/AN Paris/F_12_1835_1788/1788.csv,Toutes directions partenaires manquants,1788,Imports,Marseille,,104,Tabac ; en feuilles,Colonie française de l'Amérique,7527,18818,7527,Livres,,0
5294,David Cassagnes,AN F12 1835,National/Objet Général/AN Paris/F_12_1835_1788/1788.csv,Toutes directions partenaires manquants,1788,Imports,Marseille,,104,Taffia,Colonie française de l'Amérique,12327,,12327,,,0
5295,David Cassagnes,AN F12 1835,National/Objet Général/AN Paris/F_12_1835_1788/1788.csv,Toutes directions partenaires manquants,1788,Imports,Marseille,,104,Vins ; de liqueurs,Colonie française de l'Amérique,806,,806,,,0
5296,David Cassagnes,AN F12 1835,National/Objet Général/AN Paris/F_12_1835_1788/1788.csv,Toutes directions partenaires manquants,1788,Imports,Marseille,,104,Objets ; divers,Colonie française de l'Amérique,24661,,24661,,,0
5297,David Cassagnes,AN F12 1835,National/Objet Général/AN Paris/F_12_1835_1788/1788.csv,Toutes directions partenaires manquants,1788,Imports,Marseille,,104,Morphil,Sénégal et Guinée,5664,944,5664,Livres,,0
