numrodeligne,dataentryby,source,sourcepath,sourcetype,exportsimports,sheet,year,marchandises,direction,pays,quantit,quantity_unit,prix_unitaire,value,probleme,remarks
1,Cyril CANET,AD44_C 717,Local/Rennes/Rennes – Sorties – 1766.csv,Local,Exports,1,1766,amandes,Rennes,pour l'Angleterre,"13,00",balles,"72,00000",0,-936,
2,Cyril CANET,AD44_C 717,Local/Rennes/Rennes – Sorties – 1766.csv,Local,Exports,1,1766,amandes,Rennes,pour l'Angleterre,"165,00",milliers,"30,00000",0,-4950,
3,Cyril CANET,AD44_C 717,Local/Rennes/Rennes – Sorties – 1766.csv,Local,Exports,1,1766,amidon,Rennes,pour l'Angleterre,"800,00",livres,"0,20000",0,-160,
4,Cyril CANET,AD44_C 717,Local/Rennes/Rennes – Sorties – 1766.csv,Local,Exports,1,1766,beurre,Rennes,pour l'Angleterre,"12 500,00",livres,"0,35000",0,-4375,
5,Cyril CANET,AD44_C 717,Local/Rennes/Rennes – Sorties – 1766.csv,Local,Exports,1,1766,biscuit de mer,Rennes,pour l'Angleterre,"18 900,00",livres,"0,15000",0,-2835,15 L %
6,Cyril CANET,AD44_C 717,Local/Rennes/Rennes – Sorties – 1766.csv,Local,Exports,1,1766,bouchon de liège,Rennes,pour l'Angleterre,"9,00",milliers,"9,00000",0,-81,9 L %%
7,Cyril CANET,AD44_C 717,Local/Rennes/Rennes – Sorties – 1766.csv,Local,Exports,1,1766,bray gras,Rennes,pour l'Angleterre,"52,00",barils,"20,00000",0,-1040,
8,Cyril CANET,AD44_C 717,Local/Rennes/Rennes – Sorties – 1766.csv,Local,Exports,1,1766,caffé,Rennes,pour l'Angleterre,"7 994,00",livres,"0,60000",0,"-4796,4",
9,Cyril CANET,AD44_C 717,Local/Rennes/Rennes – Sorties – 1766.csv,Local,Exports,1,1766,chaises de paille,Rennes,pour l'Angleterre,"1 481,00",en nombre,"1,00000",0,-1481,
10,Cyril CANET,AD44_C 717,Local/Rennes/Rennes – Sorties – 1766.csv,Local,Exports,1,1766,chandelle,Rennes,pour l'Angleterre,"13 272,00",livres,"0,50000",0,-6636,
11,Cyril CANET,AD44_C 717,Local/Rennes/Rennes – Sorties – 1766.csv,Local,Exports,1,1766,chataignes,Rennes,pour l'Angleterre,"19,00",sacs,"8,00000",0,-152,
12,Cyril CANET,AD44_C 717,Local/Rennes/Rennes – Sorties – 1766.csv,Local,Exports,1,1766,confitures,Rennes,pour l'Angleterre,"104,00",livres,"0,55000",0,"-57,2",
13,Cyril CANET,AD44_C 717,Local/Rennes/Rennes – Sorties – 1766.csv,Local,Exports,1,1766,raisins Corinthe,Rennes,pour l'Angleterre,"359,00",livres,"0,25000",0,"-89,75",
14,Cyril CANET,AD44_C 717,Local/Rennes/Rennes – Sorties – 1766.csv,Local,Exports,1,1766,cotonade,Rennes,pour l'Angleterre,"265,00",aulnes,"2,25000",0,"-596,25",
15,Cyril CANET,AD44_C 717,Local/Rennes/Rennes – Sorties – 1766.csv,Local,Exports,1,1766,cuirs en poil,Rennes,pour l'Angleterre,"75,00",livres,"0,20000",0,-15,
16,Cyril CANET,AD44_C 717,Local/Rennes/Rennes – Sorties – 1766.csv,Local,Exports,2,1766,cuirs de vache,Rennes,pour l'Angleterre,"6 187,00",en nombre,"15,00000",0,-92805,
17,Cyril CANET,AD44_C 717,Local/Rennes/Rennes – Sorties – 1766.csv,Local,Exports,2,1766,eau de vie,Rennes,pour l'Angleterre,"18 624,00",veltes,"4,00000",0,-74496,
18,Cyril CANET,AD44_C 717,Local/Rennes/Rennes – Sorties – 1766.csv,Local,Exports,2,1766,fer en barres,Rennes,pour l'Angleterre,"3 759,00",livres,"0,15000",0,"-563,85",
19,Cyril CANET,AD44_C 717,Local/Rennes/Rennes – Sorties – 1766.csv,Local,Exports,2,1766,fer en chaudières,Rennes,pour l'Angleterre,"10,00",en nombre,"5,00000",0,-50,
20,Cyril CANET,AD44_C 717,Local/Rennes/Rennes – Sorties – 1766.csv,Local,Exports,2,1766,fil de Rennes,Rennes,pour l'Angleterre,"15,00",livres,"1,50000",0,"-22,5",
21,Cyril CANET,AD44_C 717,Local/Rennes/Rennes – Sorties – 1766.csv,Local,Exports,2,1766,filain,Rennes,pour l'Angleterre,"15 200,00",livres,"0,35000",0,-5320,
22,Cyril CANET,AD44_C 717,Local/Rennes/Rennes – Sorties – 1766.csv,Local,Exports,2,1766,fruits crus,Rennes,pour l'Angleterre,"70,00",panniers,"3,00000",0,-210,
23,Cyril CANET,AD44_C 717,Local/Rennes/Rennes – Sorties – 1766.csv,Local,Exports,2,1766,fruits secs,Rennes,pour l'Angleterre,"42 130,00",livres,"0,30000",0,-12639,
24,Cyril CANET,AD44_C 717,Local/Rennes/Rennes – Sorties – 1766.csv,Local,Exports,2,1766,gaudrons,Rennes,pour l'Angleterre,"28,00",barils,"20,00000",0,-560,
25,Cyril CANET,AD44_C 717,Local/Rennes/Rennes – Sorties – 1766.csv,Local,Exports,2,1766,graisse,Rennes,pour l'Angleterre,"2 770,00",livres,"0,30000",0,-831,
26,Cyril CANET,AD44_C 717,Local/Rennes/Rennes – Sorties – 1766.csv,Local,Exports,2,1766,gruau,Rennes,pour l'Angleterre,"12,00",boisseaux,"0,50000",0,-6,
27,Cyril CANET,AD44_C 717,Local/Rennes/Rennes – Sorties – 1766.csv,Local,Exports,2,1766,huile d'olive,Rennes,pour l'Angleterre,"2 498,00",pots,"2,40000",0,"-5995,2",
28,Cyril CANET,AD44_C 717,Local/Rennes/Rennes – Sorties – 1766.csv,Local,Exports,2,1766,indienne,Rennes,pour l'Angleterre,"7,00",aulnes,"2,00000",0,-14,
29,Cyril CANET,AD44_C 717,Local/Rennes/Rennes – Sorties – 1766.csv,Local,Exports,2,1766,indigo,Rennes,pour l'Angleterre,"1 363,00",livres,"4,50000",0,"-6133,5",
30,Cyril CANET,AD44_C 717,Local/Rennes/Rennes – Sorties – 1766.csv,Local,Exports,2,1766,liqueurs de légumes,Rennes,pour l'Angleterre,"2 000,00",fiolles,"0,90000",0,-1800,marchandise incertaine
31,Cyril CANET,AD44_C 717,Local/Rennes/Rennes – Sorties – 1766.csv,Local,Exports,2,1766,marchandises meslées,Rennes,pour l'Angleterre,,,"0,00000",290,290,valeur de 290 L
32,Cyril CANET,AD44_C 717,Local/Rennes/Rennes – Sorties – 1766.csv,Local,Exports,2,1766,miel,Rennes,pour l'Angleterre,"205 470,00",livres,"0,15000",0,"-30820,5",
33,Cyril CANET,AD44_C 717,Local/Rennes/Rennes – Sorties – 1766.csv,Local,Exports,2,1766,mouchoirs,Rennes,pour l'Angleterre,"10,00",douzaines,"13,00000",0,-130,
34,Cyril CANET,AD44_C 717,Local/Rennes/Rennes – Sorties – 1766.csv,Local,Exports,2,1766,noix,Rennes,pour l'Angleterre,"287,00",milliers,"0,15000",0,"-43,05",
35,Cyril CANET,AD44_C 717,Local/Rennes/Rennes – Sorties – 1766.csv,Local,Exports,2,1766,oeufs,Rennes,pour l'Angleterre,"5 313,00",douzaines,"0,25000",0,"-1328,25",
36,Cyril CANET,AD44_C 717,Local/Rennes/Rennes – Sorties – 1766.csv,Local,Exports,2,1766,oignons,Rennes,pour l'Angleterre,"10,00",boisseaux,"1,50000",0,-15,
37,Cyril CANET,AD44_C 717,Local/Rennes/Rennes – Sorties – 1766.csv,Local,Exports,2,1766,papier blanc,Rennes,pour l'Angleterre,"75,00",rames,"6,00000",0,-450,
38,Cyril CANET,AD44_C 717,Local/Rennes/Rennes – Sorties – 1766.csv,Local,Exports,2,1766,papier à enveloppe,Rennes,pour l'Angleterre,"161,00",rames,"1,00000",0,-161,
39,Cyril CANET,AD44_C 717,Local/Rennes/Rennes – Sorties – 1766.csv,Local,Exports,2,1766,papier gene fin,Rennes,pour l'Angleterre,"953,00",rames,"0,75000",0,"-714,75",
40,Cyril CANET,AD44_C 717,Local/Rennes/Rennes – Sorties – 1766.csv,Local,Exports,2,1766,papier à l'ecu,Rennes,pour l'Angleterre,"560,00",rames,"3,50000",0,-1960,
41,Cyril CANET,AD44_C 717,Local/Rennes/Rennes – Sorties – 1766.csv,Local,Exports,2,1766,peaux de veau corroyées,Rennes,pour l'Angleterre,"17,00",douzaines,"28,00000",0,-476,
42,Cyril CANET,AD44_C 717,Local/Rennes/Rennes – Sorties – 1766.csv,Local,Exports,2,1766,pois,Rennes,pour l'Angleterre,"16,00",boisseaux,"1,50000",0,-24,
43,Cyril CANET,AD44_C 717,Local/Rennes/Rennes – Sorties – 1766.csv,Local,Exports,2,1766,poivre,Rennes,pour l'Angleterre,"356,00",livres,"1,75000",0,-623,
44,Cyril CANET,AD44_C 717,Local/Rennes/Rennes – Sorties – 1766.csv,Local,Exports,2,1766,porcs,Rennes,pour l'Angleterre,"92,00",en nombre,"40,00000",0,-3680,
45,Cyril CANET,AD44_C 717,Local/Rennes/Rennes – Sorties – 1766.csv,Local,Exports,2,1766,potterie de terre,Rennes,pour l'Angleterre,"126,00",douzaines,"0,90000",0,"-113,4",
46,Cyril CANET,AD44_C 717,Local/Rennes/Rennes – Sorties – 1766.csv,Local,Exports,2,1766,raisine,Rennes,pour l'Angleterre,"500,00",livres,"0,06250",0,"-31,25",
47,Cyril CANET,AD44_C 717,Local/Rennes/Rennes – Sorties – 1766.csv,Local,Exports,2,1766,riz,Rennes,pour l'Angleterre,"800,00",livres,"0,20000",0,-160,
48,Cyril CANET,AD44_C 717,Local/Rennes/Rennes – Sorties – 1766.csv,Local,Exports,2,1766,savon,Rennes,pour l'Angleterre,"531,00",demies caisses,"32,00000",0,-16992,
49,Cyril CANET,AD44_C 717,Local/Rennes/Rennes – Sorties – 1766.csv,Local,Exports,2,1766,sel,Rennes,pour l'Angleterre,"52,00",tonneaux,"32,00000",0,-1664,
50,Cyril CANET,AD44_C 717,Local/Rennes/Rennes – Sorties – 1766.csv,Local,Exports,2,1766,souffre,Rennes,pour l'Angleterre,"770,00",livres,"0,15000",0,"-115,5",15 L %
51,Cyril CANET,AD44_C 717,Local/Rennes/Rennes – Sorties – 1766.csv,Local,Exports,3,1766,sucre terré,Rennes,pour l'Angleterre,"176 330,00",livres,"0,35000",0,"-61715,5",
52,Cyril CANET,AD44_C 717,Local/Rennes/Rennes – Sorties – 1766.csv,Local,Exports,3,1766,suif,Rennes,pour l'Angleterre,"5 850,00",livres,"0,45000",0,"-2632,5",
53,Cyril CANET,AD44_C 717,Local/Rennes/Rennes – Sorties – 1766.csv,Local,Exports,3,1766,tabac,Rennes,pour l'Angleterre,"86 407,00",livres,"0,25000",0,"-21601,75",
54,Cyril CANET,AD44_C 717,Local/Rennes/Rennes – Sorties – 1766.csv,Local,Exports,3,1766,thé,Rennes,pour l'Angleterre,"387 449,00",livres,"2,10000",0,"-813642,9",
55,Cyril CANET,AD44_C 717,Local/Rennes/Rennes – Sorties – 1766.csv,Local,Exports,3,1766,toile batiste,Rennes,pour l'Angleterre,"99,00",aulnes,"8,00000",0,-792,
56,Cyril CANET,AD44_C 717,Local/Rennes/Rennes – Sorties – 1766.csv,Local,Exports,3,1766,toile blanche,Rennes,pour l'Angleterre,"1 250,00",aulnes,"1,50000",0,-1875,
57,Cyril CANET,AD44_C 717,Local/Rennes/Rennes – Sorties – 1766.csv,Local,Exports,3,1766,toile de Bretagne,Rennes,pour l'Angleterre,"100,00",pieces,"7,50000",0,-750,
58,Cyril CANET,AD44_C 717,Local/Rennes/Rennes – Sorties – 1766.csv,Local,Exports,3,1766,toile de Bretagne,Rennes,pour l'Angleterre,"48,00",aulnes,"1,50000",0,-72,
59,Cyril CANET,AD44_C 717,Local/Rennes/Rennes – Sorties – 1766.csv,Local,Exports,3,1766,toile de halle,Rennes,pour l'Angleterre,"50 545,00",aulnes,"0,80000",0,-40436,
60,Cyril CANET,AD44_C 717,Local/Rennes/Rennes – Sorties – 1766.csv,Local,Exports,3,1766,toile Languenan,Rennes,pour l'Angleterre,"1 710,00",aulnes,"0,80000",0,-1368,
61,Cyril CANET,AD44_C 717,Local/Rennes/Rennes – Sorties – 1766.csv,Local,Exports,3,1766,toile de Laval,Rennes,pour l'Angleterre,"50,00",aulnes,"1,35000",0,"-67,5",
62,Cyril CANET,AD44_C 717,Local/Rennes/Rennes – Sorties – 1766.csv,Local,Exports,3,1766,toile de Leon,Rennes,pour l'Angleterre,"50,00",aulnes,"1,20000",0,-60,
63,Cyril CANET,AD44_C 717,Local/Rennes/Rennes – Sorties – 1766.csv,Local,Exports,3,1766,toile de Morlaix,Rennes,pour l'Angleterre,"448,00",aulnes,"1,50000",0,-672,
64,Cyril CANET,AD44_C 717,Local/Rennes/Rennes – Sorties – 1766.csv,Local,Exports,3,1766,toile de Poldavie,Rennes,pour l'Angleterre,"1 580,00",aulnes,"0,80000",0,-1264,
65,Cyril CANET,AD44_C 717,Local/Rennes/Rennes – Sorties – 1766.csv,Local,Exports,3,1766,toile à voile,Rennes,pour l'Angleterre,"1 055,00",aulnes,"1,00000",0,-1055,
66,Cyril CANET,AD44_C 717,Local/Rennes/Rennes – Sorties – 1766.csv,Local,Exports,3,1766,toile cirée,Rennes,pour l'Angleterre,"1 045,00",aulnes,"1,00000",0,-1045,
67,Cyril CANET,AD44_C 717,Local/Rennes/Rennes – Sorties – 1766.csv,Local,Exports,3,1766,toile serpillère,Rennes,pour l'Angleterre,"4 771,00",aulnes,"0,40000",0,"-1908,4",
68,Cyril CANET,AD44_C 717,Local/Rennes/Rennes – Sorties – 1766.csv,Local,Exports,3,1766,toile fil et coton,Rennes,pour l'Angleterre,"600,00",aulnes,"3,00000",0,-1800,
69,Cyril CANET,AD44_C 717,Local/Rennes/Rennes – Sorties – 1766.csv,Local,Exports,3,1766,toile peinte,Rennes,pour l'Angleterre,"56,00",aulnes,"2,00000",0,-112,
70,Cyril CANET,AD44_C 717,Local/Rennes/Rennes – Sorties – 1766.csv,Local,Exports,3,1766,vaisselle d'argent,Rennes,pour l'Angleterre,"88,00",marcs,"57,00000",0,-5016,
71,Cyril CANET,AD44_C 717,Local/Rennes/Rennes – Sorties – 1766.csv,Local,Exports,3,1766,vin de Bordeaux,Rennes,pour l'Angleterre,"150,00",bariques,"100,00000",0,-15000,
72,Cyril CANET,AD44_C 717,Local/Rennes/Rennes – Sorties – 1766.csv,Local,Exports,3,1766,vin de Bordeaux,Rennes,pour l'Angleterre,"6,00",tiercons,"67,00000",0,-402,
73,Cyril CANET,AD44_C 717,Local/Rennes/Rennes – Sorties – 1766.csv,Local,Exports,3,1766,vin de Provence,Rennes,pour l'Angleterre,"4,00",bariques,"50,00000",0,-200,
74,Cyril CANET,AD44_C 717,Local/Rennes/Rennes – Sorties – 1766.csv,Local,Exports,3,1766,beurre,Rennes,pour le Danemark,"4 890,00",livres,"0,35000",0,"-1711,5",
75,Cyril CANET,AD44_C 717,Local/Rennes/Rennes – Sorties – 1766.csv,Local,Exports,3,1766,eau de vie,Rennes,pour le Danemark,"9,00",pieces,"140,00000",0,-1260,
76,Cyril CANET,AD44_C 717,Local/Rennes/Rennes – Sorties – 1766.csv,Local,Exports,3,1766,eau de vie,Rennes,pour le Danemark,"2,00",bariques,"120,00000",0,-240,
77,Cyril CANET,AD44_C 717,Local/Rennes/Rennes – Sorties – 1766.csv,Local,Exports,3,1766,eau de vie,Rennes,pour le Danemark,"102,00",veltes,"4,00000",0,-408,
78,Cyril CANET,AD44_C 717,Local/Rennes/Rennes – Sorties – 1766.csv,Local,Exports,3,1766,orge,Rennes,pour le Danemark,"51,00",tonneaux,"110,00000",0,-5610,
79,Cyril CANET,AD44_C 717,Local/Rennes/Rennes – Sorties – 1766.csv,Local,Exports,3,1766,orge,Rennes,pour le Danemark,"13,00",boisseaux,"2,40000",0,"-31,2",
80,Cyril CANET,AD44_C 717,Local/Rennes/Rennes – Sorties – 1766.csv,Local,Exports,3,1766,toile de Morlaix,Rennes,pour le Danemark,"77,00",aulnes,"1,50000",0,"-115,5",
81,Cyril CANET,AD44_C 717,Local/Rennes/Rennes – Sorties – 1766.csv,Local,Exports,3,1766,toile de Vitré,Rennes,pour le Danemark,"250,00",aulnes,"0,80000",0,-200,
82,Cyril CANET,AD44_C 717,Local/Rennes/Rennes – Sorties – 1766.csv,Local,Exports,4,1766,vin,Rennes,pour le Danemark,"18,00",pieces,"116,00000",0,-2088,
83,Cyril CANET,AD44_C 717,Local/Rennes/Rennes – Sorties – 1766.csv,Local,Exports,4,1766,vin,Rennes,pour le Danemark,"2,00",bariques,"100,00000",0,-200,
84,Cyril CANET,AD44_C 717,Local/Rennes/Rennes – Sorties – 1766.csv,Local,Exports,4,1766,vin,Rennes,pour le Danemark,"1,00",tiercon,"67,00000",0,-67,
85,Cyril CANET,AD44_C 717,Local/Rennes/Rennes – Sorties – 1766.csv,Local,Exports,4,1766,bas de fil,Rennes,pour l'Espagne,"130,00",douzaines,"24,00000",0,-3120,
86,Cyril CANET,AD44_C 717,Local/Rennes/Rennes – Sorties – 1766.csv,Local,Exports,4,1766,beurre,Rennes,pour l'Espagne,"4 850,00",livres,"0,35000",0,"-1697,5",
87,Cyril CANET,AD44_C 717,Local/Rennes/Rennes – Sorties – 1766.csv,Local,Exports,4,1766,bled froment,Rennes,pour l'Espagne,"7 350,00",boisseaux,"4,20000",0,-30870,
88,Cyril CANET,AD44_C 717,Local/Rennes/Rennes – Sorties – 1766.csv,Local,Exports,4,1766,cacao,Rennes,pour l'Espagne,"4 465,00",livres,"0,50000",0,"-2232,5",
89,Cyril CANET,AD44_C 717,Local/Rennes/Rennes – Sorties – 1766.csv,Local,Exports,4,1766,chapeau en castor,Rennes,pour l'Espagne,"14,00",en nombre,"12,00000",0,-168,
90,Cyril CANET,AD44_C 717,Local/Rennes/Rennes – Sorties – 1766.csv,Local,Exports,4,1766,chaussettes,Rennes,pour l'Espagne,"28,00",douzaines,"24,00000",0,-672,
91,Cyril CANET,AD44_C 717,Local/Rennes/Rennes – Sorties – 1766.csv,Local,Exports,4,1766,chemises bretonnes garnies,Rennes,pour l'Espagne,"1 424,00",en nombre,"10,00000",0,-14240,
92,Cyril CANET,AD44_C 717,Local/Rennes/Rennes – Sorties – 1766.csv,Local,Exports,4,1766,chemises bretonnes unies,Rennes,pour l'Espagne,"31 279,00",en nombre,"5,00000",0,-156395,
93,Cyril CANET,AD44_C 717,Local/Rennes/Rennes – Sorties – 1766.csv,Local,Exports,4,1766,cuirs de beuf tannés,Rennes,pour l'Espagne,"13 180,00",en nombre,"18,00000",0,-237240,
94,Cyril CANET,AD44_C 717,Local/Rennes/Rennes – Sorties – 1766.csv,Local,Exports,4,1766,cuirs de beuf tannés,Rennes,pour l'Espagne,"1 126,00",livres,"0,60000",0,"-675,6",
95,Cyril CANET,AD44_C 717,Local/Rennes/Rennes – Sorties – 1766.csv,Local,Exports,4,1766,eau de vie,Rennes,pour l'Espagne,"1,00",tiercon,"81,00000",0,-81,
96,Cyril CANET,AD44_C 717,Local/Rennes/Rennes – Sorties – 1766.csv,Local,Exports,4,1766,etamines de laine,Rennes,pour l'Espagne,"1 012,00",aulnes,"3,00000",0,-3036,
97,Cyril CANET,AD44_C 717,Local/Rennes/Rennes – Sorties – 1766.csv,Local,Exports,4,1766,feves,Rennes,pour l'Espagne,"150,00",boisseaux,"0,90000",0,-135,
98,Cyril CANET,AD44_C 717,Local/Rennes/Rennes – Sorties – 1766.csv,Local,Exports,4,1766,graisse,Rennes,pour l'Espagne,"53 707,00",livres,"0,30000",0,"-16112,1",
99,Cyril CANET,AD44_C 717,Local/Rennes/Rennes – Sorties – 1766.csv,Local,Exports,4,1766,papier batard commun,Rennes,pour l'Espagne,"1 440,00",rames,"4,00000",0,-5760,
100,Cyril CANET,AD44_C 717,Local/Rennes/Rennes – Sorties – 1766.csv,Local,Exports,4,1766,peaux de genisse,Rennes,pour l'Espagne,"1 109,00",en nombre,"8,40000",0,"-9315,6",
101,Cyril CANET,AD44_C 717,Local/Rennes/Rennes – Sorties – 1766.csv,Local,Exports,4,1766,peaux de veaux,Rennes,pour l'Espagne,"294,00",douzaines,"28,00000",0,-8232,
102,Cyril CANET,AD44_C 717,Local/Rennes/Rennes – Sorties – 1766.csv,Local,Exports,4,1766,tabac,Rennes,pour l'Espagne,"180,00",livres,"3,20000",0,-576,
103,Cyril CANET,AD44_C 717,Local/Rennes/Rennes – Sorties – 1766.csv,Local,Exports,4,1766,toile de Bretagne,Rennes,pour l'Espagne,"5 832,00",aulnes,"1,50000",0,-8748,
104,Cyril CANET,AD44_C 717,Local/Rennes/Rennes – Sorties – 1766.csv,Local,Exports,4,1766,toile de Bretagne de brin,Rennes,pour l'Espagne,"600,00",aulnes,"1,25000",0,-750,
105,Cyril CANET,AD44_C 717,Local/Rennes/Rennes – Sorties – 1766.csv,Local,Exports,4,1766,toile de Bretagne à carreaux,Rennes,pour l'Espagne,"45 920,00",aulnes,"0,85000",0,-39032,
106,Cyril CANET,AD44_C 717,Local/Rennes/Rennes – Sorties – 1766.csv,Local,Exports,4,1766,toile de Bretagne de couleur,Rennes,pour l'Espagne,"2 560,00",aulnes,"1,20000",0,-3072,
107,Cyril CANET,AD44_C 717,Local/Rennes/Rennes – Sorties – 1766.csv,Local,Exports,4,1766,toile de Bretagne crée large,Rennes,pour l'Espagne,"286 936,00",aulnes,"1,30000",0,"-373016,8",
108,Cyril CANET,AD44_C 717,Local/Rennes/Rennes – Sorties – 1766.csv,Local,Exports,4,1766,toile de Bretagne diverses,Rennes,pour l'Espagne,"148 646,00",aulnes,"1,00000",0,-148646,
109,Cyril CANET,AD44_C 717,Local/Rennes/Rennes – Sorties – 1766.csv,Local,Exports,4,1766,toile de Bretagne entrelarge,Rennes,pour l'Espagne,"7 536,00",aulnes,"1,10000",0,"-8289,6",
110,Cyril CANET,AD44_C 717,Local/Rennes/Rennes – Sorties – 1766.csv,Local,Exports,4,1766,toile de Bretagne étroite,Rennes,pour l'Espagne,"189 164,00",aulnes,"1,00000",0,-189164,
111,Cyril CANET,AD44_C 717,Local/Rennes/Rennes – Sorties – 1766.csv,Local,Exports,4,1766,toile de Bretagne étroite,Rennes,pour l'Espagne,"227 962,00",pieces,"7,00000",0,-1595734,
112,Cyril CANET,AD44_C 717,Local/Rennes/Rennes – Sorties – 1766.csv,Local,Exports,4,1766,toile de Bretagne gratienne,Rennes,pour l'Espagne,"2 737 157,00",aulnes,"1,40000",0,"-3832019,8",
113,Cyril CANET,AD44_C 717,Local/Rennes/Rennes – Sorties – 1766.csv,Local,Exports,5,1766,toile de Bretagne de halle,Rennes,pour l'Espagne,"1 018,00",aulnes,"0,80000",0,"-814,4",
114,Cyril CANET,AD44_C 717,Local/Rennes/Rennes – Sorties – 1766.csv,Local,Exports,5,1766,toile de Bretagne Langenau,Rennes,pour l'Espagne,"1 143,00",aulnes,"0,80000",0,"-914,4",
115,Cyril CANET,AD44_C 717,Local/Rennes/Rennes – Sorties – 1766.csv,Local,Exports,5,1766,toile de Bretagne large,Rennes,pour l'Espagne,"49 226,00",pieces,"10,00000",0,-492260,
116,Cyril CANET,AD44_C 717,Local/Rennes/Rennes – Sorties – 1766.csv,Local,Exports,5,1766,toile de Bretagne large,Rennes,pour l'Espagne,"19 565,00",aulnes,"2,00000",0,-39130,
117,Cyril CANET,AD44_C 717,Local/Rennes/Rennes – Sorties – 1766.csv,Local,Exports,5,1766,toile de Bretagne d'Olonne,Rennes,pour l'Espagne,"4 830,00",aulnes,"1,25000",0,"-6037,5",
118,Cyril CANET,AD44_C 717,Local/Rennes/Rennes – Sorties – 1766.csv,Local,Exports,5,1766,toile de Bretagne de Pontivi,Rennes,pour l'Espagne,"84,00",aulnes,"1,25000",0,-105,
119,Cyril CANET,AD44_C 717,Local/Rennes/Rennes – Sorties – 1766.csv,Local,Exports,5,1766,toile de Bretagne Rosconne,Rennes,pour l'Espagne,"89 572,00",aulnes,"0,90000",0,"-80614,8",
120,Cyril CANET,AD44_C 717,Local/Rennes/Rennes – Sorties – 1766.csv,Local,Exports,5,1766,toile de Bretagne rousse,Rennes,pour l'Espagne,"550,00",aulnes,"1,00000",0,-550,
121,Cyril CANET,AD44_C 717,Local/Rennes/Rennes – Sorties – 1766.csv,Local,Exports,5,1766,toile de Bretagne de Vitrée,Rennes,pour l'Espagne,"345,00",aulnes,"0,80000",0,-276,
122,Cyril CANET,AD44_C 717,Local/Rennes/Rennes – Sorties – 1766.csv,Local,Exports,5,1766,toile de Bretagne à voile,Rennes,pour l'Espagne,"2 141,00",aulnes,"1,00000",0,-2141,prix incertain  18 S   18 S    20 S
123,Cyril CANET,AD44_C 717,Local/Rennes/Rennes – Sorties – 1766.csv,Local,Exports,5,1766,toile de Bretagne grise,Rennes,pour l'Espagne,"4,00",balles,"550,00000",0,-2200,
124,Cyril CANET,AD44_C 717,Local/Rennes/Rennes – Sorties – 1766.csv,Local,Exports,5,1766,toile de Bretagne grise,Rennes,pour l'Espagne,"840,00",aulnes,"1,20000",0,-1008,
125,Cyril CANET,AD44_C 717,Local/Rennes/Rennes – Sorties – 1766.csv,Local,Exports,5,1766,toile de Bretagne de Laval,Rennes,pour l'Espagne,"2 426,00",aulnes,"1,35000",0,"-3275,1",
126,Cyril CANET,AD44_C 717,Local/Rennes/Rennes – Sorties – 1766.csv,Local,Exports,5,1766,toile de Bretagne de ménage,Rennes,pour l'Espagne,"148,00",aulnes,"2,00000",0,-296,
127,Cyril CANET,AD44_C 717,Local/Rennes/Rennes – Sorties – 1766.csv,Local,Exports,5,1766,vin,Rennes,pour l'Espagne,"18,00",bariques,"100,00000",0,-1800,
128,Cyril CANET,AD44_C 717,Local/Rennes/Rennes – Sorties – 1766.csv,Local,Exports,5,1766,vin,Rennes,pour l'Espagne,"1 221,00",bouteilles,"0,60000",0,"-732,6",
129,Cyril CANET,AD44_C 717,Local/Rennes/Rennes – Sorties – 1766.csv,Local,Exports,5,1766,caffé,Rennes,pour la Flandre,"374 708,00",livres,"0,60000",0,"-224824,8",
130,Cyril CANET,AD44_C 717,Local/Rennes/Rennes – Sorties – 1766.csv,Local,Exports,5,1766,sel,Rennes,pour la Flandre,"70,00",muids,"50,00000",0,-3500,
131,Cyril CANET,AD44_C 717,Local/Rennes/Rennes – Sorties – 1766.csv,Local,Exports,5,1766,soye,Rennes,pour la Flandre,"929,00",livres,"40,00000",0,-37160,
132,Cyril CANET,AD44_C 717,Local/Rennes/Rennes – Sorties – 1766.csv,Local,Exports,5,1766,thé,Rennes,pour la Flandre,"78 434,00",livres,"2,10000",0,"-164711,4",
133,Cyril CANET,AD44_C 717,Local/Rennes/Rennes – Sorties – 1766.csv,Local,Exports,5,1766,indigo,Rennes,pour Genève,"1 580,00",livres,"4,50000",0,-7110,
134,Cyril CANET,AD44_C 717,Local/Rennes/Rennes – Sorties – 1766.csv,Local,Exports,6,1766,beurre,Rennes,pour la Hollande,"308,00",livres,"0,35000",0,"-107,8",
135,Cyril CANET,AD44_C 717,Local/Rennes/Rennes – Sorties – 1766.csv,Local,Exports,6,1766,bouchon de liège,Rennes,pour la Hollande,"100,00",livres,"0,40000",0,-40,
136,Cyril CANET,AD44_C 717,Local/Rennes/Rennes – Sorties – 1766.csv,Local,Exports,6,1766,caffé des Isles,Rennes,pour la Hollande,"494 708,00",livres,"0,60000",0,"-296824,8",
137,Cyril CANET,AD44_C 717,Local/Rennes/Rennes – Sorties – 1766.csv,Local,Exports,6,1766,cotton de laine,Rennes,pour la Hollande,"140,00",livres,"1,40000",0,-196,140 L %
138,Cyril CANET,AD44_C 717,Local/Rennes/Rennes – Sorties – 1766.csv,Local,Exports,6,1766,gomme,Rennes,pour la Hollande,"3 140,00",livres,"1,00000",0,-3140,
139,Cyril CANET,AD44_C 717,Local/Rennes/Rennes – Sorties – 1766.csv,Local,Exports,6,1766,huitres Marinées,Rennes,pour la Hollande,"1 205,00",barils,"15,00000",0,-18075,
140,Cyril CANET,AD44_C 717,Local/Rennes/Rennes – Sorties – 1766.csv,Local,Exports,6,1766,indigo,Rennes,pour la Hollande,"156,00",livres,"4,50000",0,-702,
141,Cyril CANET,AD44_C 717,Local/Rennes/Rennes – Sorties – 1766.csv,Local,Exports,6,1766,marchandises meslées,Rennes,pour la Hollande,,,"0,00000",1450,1450,valeur de 1450 L
142,Cyril CANET,AD44_C 717,Local/Rennes/Rennes – Sorties – 1766.csv,Local,Exports,6,1766,miel,Rennes,pour la Hollande,"2 422 970,00",livres,"0,15000",0,"-363445,5",
143,Cyril CANET,AD44_C 717,Local/Rennes/Rennes – Sorties – 1766.csv,Local,Exports,6,1766,mouchoirs,Rennes,pour la Hollande,"300,00",pieces,"13,00000",0,-3900,
144,Cyril CANET,AD44_C 717,Local/Rennes/Rennes – Sorties – 1766.csv,Local,Exports,6,1766,nankin,Rennes,pour la Hollande,"123,00",pieces,"6,00000",0,-738,
145,Cyril CANET,AD44_C 717,Local/Rennes/Rennes – Sorties – 1766.csv,Local,Exports,6,1766,papier batard commun,Rennes,pour la Hollande,"7 520,00",rames,"4,00000",0,-30080,
146,Cyril CANET,AD44_C 717,Local/Rennes/Rennes – Sorties – 1766.csv,Local,Exports,6,1766,papier batard fin,Rennes,pour la Hollande,"11 916,00",rames,"4,50000",0,-53622,
147,Cyril CANET,AD44_C 717,Local/Rennes/Rennes – Sorties – 1766.csv,Local,Exports,6,1766,papier à bulle blanc,Rennes,pour la Hollande,"1 340,00",rames,"0,80000",0,-1072,
148,Cyril CANET,AD44_C 717,Local/Rennes/Rennes – Sorties – 1766.csv,Local,Exports,6,1766,papier gene fin,Rennes,pour la Hollande,"12 884,00",rames,"0,75000",0,-9663,
149,Cyril CANET,AD44_C 717,Local/Rennes/Rennes – Sorties – 1766.csv,Local,Exports,6,1766,papier à l'Ecu,Rennes,pour la Hollande,"5 102,00",rames,"3,50000",0,-17857,
150,Cyril CANET,AD44_C 717,Local/Rennes/Rennes – Sorties – 1766.csv,Local,Exports,6,1766,papier à l'Etoile,Rennes,pour la Hollande,"2 740,00",rames,"4,00000",0,-10960,
151,Cyril CANET,AD44_C 717,Local/Rennes/Rennes – Sorties – 1766.csv,Local,Exports,6,1766,pekin,Rennes,pour la Hollande,"28,00",pieces,"120,00000",0,-3360,
152,Cyril CANET,AD44_C 717,Local/Rennes/Rennes – Sorties – 1766.csv,Local,Exports,6,1766,plumes,Rennes,pour la Hollande,"400,00",en nombre,"0,01200",0,"-4,8",24 S le cent
153,Cyril CANET,AD44_C 717,Local/Rennes/Rennes – Sorties – 1766.csv,Local,Exports,6,1766,porcelaine,Rennes,pour la Hollande,"900,00",livres,"5,00000",0,-4500,
154,Cyril CANET,AD44_C 717,Local/Rennes/Rennes – Sorties – 1766.csv,Local,Exports,6,1766,saffran,Rennes,pour la Hollande,"4,00",livres,"16,00000",0,-64,
155,Cyril CANET,AD44_C 717,Local/Rennes/Rennes – Sorties – 1766.csv,Local,Exports,6,1766,soucis,Rennes,pour la Hollande,"191,00",pieces,"50,00000",0,-9550,
156,Cyril CANET,AD44_C 717,Local/Rennes/Rennes – Sorties – 1766.csv,Local,Exports,6,1766,soya,Rennes,pour la Hollande,"4 956,00",livres,"40,00000",0,-198240,
157,Cyril CANET,AD44_C 717,Local/Rennes/Rennes – Sorties – 1766.csv,Local,Exports,6,1766,sucre brun,Rennes,pour la Hollande,"60 628,00",livres,"0,20000",0,"-12125,6",
158,Cyril CANET,AD44_C 717,Local/Rennes/Rennes – Sorties – 1766.csv,Local,Exports,6,1766,sucre terré,Rennes,pour la Hollande,"313 862,00",livres,"0,35000",0,"-109851,7",
159,Cyril CANET,AD44_C 717,Local/Rennes/Rennes – Sorties – 1766.csv,Local,Exports,6,1766,thé,Rennes,pour la Hollande,"33 523,00",livres,"2,10000",0,"-70398,3",
160,Cyril CANET,AD44_C 717,Local/Rennes/Rennes – Sorties – 1766.csv,Local,Exports,6,1766,toile de Bretagne,Rennes,pour la Hollande,"3 500,00",pieces,"7,50000",0,-26250,
161,Cyril CANET,AD44_C 717,Local/Rennes/Rennes – Sorties – 1766.csv,Local,Exports,6,1766,toile de Bretagne crée large,Rennes,pour la Hollande,"1 200,00",aulnes,"1,30000",0,-1560,
162,Cyril CANET,AD44_C 717,Local/Rennes/Rennes – Sorties – 1766.csv,Local,Exports,6,1766,bled seigle,Rennes,pour l'Italie,"124 000,00",livres,"0,05417",0,"-6716,67",
163,Cyril CANET,AD44_C 717,Local/Rennes/Rennes – Sorties – 1766.csv,Local,Exports,6,1766,caffé,Rennes,pour le Nord,"135 320,00",livres,"0,60000",0,-81192,
164,Cyril CANET,AD44_C 717,Local/Rennes/Rennes – Sorties – 1766.csv,Local,Exports,7,1766,cuirs de génisse,Rennes,pour le Nord,"1 647,00",livres,"1,20000",0,"-1976,4",
165,Cyril CANET,AD44_C 717,Local/Rennes/Rennes – Sorties – 1766.csv,Local,Exports,7,1766,garas,Rennes,pour le Nord,"160,00",pieces,"28,00000",0,-4480,
166,Cyril CANET,AD44_C 717,Local/Rennes/Rennes – Sorties – 1766.csv,Local,Exports,7,1766,peaux de veau corroyées,Rennes,pour le Nord,"1 171,00",douzaines,"28,00000",0,-32788,
167,Cyril CANET,AD44_C 717,Local/Rennes/Rennes – Sorties – 1766.csv,Local,Exports,7,1766,peaux de veau corroyées,Rennes,pour le Nord,"2 025,00",livres,"1,40000",0,-2835,prix incertain
168,Cyril CANET,AD44_C 717,Local/Rennes/Rennes – Sorties – 1766.csv,Local,Exports,7,1766,porcelaine,Rennes,pour le Nord,"14,00",caisses,"100,00000",0,-1400,
169,Cyril CANET,AD44_C 717,Local/Rennes/Rennes – Sorties – 1766.csv,Local,Exports,7,1766,rottin,Rennes,pour le Nord,"85,00",paquets,"6,00000",0,-510,
170,Cyril CANET,AD44_C 717,Local/Rennes/Rennes – Sorties – 1766.csv,Local,Exports,7,1766,sel,Rennes,pour le Nord,"205,00",muids,"50,00000",0,-10250,
171,Cyril CANET,AD44_C 717,Local/Rennes/Rennes – Sorties – 1766.csv,Local,Exports,7,1766,sucre brut,Rennes,pour le Nord,"362 838,00",livres,"0,20000",0,"-72567,6",
172,Cyril CANET,AD44_C 717,Local/Rennes/Rennes – Sorties – 1766.csv,Local,Exports,7,1766,sucre terré,Rennes,pour le Nord,"2 007 169,00",livres,"0,35000",0,"-702509,15",
173,Cyril CANET,AD44_C 717,Local/Rennes/Rennes – Sorties – 1766.csv,Local,Exports,7,1766,thé,Rennes,pour le Nord,"159,00",livres,"2,10000",0,"-333,9",
174,Cyril CANET,AD44_C 717,Local/Rennes/Rennes – Sorties – 1766.csv,Local,Exports,7,1766,beurre,Rennes,pour le Portugal,"12 848,00",livres,"0,35000",0,"-4496,8",
175,Cyril CANET,AD44_C 717,Local/Rennes/Rennes – Sorties – 1766.csv,Local,Exports,7,1766,bled fromen,Rennes,pour le Portugal,"165 600,00",livres,"0,07500",0,-12420,
176,Cyril CANET,AD44_C 717,Local/Rennes/Rennes – Sorties – 1766.csv,Local,Exports,7,1766,bled seigle,Rennes,pour le Portugal,"173 600,00",livres,"0,05417",0,"-9403,33",
177,Cyril CANET,AD44_C 717,Local/Rennes/Rennes – Sorties – 1766.csv,Local,Exports,7,1766,chandelle,Rennes,pour le Portugal,"308,00",livres,"0,50000",0,-154,
178,Cyril CANET,AD44_C 717,Local/Rennes/Rennes – Sorties – 1766.csv,Local,Exports,7,1766,eau de vie,Rennes,pour le Portugal,"29,00",veltes,"4,00000",0,-116,
179,Cyril CANET,AD44_C 717,Local/Rennes/Rennes – Sorties – 1766.csv,Local,Exports,7,1766,papier batard fin,Rennes,pour le Portugal,"6 528,00",rames,"4,50000",0,-29376,
180,Cyril CANET,AD44_C 717,Local/Rennes/Rennes – Sorties – 1766.csv,Local,Exports,7,1766,papier batard commun,Rennes,pour le Portugal,"1 209,00",rames,"4,00000",0,-4836,
181,Cyril CANET,AD44_C 717,Local/Rennes/Rennes – Sorties – 1766.csv,Local,Exports,7,1766,papier à bulle,Rennes,pour le Portugal,"60 468,00",rames,"0,80000",0,"-48374,4",
182,Cyril CANET,AD44_C 717,Local/Rennes/Rennes – Sorties – 1766.csv,Local,Exports,7,1766,papier gene fin,Rennes,pour le Portugal,"8 118,00",rames,"0,75000",0,"-6088,5",
183,Cyril CANET,AD44_C 717,Local/Rennes/Rennes – Sorties – 1766.csv,Local,Exports,7,1766,peaux de genisses corroyées,Rennes,pour le Portugal,"4 185,00",en nombre,"8,40000",0,-35154,
184,Cyril CANET,AD44_C 717,Local/Rennes/Rennes – Sorties – 1766.csv,Local,Exports,7,1766,peau de mouton,Rennes,pour le Portugal,"12,00",douzaines,"6,60000",0,"-79,2",
185,Cyril CANET,AD44_C 717,Local/Rennes/Rennes – Sorties – 1766.csv,Local,Exports,7,1766,peau de veau corroyées,Rennes,pour le Portugal,"4 051,50",douzaines,"28,00000",0,-113442,
186,Cyril CANET,AD44_C 717,Local/Rennes/Rennes – Sorties – 1766.csv,Local,Exports,7,1766,sarasin,Rennes,pour le Portugal,"1 380,00",livres,"0,03333",0,-46,
187,Cyril CANET,AD44_C 717,Local/Rennes/Rennes – Sorties – 1766.csv,Local,Exports,7,1766,toile de Bretagne à carreaux,Rennes,pour le Portugal,"89,00",aulnes,"0,85000",0,"-75,65",
188,Cyril CANET,AD44_C 717,Local/Rennes/Rennes – Sorties – 1766.csv,Local,Exports,7,1766,toile de Bretagne crée large,Rennes,pour le Portugal,"5 880,00",aulnes,"1,30000",0,-7644,
189,Cyril CANET,AD44_C 717,Local/Rennes/Rennes – Sorties – 1766.csv,Local,Exports,7,1766,toile de Bretagne de Dinan,Rennes,pour le Portugal,"908,00",aulnes,"0,95000",0,"-862,6",
190,Cyril CANET,AD44_C 717,Local/Rennes/Rennes – Sorties – 1766.csv,Local,Exports,7,1766,toile de Bretagne d'emballage,Rennes,pour le Portugal,"450,00",aulnes,"0,65000",0,"-292,5",
191,Cyril CANET,AD44_C 717,Local/Rennes/Rennes – Sorties – 1766.csv,Local,Exports,7,1766,toile de Bretagne etroite,Rennes,pour le Portugal,"27 807,00",aulnes,"1,00000",0,-27807,
192,Cyril CANET,AD44_C 717,Local/Rennes/Rennes – Sorties – 1766.csv,Local,Exports,7,1766,toile de Bretagne gracienne,Rennes,pour le Portugal,"59 108,00",aulnes,"1,40000",0,"-82751,2",
193,Cyril CANET,AD44_C 717,Local/Rennes/Rennes – Sorties – 1766.csv,Local,Exports,7,1766,toile de Bretagne de halle,Rennes,pour le Portugal,"3 520,00",aulnes,"0,80000",0,-2816,
194,Cyril CANET,AD44_C 717,Local/Rennes/Rennes – Sorties – 1766.csv,Local,Exports,7,1766,toile de Bretagne large,Rennes,pour le Portugal,"10 100,00",aulnes,"2,00000",0,-20200,
195,Cyril CANET,AD44_C 717,Local/Rennes/Rennes – Sorties – 1766.csv,Local,Exports,8,1766,toile de Bretagne de Laval,Rennes,pour le Portugal,"108,00",aulnes,"1,35000",0,"-145,8",
196,Cyril CANET,AD44_C 717,Local/Rennes/Rennes – Sorties – 1766.csv,Local,Exports,8,1766,toile de Bretagne de Leon,Rennes,pour le Portugal,"1 100,00",aulnes,"1,20000",0,-1320,
197,Cyril CANET,AD44_C 717,Local/Rennes/Rennes – Sorties – 1766.csv,Local,Exports,8,1766,toile de Bretagne de Morlaix,Rennes,pour le Portugal,"435,00",aulnes,"1,50000",0,"-652,5",
198,Cyril CANET,AD44_C 717,Local/Rennes/Rennes – Sorties – 1766.csv,Local,Exports,8,1766,toile de Bretagne de Poldavid,Rennes,pour le Portugal,"2 220,00",aulnes,"0,80000",0,-1776,
199,Cyril CANET,AD44_C 717,Local/Rennes/Rennes – Sorties – 1766.csv,Local,Exports,8,1766,indigo,Rennes,pour la Suisse,"943,00",livres,"4,50000",0,"-4243,5",
200,Cyril CANET,AD44_C 717,Local/Rennes/Rennes – Sorties – 1766.csv,Local,Exports,8,1766,anabas,Rennes,pour la Guinée,"740,00",pieces,"12,00000",0,-8880,
201,Cyril CANET,AD44_C 717,Local/Rennes/Rennes – Sorties – 1766.csv,Local,Exports,8,1766,armes blanches sabres,Rennes,pour la Guinée,"726,00",en nombre,"3,00000",0,-2178,
202,Cyril CANET,AD44_C 717,Local/Rennes/Rennes – Sorties – 1766.csv,Local,Exports,8,1766,armes à feu fusils,Rennes,pour la Guinée,"4 007,00",en nombre,"6,50000",0,"-26045,5",
203,Cyril CANET,AD44_C 717,Local/Rennes/Rennes – Sorties – 1766.csv,Local,Exports,8,1766,bajutapeaux,Rennes,pour la Guinée,"820,00",pieces,"30,00000",0,-24600,
204,Cyril CANET,AD44_C 717,Local/Rennes/Rennes – Sorties – 1766.csv,Local,Exports,8,1766,bayettes bleues,Rennes,pour la Guinée,"97,00",pieces,"18,00000",0,-1746,
205,Cyril CANET,AD44_C 717,Local/Rennes/Rennes – Sorties – 1766.csv,Local,Exports,8,1766,boeuf salé,Rennes,pour la Guinée,"130,00",barils,"38,00000",0,-4940,
206,Cyril CANET,AD44_C 717,Local/Rennes/Rennes – Sorties – 1766.csv,Local,Exports,8,1766,braule,Rennes,pour la Guinée,"1 736,00",pieces,"16,00000",0,-27776,
207,Cyril CANET,AD44_C 717,Local/Rennes/Rennes – Sorties – 1766.csv,Local,Exports,8,1766,canettes de grey,Rennes,pour la Guinée,"3 466,00",en nombre,"0,20000",0,"-693,2",
208,Cyril CANET,AD44_C 717,Local/Rennes/Rennes – Sorties – 1766.csv,Local,Exports,8,1766,caparaçon,Rennes,pour la Guinée,"18,00",en nombre,"6,00000",0,-108,
209,Cyril CANET,AD44_C 717,Local/Rennes/Rennes – Sorties – 1766.csv,Local,Exports,8,1766,caves garnies de 6 flacons,Rennes,pour la Guinée,"2 260,00",en nombre,"5,50000",0,-12430,
210,Cyril CANET,AD44_C 717,Local/Rennes/Rennes – Sorties – 1766.csv,Local,Exports,8,1766,caves garnies de 9 flacons,Rennes,pour la Guinée,"53,00",en nombre,"7,50000",0,"-397,5",
211,Cyril CANET,AD44_C 717,Local/Rennes/Rennes – Sorties – 1766.csv,Local,Exports,8,1766,chasselas,Rennes,pour la Guinée,"1 500,00",pièces,"28,00000",0,-42000,
212,Cyril CANET,AD44_C 717,Local/Rennes/Rennes – Sorties – 1766.csv,Local,Exports,8,1766,cidre,Rennes,pour la Guinée,"69,00",bariques,"20,00000",0,-1380,
213,Cyril CANET,AD44_C 717,Local/Rennes/Rennes – Sorties – 1766.csv,Local,Exports,8,1766,cochelis,Rennes,pour la Guinée,"694,00",pieces,"17,00000",0,-11798,
214,Cyril CANET,AD44_C 717,Local/Rennes/Rennes – Sorties – 1766.csv,Local,Exports,8,1766,corail ouvré,Rennes,pour la Guinée,"23,38",livres,"80,00000",0,-1870,23 L 3/8
215,Cyril CANET,AD44_C 717,Local/Rennes/Rennes – Sorties – 1766.csv,Local,Exports,8,1766,coros,Rennes,pour la Guinée,"1 090,00",pieces,"10,00000",0,-10900,
216,Cyril CANET,AD44_C 717,Local/Rennes/Rennes – Sorties – 1766.csv,Local,Exports,8,1766,coupis,Rennes,pour la Guinée,"743,00",pieces,"16,00000",0,-11888,
217,Cyril CANET,AD44_C 717,Local/Rennes/Rennes – Sorties – 1766.csv,Local,Exports,8,1766,couteaux flamands,Rennes,pour la Guinée,"6 696,00",douzaines,"1,75000",0,-11718,
218,Cyril CANET,AD44_C 717,Local/Rennes/Rennes – Sorties – 1766.csv,Local,Exports,8,1766,couvertures grandes,Rennes,pour la Guinée,"50,00",pieces,"8,00000",0,-400,
219,Cyril CANET,AD44_C 717,Local/Rennes/Rennes – Sorties – 1766.csv,Local,Exports,8,1766,couvertures grandes,Rennes,pour la Guinée,"59,00",en nombre,"8,00000",0,-472,
220,Cyril CANET,AD44_C 717,Local/Rennes/Rennes – Sorties – 1766.csv,Local,Exports,8,1766,couvertures petites,Rennes,pour la Guinée,"240,00",en nombre,"4,50000",0,-1080,
221,Cyril CANET,AD44_C 717,Local/Rennes/Rennes – Sorties – 1766.csv,Local,Exports,8,1766,cuivre ouvré,Rennes,pour la Guinée,"1 744,00",livres,"1,70000",0,"-2964,8",
222,Cyril CANET,AD44_C 717,Local/Rennes/Rennes – Sorties – 1766.csv,Local,Exports,9,1766,drap de Carcassonne,Rennes,pour la Guinée,"575,25",aulnes,"10,00000",0,"-5752,5",
223,Cyril CANET,AD44_C 717,Local/Rennes/Rennes – Sorties – 1766.csv,Local,Exports,9,1766,eau de vie,Rennes,pour la Guinée,"11 320,00",veltes,"4,00000",0,-45280,
224,Cyril CANET,AD44_C 717,Local/Rennes/Rennes – Sorties – 1766.csv,Local,Exports,9,1766,etoffe or et argent,Rennes,pour la Guinée,"15,00",aulnes,"40,00000",0,-600,
225,Cyril CANET,AD44_C 717,Local/Rennes/Rennes – Sorties – 1766.csv,Local,Exports,9,1766,etoffe argent,Rennes,pour la Guinée,"15,50",aulnes,"36,00000",0,-558,
226,Cyril CANET,AD44_C 717,Local/Rennes/Rennes – Sorties – 1766.csv,Local,Exports,9,1766,farine,Rennes,pour la Guinée,"79,00",barils,"25,00000",0,-1975,
227,Cyril CANET,AD44_C 717,Local/Rennes/Rennes – Sorties – 1766.csv,Local,Exports,9,1766,farine,Rennes,pour la Guinée,"152 700,00",livres,"0,12500",0,"-19087,5",
228,Cyril CANET,AD44_C 717,Local/Rennes/Rennes – Sorties – 1766.csv,Local,Exports,9,1766,fer en barres,Rennes,pour la Guinée,"51 787,00",livres,"0,15000",0,"-7768,05",
229,Cyril CANET,AD44_C 717,Local/Rennes/Rennes – Sorties – 1766.csv,Local,Exports,9,1766,feves,Rennes,pour la Guinée,"151,00",tonneaux,"120,00000",0,-18120,
230,Cyril CANET,AD44_C 717,Local/Rennes/Rennes – Sorties – 1766.csv,Local,Exports,9,1766,feves,Rennes,pour la Guinée,"510,00",boisseaux,"0,90000",0,-459,
231,Cyril CANET,AD44_C 717,Local/Rennes/Rennes – Sorties – 1766.csv,Local,Exports,9,1766,feves,Rennes,pour la Guinée,"18,00",laëst,"240,00000",0,-4320,
232,Cyril CANET,AD44_C 717,Local/Rennes/Rennes – Sorties – 1766.csv,Local,Exports,9,1766,fromage,Rennes,pour la Guinée,"1 184,00",livres,"0,35000",0,"-414,4",
233,Cyril CANET,AD44_C 717,Local/Rennes/Rennes – Sorties – 1766.csv,Local,Exports,9,1766,guinées bleues,Rennes,pour la Guinée,"5 017,00",pieces,"30,00000",0,-150510,
234,Cyril CANET,AD44_C 717,Local/Rennes/Rennes – Sorties – 1766.csv,Local,Exports,9,1766,jambon,Rennes,pour la Guinée,"718,00",livres,"0,60000",0,"-430,8",
235,Cyril CANET,AD44_C 717,Local/Rennes/Rennes – Sorties – 1766.csv,Local,Exports,9,1766,indienne,Rennes,pour la Guinée,"884,00",pieces,"32,00000",0,-28288,
236,Cyril CANET,AD44_C 717,Local/Rennes/Rennes – Sorties – 1766.csv,Local,Exports,9,1766,liménéas,Rennes,pour la Guinée,"1 203,00",pieces,"27,00000",0,-32481,
237,Cyril CANET,AD44_C 717,Local/Rennes/Rennes – Sorties – 1766.csv,Local,Exports,9,1766,manteaux à negres,Rennes,pour la Guinée,,,"0,00000",2240,2240,2240 L en valeur cy
238,Cyril CANET,AD44_C 717,Local/Rennes/Rennes – Sorties – 1766.csv,Local,Exports,9,1766,marchandises meslées,Rennes,pour la Guinée,,,"0,00000",480,480,valeur de 480 L
239,Cyril CANET,AD44_C 717,Local/Rennes/Rennes – Sorties – 1766.csv,Local,Exports,9,1766,miroirs,Rennes,pour la Guinée,"3,00",en nombre,"40,00000",0,-120,
240,Cyril CANET,AD44_C 717,Local/Rennes/Rennes – Sorties – 1766.csv,Local,Exports,9,1766,mouchoirs de Bengale,Rennes,pour la Guinée,"130,00",pieces,"16,00000",0,-2080,
241,Cyril CANET,AD44_C 717,Local/Rennes/Rennes – Sorties – 1766.csv,Local,Exports,9,1766,mouchoirs de Romalds,Rennes,pour la Guinée,"252,00",pieces,"13,00000",0,-3276,
242,Cyril CANET,AD44_C 717,Local/Rennes/Rennes – Sorties – 1766.csv,Local,Exports,9,1766,neganepeaux,Rennes,pour la Guinée,"585,00",pieces,"26,00000",0,-15210,
243,Cyril CANET,AD44_C 717,Local/Rennes/Rennes – Sorties – 1766.csv,Local,Exports,9,1766,nicaneas grands,Rennes,pour la Guinée,"4 593,00",pieces,"30,00000",0,-137790,
244,Cyril CANET,AD44_C 717,Local/Rennes/Rennes – Sorties – 1766.csv,Local,Exports,9,1766,nicaneas petits,Rennes,pour la Guinée,"1 590,00",pieces,"7,00000",0,-11130,
245,Cyril CANET,AD44_C 717,Local/Rennes/Rennes – Sorties – 1766.csv,Local,Exports,9,1766,photas,Rennes,pour la Guinée,"415,00",pieces,"13,00000",0,-5395,deux noms de marchandises sur des lignes qui semblent  liées
246,Cyril CANET,AD44_C 717,Local/Rennes/Rennes – Sorties – 1766.csv,Local,Exports,9,1766,pipes à fumer,Rennes,pour la Guinée,"92,00",grosses,"3,50000",0,-322,
247,Cyril CANET,AD44_C 717,Local/Rennes/Rennes – Sorties – 1766.csv,Local,Exports,9,1766,poudre à tirer,Rennes,pour la Guinée,"55 000,00",livres,"1,00000",0,-55000,
248,Cyril CANET,AD44_C 717,Local/Rennes/Rennes – Sorties – 1766.csv,Local,Exports,9,1766,rassade,Rennes,pour la Guinée,"210,00",masses,"1,00000",0,-210,
249,Cyril CANET,AD44_C 717,Local/Rennes/Rennes – Sorties – 1766.csv,Local,Exports,9,1766,riz,Rennes,pour la Guinée,"52 886,00",livres,"0,20000",0,"-10577,2",
250,Cyril CANET,AD44_C 717,Local/Rennes/Rennes – Sorties – 1766.csv,Local,Exports,9,1766,satin,Rennes,pour la Guinée,"301,00",aulnes,"10,00000",0,-3010,
251,Cyril CANET,AD44_C 717,Local/Rennes/Rennes – Sorties – 1766.csv,Local,Exports,9,1766,satin,Rennes,pour la Guinée,,,"0,00000",508,508,valeur de 508 L
252,Cyril CANET,AD44_C 717,Local/Rennes/Rennes – Sorties – 1766.csv,Local,Exports,9,1766,sempiternes,Rennes,pour la Guinée,"8,00",pieces,"16,00000",0,-128,marchandise incertaine
253,Cyril CANET,AD44_C 717,Local/Rennes/Rennes – Sorties – 1766.csv,Local,Exports,9,1766,stocfiche,Rennes,pour la Guinée,"800,00",livres,"0,20000",0,-160,
254,Cyril CANET,AD44_C 717,Local/Rennes/Rennes – Sorties – 1766.csv,Local,Exports,9,1766,tabac,Rennes,pour la Guinée,"1 550,00",livres,"0,60000",0,-930,
255,Cyril CANET,AD44_C 717,Local/Rennes/Rennes – Sorties – 1766.csv,Local,Exports,9,1766,tabac de cantine,Rennes,pour la Guinée,"2 430,00",livres,"0,60000",0,-1458,
256,Cyril CANET,AD44_C 717,Local/Rennes/Rennes – Sorties – 1766.csv,Local,Exports,10,1766,tapsel,Rennes,pour la Guinée,"2 649,00",pieces,"26,00000",0,-68874,
257,Cyril CANET,AD44_C 717,Local/Rennes/Rennes – Sorties – 1766.csv,Local,Exports,10,1766,thé,Rennes,pour la Guinée,"8 400,00",livres,"2,10000",0,-17640,
258,Cyril CANET,AD44_C 717,Local/Rennes/Rennes – Sorties – 1766.csv,Local,Exports,10,1766,toile platille,Rennes,pour la Guinée,"1 128,00",pieces,"5,00000",0,-5640,
259,Cyril CANET,AD44_C 717,Local/Rennes/Rennes – Sorties – 1766.csv,Local,Exports,10,1766,velour bleu,Rennes,pour la Guinée,"13,00",aulnes,"25,00000",0,-325,
260,Cyril CANET,AD44_C 717,Local/Rennes/Rennes – Sorties – 1766.csv,Local,Exports,10,1766,velour cramoisi,Rennes,pour la Guinée,"89,00",aulnes,"28,00000",0,-2492,
261,Cyril CANET,AD44_C 717,Local/Rennes/Rennes – Sorties – 1766.csv,Local,Exports,10,1766,velour noir,Rennes,pour la Guinée,"37,00",aulnes,"24,00000",0,-888,
262,Cyril CANET,AD44_C 717,Local/Rennes/Rennes – Sorties – 1766.csv,Local,Exports,10,1766,vin d'Aubagne,Rennes,pour la Guinée,"88,00",bariques,"50,00000",0,-4400,À 45 L       50 L
263,Cyril CANET,AD44_C 717,Local/Rennes/Rennes – Sorties – 1766.csv,Local,Exports,10,1766,vin de Bordeaux,Rennes,pour la Guinée,"190,00",bariques,"100,00000",0,-19000,À 80 L       100 L
264,Cyril CANET,AD44_C 717,Local/Rennes/Rennes – Sorties – 1766.csv,Local,Exports,10,1766,vinaigre,Rennes,pour la Guinée,"5,00",bariques,"25,00000",0,-125,
265,Cyril CANET,AD44_C 717,Local/Rennes/Rennes – Sorties – 1766.csv,Local,Exports,10,1766,amandes,Rennes,pour les Isles françoises de l'Amérique,"880,00",livres,"0,40000",0,-352,
266,Cyril CANET,AD44_C 717,Local/Rennes/Rennes – Sorties – 1766.csv,Local,Exports,10,1766,anchois,Rennes,pour les Isles françoises de l'Amérique,"2,00",petits barils,"3,00000",0,-6,
267,Cyril CANET,AD44_C 717,Local/Rennes/Rennes – Sorties – 1766.csv,Local,Exports,10,1766,argenterie,Rennes,pour les Isles françoises de l'Amérique,"461,00",marcs,"57,00000",0,-26277,
268,Cyril CANET,AD44_C 717,Local/Rennes/Rennes – Sorties – 1766.csv,Local,Exports,10,1766,argenterie,Rennes,pour les Isles françoises de l'Amérique,,,"0,00000",230,230,valeur de 230 L
269,Cyril CANET,AD44_C 717,Local/Rennes/Rennes – Sorties – 1766.csv,Local,Exports,10,1766,bas de fil,Rennes,pour les Isles françoises de l'Amérique,"48,00",paires,"2,00000",0,-96,
270,Cyril CANET,AD44_C 717,Local/Rennes/Rennes – Sorties – 1766.csv,Local,Exports,10,1766,bas de fil,Rennes,pour les Isles françoises de l'Amérique,"20,00",livres,"4,00000",0,-80,
271,Cyril CANET,AD44_C 717,Local/Rennes/Rennes – Sorties – 1766.csv,Local,Exports,10,1766,bas de soye,Rennes,pour les Isles françoises de l'Amérique,"1,50",livre,"40,00000",0,-60,
272,Cyril CANET,AD44_C 717,Local/Rennes/Rennes – Sorties – 1766.csv,Local,Exports,10,1766,beurre,Rennes,pour les Isles françoises de l'Amérique,"20 737,00",livres,"0,35000",0,"-7257,95",
273,Cyril CANET,AD44_C 717,Local/Rennes/Rennes – Sorties – 1766.csv,Local,Exports,10,1766,bierre,Rennes,pour les Isles françoises de l'Amérique,"4,00",bariques,"24,00000",0,-96,
274,Cyril CANET,AD44_C 717,Local/Rennes/Rennes – Sorties – 1766.csv,Local,Exports,10,1766,biscuits,Rennes,pour les Isles françoises de l'Amérique,"40 000,00",livres,"0,15000",0,-6000,15 L %
275,Cyril CANET,AD44_C 717,Local/Rennes/Rennes – Sorties – 1766.csv,Local,Exports,10,1766,bouchon de liège,Rennes,pour les Isles françoises de l'Amérique,"6,00",milliers,"9,00000",0,-54,9 L %
276,Cyril CANET,AD44_C 717,Local/Rennes/Rennes – Sorties – 1766.csv,Local,Exports,10,1766,bouchon de liège,Rennes,pour les Isles françoises de l'Amérique,"3 000,00",livres,"0,40000",0,-1200,
277,Cyril CANET,AD44_C 717,Local/Rennes/Rennes – Sorties – 1766.csv,Local,Exports,10,1766,bougie,Rennes,pour les Isles françoises de l'Amérique,"310,00",livres,"2,25000",0,"-697,5",
278,Cyril CANET,AD44_C 717,Local/Rennes/Rennes – Sorties – 1766.csv,Local,Exports,10,1766,capres,Rennes,pour les Isles françoises de l'Amérique,"32,00",livres,"1,20000",0,"-38,4",
279,Cyril CANET,AD44_C 717,Local/Rennes/Rennes – Sorties – 1766.csv,Local,Exports,10,1766,cercles de bois,Rennes,pour les Isles françoises de l'Amérique,"200,00",paquets,"1,50000",0,-300,
280,Cyril CANET,AD44_C 717,Local/Rennes/Rennes – Sorties – 1766.csv,Local,Exports,10,1766,cervelats,Rennes,pour les Isles françoises de l'Amérique,"20,00",livres,"0,50000",0,-10,
281,Cyril CANET,AD44_C 717,Local/Rennes/Rennes – Sorties – 1766.csv,Local,Exports,10,1766,chandelle,Rennes,pour les Isles françoises de l'Amérique,"200,00",livres,"0,50000",0,-100,
282,Cyril CANET,AD44_C 717,Local/Rennes/Rennes – Sorties – 1766.csv,Local,Exports,10,1766,chapeaux castor,Rennes,pour les Isles françoises de l'Amérique,"26,00",en nombre,"20,00000",0,-520,
283,Cyril CANET,AD44_C 717,Local/Rennes/Rennes – Sorties – 1766.csv,Local,Exports,10,1766,chapeaux bordés d'or et argent,Rennes,pour les Isles françoises de l'Amérique,,,"0,00000",450,450,valeur de 450 L cy
284,Cyril CANET,AD44_C 717,Local/Rennes/Rennes – Sorties – 1766.csv,Local,Exports,10,1766,chapeaux communs,Rennes,pour les Isles françoises de l'Amérique,"102,00",en nombre,"3,50000",0,-357,
285,Cyril CANET,AD44_C 717,Local/Rennes/Rennes – Sorties – 1766.csv,Local,Exports,11,1766,chaussettes de fil,Rennes,pour les Isles françoises de l'Amérique,"100,00",paires,"2,00000",0,-200,
286,Cyril CANET,AD44_C 717,Local/Rennes/Rennes – Sorties – 1766.csv,Local,Exports,11,1766,chemises garnies,Rennes,pour les Isles françoises de l'Amérique,"200,00",en nombre,"10,00000",0,-2000,
287,Cyril CANET,AD44_C 717,Local/Rennes/Rennes – Sorties – 1766.csv,Local,Exports,11,1766,chemises bretonnes,Rennes,pour les Isles françoises de l'Amérique,"1 654,00",en nombre,"3,75000",0,"-6202,5",
288,Cyril CANET,AD44_C 717,Local/Rennes/Rennes – Sorties – 1766.csv,Local,Exports,11,1766,chemises bretonnes,Rennes,pour les Isles françoises de l'Amérique,,,"0,00000",675,675,valeur de 675 L cy
289,Cyril CANET,AD44_C 717,Local/Rennes/Rennes – Sorties – 1766.csv,Local,Exports,11,1766,chemises unies,Rennes,pour les Isles françoises de l'Amérique,"1 750,00",en nombre,"5,00000",0,-8750,
290,Cyril CANET,AD44_C 717,Local/Rennes/Rennes – Sorties – 1766.csv,Local,Exports,11,1766,cidre,Rennes,pour les Isles françoises de l'Amérique,"15,00",bariques,"20,00000",0,-300,
291,Cyril CANET,AD44_C 717,Local/Rennes/Rennes – Sorties – 1766.csv,Local,Exports,11,1766,cidre,Rennes,pour les Isles françoises de l'Amérique,"460,00",barbots,"2,00000",0,-920,
292,Cyril CANET,AD44_C 717,Local/Rennes/Rennes – Sorties – 1766.csv,Local,Exports,11,1766,clous de fer,Rennes,pour les Isles françoises de l'Amérique,"3 857,00",livres,"0,25000",0,"-964,25",
293,Cyril CANET,AD44_C 717,Local/Rennes/Rennes – Sorties – 1766.csv,Local,Exports,11,1766,confitures,Rennes,pour les Isles françoises de l'Amérique,"30,00",livres,"0,55000",0,"-16,5",
294,Cyril CANET,AD44_C 717,Local/Rennes/Rennes – Sorties – 1766.csv,Local,Exports,11,1766,cornichons,Rennes,pour les Isles françoises de l'Amérique,"12,00",flacons,"1,00000",0,-12,
295,Cyril CANET,AD44_C 717,Local/Rennes/Rennes – Sorties – 1766.csv,Local,Exports,11,1766,coutils,Rennes,pour les Isles françoises de l'Amérique,"72,00",aulnes,"1,30000",0,"-93,6",
296,Cyril CANET,AD44_C 717,Local/Rennes/Rennes – Sorties – 1766.csv,Local,Exports,11,1766,cristaux,Rennes,pour les Isles françoises de l'Amérique,"15,00",livres,"1,00000",0,-15,
297,Cyril CANET,AD44_C 717,Local/Rennes/Rennes – Sorties – 1766.csv,Local,Exports,11,1766,cuisses d'oyes,Rennes,pour les Isles françoises de l'Amérique,"17,00",douzaines,"6,00000",0,-102,
298,Cyril CANET,AD44_C 717,Local/Rennes/Rennes – Sorties – 1766.csv,Local,Exports,11,1766,cuivre en batterie,Rennes,pour les Isles françoises de l'Amérique,"800,00",livres,"1,60000",0,-1280,
299,Cyril CANET,AD44_C 717,Local/Rennes/Rennes – Sorties – 1766.csv,Local,Exports,11,1766,cuivre ouvré,Rennes,pour les Isles françoises de l'Amérique,"1 200,00",livres,"1,70000",0,-2040,
300,Cyril CANET,AD44_C 717,Local/Rennes/Rennes – Sorties – 1766.csv,Local,Exports,11,1766,cuivre en plateaux de bordure,Rennes,pour les Isles françoises de l'Amérique,"200,00",livres,"1,50000",0,-300,
301,Cyril CANET,AD44_C 717,Local/Rennes/Rennes – Sorties – 1766.csv,Local,Exports,11,1766,eau de senteur,Rennes,pour les Isles françoises de l'Amérique,"175,00",livres,"1,25000",0,"-218,75",
302,Cyril CANET,AD44_C 717,Local/Rennes/Rennes – Sorties – 1766.csv,Local,Exports,11,1766,eau de vie,Rennes,pour les Isles françoises de l'Amérique,"566,00",veltes,"4,00000",0,-2264,
303,Cyril CANET,AD44_C 717,Local/Rennes/Rennes – Sorties – 1766.csv,Local,Exports,11,1766,epicerie,Rennes,pour les Isles françoises de l'Amérique,"22,00",livres,"2,60000",0,"-57,2",
304,Cyril CANET,AD44_C 717,Local/Rennes/Rennes – Sorties – 1766.csv,Local,Exports,11,1766,etamine de laine,Rennes,pour les Isles françoises de l'Amérique,"442,00",aulnes,"3,00000",0,-1326,
305,Cyril CANET,AD44_C 717,Local/Rennes/Rennes – Sorties – 1766.csv,Local,Exports,11,1766,farine,Rennes,pour les Isles françoises de l'Amérique,"146,00",barils,"25,00000",0,-3650,
306,Cyril CANET,AD44_C 717,Local/Rennes/Rennes – Sorties – 1766.csv,Local,Exports,11,1766,farine,Rennes,pour les Isles françoises de l'Amérique,"7 800,00",livres,"0,12500",0,-975,
307,Cyril CANET,AD44_C 717,Local/Rennes/Rennes – Sorties – 1766.csv,Local,Exports,11,1766,ferrements,Rennes,pour les Isles françoises de l'Amérique,"360,00",livres,"0,30000",0,-108,
308,Cyril CANET,AD44_C 717,Local/Rennes/Rennes – Sorties – 1766.csv,Local,Exports,11,1766,filain,Rennes,pour les Isles françoises de l'Amérique,"6 400,00",livres,"0,35000",0,-2240,
309,Cyril CANET,AD44_C 717,Local/Rennes/Rennes – Sorties – 1766.csv,Local,Exports,11,1766,fleurs artificielles,Rennes,pour les Isles françoises de l'Amérique,,,"0,00000",400,400,valeur de 400 L cy
310,Cyril CANET,AD44_C 717,Local/Rennes/Rennes – Sorties – 1766.csv,Local,Exports,11,1766,fromage de gruyère,Rennes,pour les Isles françoises de l'Amérique,"630,00",livres,"0,45000",0,"-283,5",
311,Cyril CANET,AD44_C 717,Local/Rennes/Rennes – Sorties – 1766.csv,Local,Exports,11,1766,fruits à l'eau de vie,Rennes,pour les Isles françoises de l'Amérique,"10,00",pots,"2,00000",0,-20,
312,Cyril CANET,AD44_C 717,Local/Rennes/Rennes – Sorties – 1766.csv,Local,Exports,11,1766,habillement or et argent,Rennes,pour les Isles françoises de l'Amérique,,,"0,00000",400,400,valeur de 400 L
313,Cyril CANET,AD44_C 717,Local/Rennes/Rennes – Sorties – 1766.csv,Local,Exports,11,1766,habillement de soye,Rennes,pour les Isles françoises de l'Amérique,,,"0,00000",150,150,valeur de 150 L
314,Cyril CANET,AD44_C 717,Local/Rennes/Rennes – Sorties – 1766.csv,Local,Exports,11,1766,huile d'olive,Rennes,pour les Isles françoises de l'Amérique,"1 850,00",livres,"0,60000",0,-1110,
315,Cyril CANET,AD44_C 717,Local/Rennes/Rennes – Sorties – 1766.csv,Local,Exports,11,1766,jambon,Rennes,pour les Isles françoises de l'Amérique,"1 700,00",livres,"0,60000",0,-1020,
316,Cyril CANET,AD44_C 717,Local/Rennes/Rennes – Sorties – 1766.csv,Local,Exports,11,1766,langues fourrées,Rennes,pour les Isles françoises de l'Amérique,"9,00",douzaines,"12,00000",0,-108,
317,Cyril CANET,AD44_C 717,Local/Rennes/Rennes – Sorties – 1766.csv,Local,Exports,11,1766,langues salées,Rennes,pour les Isles françoises de l'Amérique,"48,00",en nombre,"15,00000",0,-720,
318,Cyril CANET,AD44_C 717,Local/Rennes/Rennes – Sorties – 1766.csv,Local,Exports,11,1766,lard,Rennes,pour les Isles françoises de l'Amérique,"2 690,00",livres,"0,20000",0,-538,
319,Cyril CANET,AD44_C 717,Local/Rennes/Rennes – Sorties – 1766.csv,Local,Exports,11,1766,lentilles,Rennes,pour les Isles françoises de l'Amérique,"60,00",livres,"0,07500",0,"-4,5",
320,Cyril CANET,AD44_C 717,Local/Rennes/Rennes – Sorties – 1766.csv,Local,Exports,12,1766,lingerie de lin,Rennes,pour les Isles françoises de l'Amérique,"6 840,00",livres,"3,00000",0,-20520,
321,Cyril CANET,AD44_C 717,Local/Rennes/Rennes – Sorties – 1766.csv,Local,Exports,12,1766,livres d'imprimerie,Rennes,pour les Isles françoises de l'Amérique,"800,00",livres,"2,00000",0,-1600,
322,Cyril CANET,AD44_C 717,Local/Rennes/Rennes – Sorties – 1766.csv,Local,Exports,12,1766,marchandises meslées,Rennes,pour les Isles françoises de l'Amérique,,,"0,00000",15461,15461,valeur de 15461 L cy
323,Cyril CANET,AD44_C 717,Local/Rennes/Rennes – Sorties – 1766.csv,Local,Exports,12,1766,matelats,Rennes,pour les Isles françoises de l'Amérique,"1,00",balle,"24,00000",0,-24,
324,Cyril CANET,AD44_C 717,Local/Rennes/Rennes – Sorties – 1766.csv,Local,Exports,12,1766,matelats,Rennes,pour les Isles françoises de l'Amérique,"1 005,00",livres,"0,50000",0,"-502,5",
325,Cyril CANET,AD44_C 717,Local/Rennes/Rennes – Sorties – 1766.csv,Local,Exports,12,1766,mercerie,Rennes,pour les Isles françoises de l'Amérique,"600,00",livres,"2,00000",0,-1200,
326,Cyril CANET,AD44_C 717,Local/Rennes/Rennes – Sorties – 1766.csv,Local,Exports,12,1766,noisettes,Rennes,pour les Isles françoises de l'Amérique,"133,00",livres,"0,10000",0,"-13,3",
327,Cyril CANET,AD44_C 717,Local/Rennes/Rennes – Sorties – 1766.csv,Local,Exports,12,1766,olives,Rennes,pour les Isles françoises de l'Amérique,"8,50",petits barils,"6,00000",0,-51,
328,Cyril CANET,AD44_C 717,Local/Rennes/Rennes – Sorties – 1766.csv,Local,Exports,12,1766,pendule de cuivre doré,Rennes,pour les Isles françoises de l'Amérique,"1,00",en nombre,"120,00000",0,-120,
329,Cyril CANET,AD44_C 717,Local/Rennes/Rennes – Sorties – 1766.csv,Local,Exports,12,1766,pierres de St Cast,Rennes,pour les Isles françoises de l'Amérique,"2 942,00",pieds,"0,75000",0,"-2206,5",
330,Cyril CANET,AD44_C 717,Local/Rennes/Rennes – Sorties – 1766.csv,Local,Exports,12,1766,plomb,Rennes,pour les Isles françoises de l'Amérique,"168,00",livres,"0,25000",0,-42,
331,Cyril CANET,AD44_C 717,Local/Rennes/Rennes – Sorties – 1766.csv,Local,Exports,12,1766,pois,Rennes,pour les Isles françoises de l'Amérique,"100,00",boisseaux,"1,50000",0,-150,
332,Cyril CANET,AD44_C 717,Local/Rennes/Rennes – Sorties – 1766.csv,Local,Exports,12,1766,porcelaine,Rennes,pour les Isles françoises de l'Amérique,"510,00",livres,"5,00000",0,-2550,
333,Cyril CANET,AD44_C 717,Local/Rennes/Rennes – Sorties – 1766.csv,Local,Exports,12,1766,pruneaux,Rennes,pour les Isles françoises de l'Amérique,"500,00",livres,"0,10000",0,-50,
334,Cyril CANET,AD44_C 717,Local/Rennes/Rennes – Sorties – 1766.csv,Local,Exports,12,1766,raisin,Rennes,pour les Isles françoises de l'Amérique,"400,00",livres,"0,15000",0,-60,
335,Cyril CANET,AD44_C 717,Local/Rennes/Rennes – Sorties – 1766.csv,Local,Exports,12,1766,riz,Rennes,pour les Isles françoises de l'Amérique,"100,00",livres,"0,20000",0,-20,
336,Cyril CANET,AD44_C 717,Local/Rennes/Rennes – Sorties – 1766.csv,Local,Exports,12,1766,sarazin,Rennes,pour les Isles françoises de l'Amérique,"11,00",boisseaux,"0,50000",0,"-5,5",
337,Cyril CANET,AD44_C 717,Local/Rennes/Rennes – Sorties – 1766.csv,Local,Exports,12,1766,savon,Rennes,pour les Isles françoises de l'Amérique,"100,00",livres,"0,40000",0,-40,
338,Cyril CANET,AD44_C 717,Local/Rennes/Rennes – Sorties – 1766.csv,Local,Exports,12,1766,savon,Rennes,pour les Isles françoises de l'Amérique,"0,50",caisse,"32,00000",0,-16,
339,Cyril CANET,AD44_C 717,Local/Rennes/Rennes – Sorties – 1766.csv,Local,Exports,12,1766,saumon salé,Rennes,pour les Isles françoises de l'Amérique,"2,00",barils,"11,00000",0,-22,
340,Cyril CANET,AD44_C 717,Local/Rennes/Rennes – Sorties – 1766.csv,Local,Exports,12,1766,sel,Rennes,pour les Isles françoises de l'Amérique,"4 714,00",tonneaux,"32,00000",0,-150848,
341,Cyril CANET,AD44_C 717,Local/Rennes/Rennes – Sorties – 1766.csv,Local,Exports,12,1766,selles de cheval,Rennes,pour les Isles françoises de l'Amérique,"6,00",en nombre,"28,00000",0,-168,
342,Cyril CANET,AD44_C 717,Local/Rennes/Rennes – Sorties – 1766.csv,Local,Exports,12,1766,siamoise,Rennes,pour les Isles françoises de l'Amérique,"1 000,00",aulnes,"2,00000",0,-2000,
343,Cyril CANET,AD44_C 717,Local/Rennes/Rennes – Sorties – 1766.csv,Local,Exports,12,1766,toile de Bretagne,Rennes,pour les Isles françoises de l'Amérique,"11 000,00",aulnes,"1,50000",0,-16500,
344,Cyril CANET,AD44_C 717,Local/Rennes/Rennes – Sorties – 1766.csv,Local,Exports,12,1766,toile de Bretagne de Combourg,Rennes,pour les Isles françoises de l'Amérique,"7 519,00",aulnes,"0,95000",0,"-7143,05",
345,Cyril CANET,AD44_C 717,Local/Rennes/Rennes – Sorties – 1766.csv,Local,Exports,12,1766,toile de Bretagne crée large,Rennes,pour les Isles françoises de l'Amérique,"20,00",pieces,"26,00000",0,-520,
346,Cyril CANET,AD44_C 717,Local/Rennes/Rennes – Sorties – 1766.csv,Local,Exports,12,1766,toile de Bretagne etroite,Rennes,pour les Isles françoises de l'Amérique,"27 245,00",aulnes,"1,00000",0,-27245,
347,Cyril CANET,AD44_C 717,Local/Rennes/Rennes – Sorties – 1766.csv,Local,Exports,12,1766,toile de Bretagne gracienne,Rennes,pour les Isles françoises de l'Amérique,"72,00",pieces,"24,00000",0,-1728,
348,Cyril CANET,AD44_C 717,Local/Rennes/Rennes – Sorties – 1766.csv,Local,Exports,12,1766,toile de Bretagne de halle,Rennes,pour les Isles françoises de l'Amérique,"5 450,00",pieces,"78,00000",0,-425100,
349,Cyril CANET,AD44_C 717,Local/Rennes/Rennes – Sorties – 1766.csv,Local,Exports,12,1766,toile de Bretagne de haut brin,Rennes,pour les Isles françoises de l'Amérique,"551,00",aulnes,"3,50000",0,"-1928,5",
350,Cyril CANET,AD44_C 717,Local/Rennes/Rennes – Sorties – 1766.csv,Local,Exports,12,1766,toile de Bretagne large,Rennes,pour les Isles françoises de l'Amérique,"158,00",aulnes,"2,00000",0,-316,
351,Cyril CANET,AD44_C 717,Local/Rennes/Rennes – Sorties – 1766.csv,Local,Exports,12,1766,toile de Bretagne de Montagne,Rennes,pour les Isles françoises de l'Amérique,"2 859,00",aulnes,"1,05000",0,"-3001,95",
352,Cyril CANET,AD44_C 717,Local/Rennes/Rennes – Sorties – 1766.csv,Local,Exports,12,1766,toile de Bretagne de 4 fils,Rennes,pour les Isles françoises de l'Amérique,"4 289,00",aulnes,"1,00000",0,-4289,À 19 S              20
353,Cyril CANET,AD44_C 717,Local/Rennes/Rennes – Sorties – 1766.csv,Local,Exports,12,1766,toile de Bretagne reforme,Rennes,pour les Isles françoises de l'Amérique,"1 302,00",aulnes,"0,90000",0,"-1171,8",marchandise incertaine
354,Cyril CANET,AD44_C 717,Local/Rennes/Rennes – Sorties – 1766.csv,Local,Exports,12,1766,toile de Bretagne rondelette,Rennes,pour les Isles françoises de l'Amérique,"3 003,00",aulnes,"0,67500",0,"-2027,03",
355,Cyril CANET,AD44_C 717,Local/Rennes/Rennes – Sorties – 1766.csv,Local,Exports,12,1766,toile de Bretagne Rosconne,Rennes,pour les Isles françoises de l'Amérique,"168,00",pieces,"18,00000",0,-3024,
356,Cyril CANET,AD44_C 717,Local/Rennes/Rennes – Sorties – 1766.csv,Local,Exports,12,1766,toile de Bretagne serpillère,Rennes,pour les Isles françoises de l'Amérique,"100,00",aulnes,"0,40000",0,-40,
357,Cyril CANET,AD44_C 717,Local/Rennes/Rennes – Sorties – 1766.csv,Local,Exports,13,1766,truffes,Rennes,pour les Isles françoises de l'Amérique,"14,00",livres,"2,25000",0,"-31,5",À 40 S           45 S
358,Cyril CANET,AD44_C 717,Local/Rennes/Rennes – Sorties – 1766.csv,Local,Exports,13,1766,vermichel,Rennes,pour les Isles françoises de l'Amérique,"50,00",livres,"1,50000",0,-75,
359,Cyril CANET,AD44_C 717,Local/Rennes/Rennes – Sorties – 1766.csv,Local,Exports,13,1766,vin d'Aubagne,Rennes,pour les Isles françoises de l'Amérique,"23,00",bariques,"50,00000",0,-1150,
360,Cyril CANET,AD44_C 717,Local/Rennes/Rennes – Sorties – 1766.csv,Local,Exports,13,1766,vin de Bordeaux,Rennes,pour les Isles françoises de l'Amérique,"6,00",bariques,"100,00000",0,-600,
361,Cyril CANET,AD44_C 717,Local/Rennes/Rennes – Sorties – 1766.csv,Local,Exports,13,1766,vin de Bordeaux,Rennes,pour les Isles françoises de l'Amérique,"2,00",tiercons,"67,00000",0,-134,
362,Cyril CANET,AD44_C 717,Local/Rennes/Rennes – Sorties – 1766.csv,Local,Exports,13,1766,vin de ville,Rennes,pour les Isles françoises de l'Amérique,"58,00",tonneaux,"400,00000",0,-23200,
363,Cyril CANET,AD44_C 717,Local/Rennes/Rennes – Sorties – 1766.csv,Local,Exports,13,1766,vin de ville,Rennes,pour les Isles françoises de l'Amérique,"4,00",bariques,"100,00000",0,-400,
364,Cyril CANET,AD44_C 717,Local/Rennes/Rennes – Sorties – 1766.csv,Local,Exports,13,1766,vin de ville,Rennes,pour les Isles françoises de l'Amérique,"20,00",pots,"1,00000",0,-20,
365,Cyril CANET,AD44_C 717,Local/Rennes/Rennes – Sorties – 1766.csv,Local,Exports,13,1766,vin de Languedoc,Rennes,pour les Isles françoises de l'Amérique,13,bariques,"70,00000",0,-910,
366,Cyril CANET,AD44_C 717,Local/Rennes/Rennes – Sorties – 1766.csv,Local,Exports,13,1766,vin de Champagne,Rennes,pour les Isles françoises de l'Amérique,"1 400,00",bouteilles,"2,00000",0,-2800,
367,Cyril CANET,AD44_C 717,Local/Rennes/Rennes – Sorties – 1766.csv,Local,Exports,13,1766,vinaigre,Rennes,pour les Isles françoises de l'Amérique,"8,00",quarts,"13,00000",0,-104,
368,Cyril CANET,AD44_C 717,Local/Rennes/Rennes – Sorties – 1766.csv,Local,Exports,13,1766,vinaigre,Rennes,pour les Isles françoises de l'Amérique,"40,00",pots,"0,20000",0,-8,
