numrodeligne,dataentryby,source,sourcepath,sourcetype,year,exportsimports,direction,sheet,marchandises,pays,value,quantit,origine,quantity_unit,remarks,Double compte,Leurvaleursubtotal_1
1,Cyril Mouton,ANOM Col F 2B 14 (tableau 21),Colonies/1789 - Dunkerque - Exports colonies.csv,Colonies,1789,Exports,Dunkerque,50,Amandes,St Domingue,100,,Guyenne,,Pas de quantité indiquée,0,280
2,Cyril Mouton,ANOM Col F 2B 14 (tableau 21),Colonies/1789 - Dunkerque - Exports colonies.csv,Colonies,1789,Exports,Dunkerque,50,Amandes,Tabago,180,300,Guyenne,livres,,0,280
3,Cyril Mouton,ANOM Col F 2B 14 (tableau 21),Colonies/1789 - Dunkerque - Exports colonies.csv,Colonies,1789,Exports,Dunkerque,50,Alembics,Tabago,600,1,Flandres,en nombre,,0,
4,Cyril Mouton,ANOM Col F 2B 14 (tableau 21),Colonies/1789 - Dunkerque - Exports colonies.csv,Colonies,1789,Exports,Dunkerque,50,Amidon,Tabago,105,350,Flandres,livres,,0,
5,Cyril Mouton,ANOM Col F 2B 14 (tableau 21),Colonies/1789 - Dunkerque - Exports colonies.csv,Colonies,1789,Exports,Dunkerque,50,Ardoises,La Martinique,180,6000,Étranger,en nombre,,0,
6,Cyril Mouton,ANOM Col F 2B 14 (tableau 21),Colonies/1789 - Dunkerque - Exports colonies.csv,Colonies,1789,Exports,Dunkerque,50,Ardoises,Tabago,1300,40000,Étranger,en nombre,,0,
7,Cyril Mouton,ANOM Col F 2B 14 (tableau 21),Colonies/1789 - Dunkerque - Exports colonies.csv,Colonies,1789,Exports,Dunkerque,50,Ardoises,La Martinique,2100,70000,Flandres,en nombre,,0,
8,Cyril Mouton,ANOM Col F 2B 14 (tableau 21),Colonies/1789 - Dunkerque - Exports colonies.csv,Colonies,1789,Exports,Dunkerque,50,Beurre,La Martinique,1087,1450,Flandres,livres,,0,3082
9,Cyril Mouton,ANOM Col F 2B 14 (tableau 21),Colonies/1789 - Dunkerque - Exports colonies.csv,Colonies,1789,Exports,Dunkerque,50,Beurre,Tabago,1995,2660,Flandres,livres,,0,3082
10,Cyril Mouton,ANOM Col F 2B 14 (tableau 21),Colonies/1789 - Dunkerque - Exports colonies.csv,Colonies,1789,Exports,Dunkerque,50,Beurre,St Domingue,1056,1320,Étranger,livres,,0,74480
11,Cyril Mouton,ANOM Col F 2B 14 (tableau 21),Colonies/1789 - Dunkerque - Exports colonies.csv,Colonies,1789,Exports,Dunkerque,50,Beurre,La Martinique,64304,80380,Étranger,livres,,0,74480
12,Cyril Mouton,ANOM Col F 2B 14 (tableau 21),Colonies/1789 - Dunkerque - Exports colonies.csv,Colonies,1789,Exports,Dunkerque,50,Beurre,Tabago,9120,11400,Étranger,livres,,0,74480
13,Cyril Mouton,ANOM Col F 2B 14 (tableau 21),Colonies/1789 - Dunkerque - Exports colonies.csv,Colonies,1789,Exports,Dunkerque,50,Bierre,St Domingue,3468,204,Flandres,tonneaux,,0,12452
14,Cyril Mouton,ANOM Col F 2B 14 (tableau 21),Colonies/1789 - Dunkerque - Exports colonies.csv,Colonies,1789,Exports,Dunkerque,50,Bierre,La Martinique,7692,"452,5",Flandres,tonneaux,,0,12452
15,Cyril Mouton,ANOM Col F 2B 14 (tableau 21),Colonies/1789 - Dunkerque - Exports colonies.csv,Colonies,1789,Exports,Dunkerque,50,Bierre,Tabago,1292,76,Flandres,tonneaux,,0,12452
16,Cyril Mouton,ANOM Col F 2B 14 (tableau 21),Colonies/1789 - Dunkerque - Exports colonies.csv,Colonies,1789,Exports,Dunkerque,50,Bierre,Tabago,408,5,Étranger,tonneaux,,1,
17,Cyril Mouton,ANOM Col F 2B 14 (tableau 21),Colonies/1789 - Dunkerque - Exports colonies.csv,Colonies,1789,Exports,Dunkerque,50,Bierre,Tabago,408,340,Étranger,pintes,,2,
18,Cyril Mouton,ANOM Col F 2B 14 (tableau 21),Colonies/1789 - Dunkerque - Exports colonies.csv,Colonies,1789,Exports,Dunkerque,50,Biscuit de mer,La Martinique,5220,34800,Flandres,livres,,0,5970
19,Cyril Mouton,ANOM Col F 2B 14 (tableau 21),Colonies/1789 - Dunkerque - Exports colonies.csv,Colonies,1789,Exports,Dunkerque,50,Biscuit de mer,Tabago,750,5000,Flandres,livres,,0,5970
20,Cyril Mouton,ANOM Col F 2B 14 (tableau 21),Colonies/1789 - Dunkerque - Exports colonies.csv,Colonies,1789,Exports,Dunkerque,50,Biscuit de mer,La Martinique,2422,16150,Flandres,livres,,0,2607
21,Cyril Mouton,ANOM Col F 2B 14 (tableau 21),Colonies/1789 - Dunkerque - Exports colonies.csv,Colonies,1789,Exports,Dunkerque,50,Biscuit de mer,Tabago,185,1900,Flandres,livres,,0,2607
22,Cyril Mouton,ANOM Col F 2B 14 (tableau 21),Colonies/1789 - Dunkerque - Exports colonies.csv,Colonies,1789,Exports,Dunkerque,50,Bijouterie,La Guadeloupe,1200,,Isle de France,,Pas de quantité indiquée,0,
23,Cyril Mouton,ANOM Col F 2B 14 (tableau 21),Colonies/1789 - Dunkerque - Exports colonies.csv,Colonies,1789,Exports,Dunkerque,50,Bois en cercles,St Domingue,800,3800,Flandres,en nombre,,0,
24,Cyril Mouton,ANOM Col F 2B 14 (tableau 21),Colonies/1789 - Dunkerque - Exports colonies.csv,Colonies,1789,Exports,Dunkerque,50,Bois en cercles,Tabago,1200,20000,Flandres,en nombre,,0,
25,Cyril Mouton,ANOM Col F 2B 14 (tableau 21),Colonies/1789 - Dunkerque - Exports colonies.csv,Colonies,1789,Exports,Dunkerque,50,Bois en cercles,La Martinique,1220,5400,Normandie,en nombre,,0,
26,Cyril Mouton,ANOM Col F 2B 14 (tableau 21),Colonies/1789 - Dunkerque - Exports colonies.csv,Colonies,1789,Exports,Dunkerque,50,Bois en planches de sapin,St Domingue,330,300,Étranger,en nombre,,0,1310
27,Cyril Mouton,ANOM Col F 2B 14 (tableau 21),Colonies/1789 - Dunkerque - Exports colonies.csv,Colonies,1789,Exports,Dunkerque,50,Bois en planches de sapin,La Martinique,980,1700,Étranger,en nombre,,0,1310
28,Cyril Mouton,ANOM Col F 2B 14 (tableau 21),Colonies/1789 - Dunkerque - Exports colonies.csv,Colonies,1789,Exports,Dunkerque,50,Bois d'ozier,St Domingue,800,16000,Flandres,en nombre,,0,
29,Cyril Mouton,ANOM Col F 2B 14 (tableau 21),Colonies/1789 - Dunkerque - Exports colonies.csv,Colonies,1789,Exports,Dunkerque,50,Bonneterie de coton en bas,La Martinique,660,103,Flandres,paires,,1,
30,Cyril Mouton,ANOM Col F 2B 14 (tableau 21),Colonies/1789 - Dunkerque - Exports colonies.csv,Colonies,1789,Exports,Dunkerque,50,Bonneterie de coton en bas,La Martinique,660,30,Flandres,livres,,2,
31,Cyril Mouton,ANOM Col F 2B 14 (tableau 21),Colonies/1789 - Dunkerque - Exports colonies.csv,Colonies,1789,Exports,Dunkerque,50,Bonneteterie de fil en bas,La Martinique,288,8,Flandres,douzaines,,0,684
32,Cyril Mouton,ANOM Col F 2B 14 (tableau 21),Colonies/1789 - Dunkerque - Exports colonies.csv,Colonies,1789,Exports,Dunkerque,50,Bonneteterie de fil en bas,La Guadeloupe,396,11,Flandres,douzaines,,0,684
33,Cyril Mouton,ANOM Col F 2B 14 (tableau 21),Colonies/1789 - Dunkerque - Exports colonies.csv,Colonies,1789,Exports,Dunkerque,50,Bonneteterie de fil en bas,Tabago,4098,90,Étranger,douzaines,,0,
34,Cyril Mouton,ANOM Col F 2B 14 (tableau 21),Colonies/1789 - Dunkerque - Exports colonies.csv,Colonies,1789,Exports,Dunkerque,50,Bray,Tabago,300,2000,Flandres,livres,,0,
35,Cyril Mouton,ANOM Col F 2B 14 (tableau 21),Colonies/1789 - Dunkerque - Exports colonies.csv,Colonies,1789,Exports,Dunkerque,50,Chairs salées de bœuf,St Domingue,38745,140890,Étranger,livres,,0,169664
36,Cyril Mouton,ANOM Col F 2B 14 (tableau 21),Colonies/1789 - Dunkerque - Exports colonies.csv,Colonies,1789,Exports,Dunkerque,50,Chairs salées de bœuf,La Martinique,85074,309360,Étranger,livres,,0,169664
37,Cyril Mouton,ANOM Col F 2B 14 (tableau 21),Colonies/1789 - Dunkerque - Exports colonies.csv,Colonies,1789,Exports,Dunkerque,50,Chairs salées de bœuf,Tabago,45845,166710,Étranger,livres,,0,169664
38,Cyril Mouton,ANOM Col F 2B 14 (tableau 21),Colonies/1789 - Dunkerque - Exports colonies.csv,Colonies,1789,Exports,Dunkerque,50,Chairs salées de bœuf,La Martinique,2700,9000,Normandie,livres,,0,
39,Cyril Mouton,ANOM Col F 2B 14 (tableau 21),Colonies/1789 - Dunkerque - Exports colonies.csv,Colonies,1789,Exports,Dunkerque,50,Chairs salées de porc en jambon,Tabago,500,1000,Flandres,livres,,0,
40,Cyril Mouton,ANOM Col F 2B 14 (tableau 21),Colonies/1789 - Dunkerque - Exports colonies.csv,Colonies,1789,Exports,Dunkerque,50,Chairs salées de porc en lard,St Domingue,47663,91660,Étranger,livres,,0,92877
41,Cyril Mouton,ANOM Col F 2B 14 (tableau 21),Colonies/1789 - Dunkerque - Exports colonies.csv,Colonies,1789,Exports,Dunkerque,50,Chairs salées de porc en lard,La Martinique,37206,71550,Étranger,livres,,0,92877
42,Cyril Mouton,ANOM Col F 2B 14 (tableau 21),Colonies/1789 - Dunkerque - Exports colonies.csv,Colonies,1789,Exports,Dunkerque,50,Chairs salées de porc en lard,Tabago,8008,15400,Étranger,livres,,0,92877
43,Cyril Mouton,ANOM Col F 2B 14 (tableau 21),Colonies/1789 - Dunkerque - Exports colonies.csv,Colonies,1789,Exports,Dunkerque,50,Chairs salées de porc en lard,La Martinique,5238,8730,Normandie,livres,,0,
44,Cyril Mouton,ANOM Col F 2B 14 (tableau 21),Colonies/1789 - Dunkerque - Exports colonies.csv,Colonies,1789,Exports,Dunkerque,50,Chairs salées de porc en langues,Tabago,1172,2150,Étranger,livres,,0,
45,Cyril Mouton,ANOM Col F 2B 14 (tableau 21),Colonies/1789 - Dunkerque - Exports colonies.csv,Colonies,1789,Exports,Dunkerque,50,Chairs salées de porc en tripes,Tabago,434,820,Étranger,livres,,0,
46,Cyril Mouton,ANOM Col F 2B 14 (tableau 21),Colonies/1789 - Dunkerque - Exports colonies.csv,Colonies,1789,Exports,Dunkerque,50,Chapeaux de feutre,Tabago,5700,228,Normandie,douzaines,,0,
47,Cyril Mouton,ANOM Col F 2B 14 (tableau 21),Colonies/1789 - Dunkerque - Exports colonies.csv,Colonies,1789,Exports,Dunkerque,50,Chapeaux de feutre,La Martinique,1600,400,Flandres,en nombre,,0,
48,Cyril Mouton,ANOM Col F 2B 14 (tableau 21),Colonies/1789 - Dunkerque - Exports colonies.csv,Colonies,1789,Exports,Dunkerque,50,Chapeaux pour nègres,St Domingue,720,240,Normandie,en nombre,,0,
49,Cyril Mouton,ANOM Col F 2B 14 (tableau 21),Colonies/1789 - Dunkerque - Exports colonies.csv,Colonies,1789,Exports,Dunkerque,50,Chapeaux de castor,St Domingue,2800,315,Isle de France,en nombre,,0,
50,Cyril Mouton,ANOM Col F 2B 14 (tableau 21),Colonies/1789 - Dunkerque - Exports colonies.csv,Colonies,1789,Exports,Dunkerque,50,chapeaux poil et laine,Tabago,202,45,Flandres,en nombre,,0,
51,Cyril Mouton,ANOM Col F 2B 14 (tableau 21),Colonies/1789 - Dunkerque - Exports colonies.csv,Colonies,1789,Exports,Dunkerque,50,Charbon de terre,La Martinique,150,25,,razières,,0,
52,Cyril Mouton,ANOM Col F 2B 14 (tableau 21),Colonies/1789 - Dunkerque - Exports colonies.csv,Colonies,1789,Exports,Dunkerque,50,Charbon de terre,Sénégal et Guinée,150,25,,razières,,0,
53,Cyril Mouton,ANOM Col F 2B 14 (tableau 21),Colonies/1789 - Dunkerque - Exports colonies.csv,Colonies,1789,Exports,Dunkerque,50,Charbon de terre,St Domingue,360,18000,Étranger,livres,,0,1044
54,Cyril Mouton,ANOM Col F 2B 14 (tableau 21),Colonies/1789 - Dunkerque - Exports colonies.csv,Colonies,1789,Exports,Dunkerque,50,Charbon de terre,La Martinique,684,114,Étranger,razières,,0,
55,Cyril Mouton,ANOM Col F 2B 14 (tableau 21),Colonies/1789 - Dunkerque - Exports colonies.csv,Colonies,1789,Exports,Dunkerque,50,Chaux éteinte,Tabago,2080,,Flandres,,,0,
56,Cyril Mouton,ANOM Col F 2B 14 (tableau 21),Colonies/1789 - Dunkerque - Exports colonies.csv,Colonies,1789,Exports,Dunkerque,50,Cire en bougie,Tabago,1500,600,Flandres,livres,,0,
57,Cyril Mouton,ANOM Col F 2B 14 (tableau 21),Colonies/1789 - Dunkerque - Exports colonies.csv,Colonies,1789,Exports,Dunkerque,50,Cordages,Tabago,1650,4900,Flandres,livres,,0,
58,Cyril Mouton,ANOM Col F 2B 14 (tableau 21),Colonies/1789 - Dunkerque - Exports colonies.csv,Colonies,1789,Exports,Dunkerque,50,Cordages,Tabago,1800,1800,Étranger,livres,,0,
59,Cyril Mouton,ANOM Col F 2B 14 (tableau 21),Colonies/1789 - Dunkerque - Exports colonies.csv,Colonies,1789,Exports,Dunkerque,50,Couvertures de laine,La Martinique,3960,396,Étranger,en nombre,,0,
60,Cyril Mouton,ANOM Col F 2B 14 (tableau 21),Colonies/1789 - Dunkerque - Exports colonies.csv,Colonies,1789,Exports,Dunkerque,50,Couvertures de laine,Tabago,12000,1200,Étranger,en nombre,,0,
61,Cyril Mouton,ANOM Col F 2B 14 (tableau 21),Colonies/1789 - Dunkerque - Exports colonies.csv,Colonies,1789,Exports,Dunkerque,50,Cuivre ouvré,Tabago,9292,6480,Étranger,livres,,0,
62,Cyril Mouton,ANOM Col F 2B 14 (tableau 21),Colonies/1789 - Dunkerque - Exports colonies.csv,Colonies,1789,Exports,Dunkerque,51,Dentelle de fil blanc,St Domingue,500,"0,5",Flandres,livres,,0,
63,Cyril Mouton,ANOM Col F 2B 14 (tableau 21),Colonies/1789 - Dunkerque - Exports colonies.csv,Colonies,1789,Exports,Dunkerque,51,Dentelle de fil blanc,La Martinique,4500,"4,5",Flandres,livres,,0,
64,Cyril Mouton,ANOM Col F 2B 14 (tableau 21),Colonies/1789 - Dunkerque - Exports colonies.csv,Colonies,1789,Exports,Dunkerque,51,Dentelle de fil blanc,La Guadeloupe,1750,"1,75",Flandres,livres,,0,
65,Cyril Mouton,ANOM Col F 2B 14 (tableau 21),Colonies/1789 - Dunkerque - Exports colonies.csv,Colonies,1789,Exports,Dunkerque,51,Dentelle de fil blanc,La Martinique,613,200,Hainault,aunes,,0,
66,Cyril Mouton,ANOM Col F 2B 14 (tableau 21),Colonies/1789 - Dunkerque - Exports colonies.csv,Colonies,1789,Exports,Dunkerque,51,Drap,La Martinique,11201,1985,Champagne,aunes,,0,
67,Cyril Mouton,ANOM Col F 2B 14 (tableau 21),Colonies/1789 - Dunkerque - Exports colonies.csv,Colonies,1789,Exports,Dunkerque,51,Drap,La Martinique,3700,154,Sedan,aunes,,0,
68,Cyril Mouton,ANOM Col F 2B 14 (tableau 21),Colonies/1789 - Dunkerque - Exports colonies.csv,Colonies,1789,Exports,Dunkerque,51,Drogues divers composés,La Martinique,4500,4500,Paris,livres,,0,
69,Cyril Mouton,ANOM Col F 2B 14 (tableau 21),Colonies/1789 - Dunkerque - Exports colonies.csv,Colonies,1789,Exports,Dunkerque,51,Drogues divers composés,Tabago,112,450,Étranger,livres,,0,
70,Cyril Mouton,ANOM Col F 2B 14 (tableau 21),Colonies/1789 - Dunkerque - Exports colonies.csv,Colonies,1789,Exports,Dunkerque,51,Drogues médicinales divers,Tabago,1150,800,Étranger,livres,,0,
71,Cyril Mouton,ANOM Col F 2B 14 (tableau 21),Colonies/1789 - Dunkerque - Exports colonies.csv,Colonies,1789,Exports,Dunkerque,51,Drogues médicinales rhubarbe,St Domingue,1110,111,Flandres,livres,,0,
72,Cyril Mouton,ANOM Col F 2B 14 (tableau 21),Colonies/1789 - Dunkerque - Exports colonies.csv,Colonies,1789,Exports,Dunkerque,51,Drogues médicinales rhubarbe,La Martinique,2400,240,Flandres,livres,,0,
73,Cyril Mouton,ANOM Col F 2B 14 (tableau 21),Colonies/1789 - Dunkerque - Exports colonies.csv,Colonies,1789,Exports,Dunkerque,51,Drogues pour peinture et teinture diverses,Tabago,460,1000,Flandres,livres,,0,
74,Cyril Mouton,ANOM Col F 2B 14 (tableau 21),Colonies/1789 - Dunkerque - Exports colonies.csv,Colonies,1789,Exports,Dunkerque,51,Drogues pour peinture et teinture diverses,St Domingue,750,3000,Étranger,livres,,0,
75,Cyril Mouton,ANOM Col F 2B 14 (tableau 21),Colonies/1789 - Dunkerque - Exports colonies.csv,Colonies,1789,Exports,Dunkerque,51,Drogues pour peinture et teinture diverses,Tabago,300,1200,Étranger,livres,,0,
76,Cyril Mouton,ANOM Col F 2B 14 (tableau 21),Colonies/1789 - Dunkerque - Exports colonies.csv,Colonies,1789,Exports,Dunkerque,51,Drogues pour peinture ceruse,St Domingue,950,3300,Étranger,livres,,0,
77,Cyril Mouton,ANOM Col F 2B 14 (tableau 21),Colonies/1789 - Dunkerque - Exports colonies.csv,Colonies,1789,Exports,Dunkerque,51,drogues pour peinture ocre rouge,St Domingue,100,250,Étranger,livres,,0,
78,Cyril Mouton,ANOM Col F 2B 14 (tableau 21),Colonies/1789 - Dunkerque - Exports colonies.csv,Colonies,1789,Exports,Dunkerque,51,Etoffes diverses,Tabago,250,,Étranger,,Pas de quantité indiquée,0,
79,Cyril Mouton,ANOM Col F 2B 14 (tableau 21),Colonies/1789 - Dunkerque - Exports colonies.csv,Colonies,1789,Exports,Dunkerque,51,Etoffes de laine pour nègres,Tabago,34020,18410,Étranger,livres,,0,
80,Cyril Mouton,ANOM Col F 2B 14 (tableau 21),Colonies/1789 - Dunkerque - Exports colonies.csv,Colonies,1789,Exports,Dunkerque,51,Etoffes de laine burat,La Martinique,200,100,Picardie,aunes,,0,
81,Cyril Mouton,ANOM Col F 2B 14 (tableau 21),Colonies/1789 - Dunkerque - Exports colonies.csv,Colonies,1789,Exports,Dunkerque,51,Etoffes de laine étamine,La Martinique,14780,4592,Champagne,aunes,,0,19765
82,Cyril Mouton,ANOM Col F 2B 14 (tableau 21),Colonies/1789 - Dunkerque - Exports colonies.csv,Colonies,1789,Exports,Dunkerque,51,Etoffes de laine étamine,La Guadeloupe,4985,1559,Champagne,aunes,,0,19765
83,Cyril Mouton,ANOM Col F 2B 14 (tableau 21),Colonies/1789 - Dunkerque - Exports colonies.csv,Colonies,1789,Exports,Dunkerque,51,Etoffes de laine flanelle,La Guadeloupe,335,59,Champagne,aunes,,0,
84,Cyril Mouton,ANOM Col F 2B 14 (tableau 21),Colonies/1789 - Dunkerque - Exports colonies.csv,Colonies,1789,Exports,Dunkerque,51,Etoffes de laine maroc,La Guadeloupe,983,612,Champagne,aunes,,0,
85,Cyril Mouton,ANOM Col F 2B 14 (tableau 21),Colonies/1789 - Dunkerque - Exports colonies.csv,Colonies,1789,Exports,Dunkerque,51,Etoffes de laine prunelle buratée,La Guadeloupe,900,392,Picardie,aunes,,0,
86,Cyril Mouton,ANOM Col F 2B 14 (tableau 21),Colonies/1789 - Dunkerque - Exports colonies.csv,Colonies,1789,Exports,Dunkerque,51,Etoffes de laine velours d'utrecht,St Domingue,600,120,Flandres,aunes,,0,
87,Cyril Mouton,ANOM Col F 2B 14 (tableau 21),Colonies/1789 - Dunkerque - Exports colonies.csv,Colonies,1789,Exports,Dunkerque,51,Etoffes de soye,St Domingue,1500,420,Flandres,aunes,,0,
88,Cyril Mouton,ANOM Col F 2B 14 (tableau 21),Colonies/1789 - Dunkerque - Exports colonies.csv,Colonies,1789,Exports,Dunkerque,51,Eau de vie,Tabago,600,600,Amienois,pintes,,0,
89,Cyril Mouton,ANOM Col F 2B 14 (tableau 21),Colonies/1789 - Dunkerque - Exports colonies.csv,Colonies,1789,Exports,Dunkerque,51,Eau de vie,Tabago,820,820,Saintonge,pintes,,0,
90,Cyril Mouton,ANOM Col F 2B 14 (tableau 21),Colonies/1789 - Dunkerque - Exports colonies.csv,Colonies,1789,Exports,Dunkerque,51,Eau de senteur,La Martinique,700,600,Isle de France,livres,,0,
91,Cyril Mouton,ANOM Col F 2B 14 (tableau 21),Colonies/1789 - Dunkerque - Exports colonies.csv,Colonies,1789,Exports,Dunkerque,51,Farine de froment,St Domingue,132,590,Flandres,livres,,0,
92,Cyril Mouton,ANOM Col F 2B 14 (tableau 21),Colonies/1789 - Dunkerque - Exports colonies.csv,Colonies,1789,Exports,Dunkerque,51,Farine en fleur,Tabago,1080,4800,Étranger,livres,,0,
93,Cyril Mouton,ANOM Col F 2B 14 (tableau 21),Colonies/1789 - Dunkerque - Exports colonies.csv,Colonies,1789,Exports,Dunkerque,51,Farine en fleur,Tabago,2400,12000,Normandie,livres,,0,
94,Cyril Mouton,ANOM Col F 2B 14 (tableau 21),Colonies/1789 - Dunkerque - Exports colonies.csv,Colonies,1789,Exports,Dunkerque,51,Farine en fleur,Tabago,1200,6000,Artois,livres,,0,
95,Cyril Mouton,ANOM Col F 2B 14 (tableau 21),Colonies/1789 - Dunkerque - Exports colonies.csv,Colonies,1789,Exports,Dunkerque,51,Fer ouvré,Tabago,6500,28350,Étranger,livres,,0,
96,Cyril Mouton,ANOM Col F 2B 14 (tableau 21),Colonies/1789 - Dunkerque - Exports colonies.csv,Colonies,1789,Exports,Dunkerque,51,Fer blanc,Tabago,1150,2400,Champagne,livres,,0,
97,Cyril Mouton,ANOM Col F 2B 14 (tableau 21),Colonies/1789 - Dunkerque - Exports colonies.csv,Colonies,1789,Exports,Dunkerque,51,Fer en barre,Tabago,400,2600,Étranger,livres,,0,
98,Cyril Mouton,ANOM Col F 2B 14 (tableau 21),Colonies/1789 - Dunkerque - Exports colonies.csv,Colonies,1789,Exports,Dunkerque,51,Fer plat et carré,St Domingue,400,840,Hainault,livres,,0,1360
99,Cyril Mouton,ANOM Col F 2B 14 (tableau 21),Colonies/1789 - Dunkerque - Exports colonies.csv,Colonies,1789,Exports,Dunkerque,51,Fer plat et carré,Tabago,960,5600,Hainault,livres,,0,1360
100,Cyril Mouton,ANOM Col F 2B 14 (tableau 21),Colonies/1789 - Dunkerque - Exports colonies.csv,Colonies,1789,Exports,Dunkerque,51,Fer plat,St Domingue,3319,16597,Étranger,livres,,0,4729
101,Cyril Mouton,ANOM Col F 2B 14 (tableau 21),Colonies/1789 - Dunkerque - Exports colonies.csv,Colonies,1789,Exports,Dunkerque,51,Fer plat,La Martinique,1410,7051,Étranger,livres,,0,4729
102,Cyril Mouton,ANOM Col F 2B 14 (tableau 21),Colonies/1789 - Dunkerque - Exports colonies.csv,Colonies,1789,Exports,Dunkerque,51,Fer en cercles,Tabago,6300,24900,Flandres,livres,,0,
103,Cyril Mouton,ANOM Col F 2B 14 (tableau 21),Colonies/1789 - Dunkerque - Exports colonies.csv,Colonies,1789,Exports,Dunkerque,51,Fil retord blanc,St Domingue,1920,320,Flandres,livres,,0,9072
104,Cyril Mouton,ANOM Col F 2B 14 (tableau 21),Colonies/1789 - Dunkerque - Exports colonies.csv,Colonies,1789,Exports,Dunkerque,51,Fil retord blanc,La Martinique,5610,935,Flandres,livres,,0,9072
105,Cyril Mouton,ANOM Col F 2B 14 (tableau 21),Colonies/1789 - Dunkerque - Exports colonies.csv,Colonies,1789,Exports,Dunkerque,51,Fil retord blanc,La Guadeloupe,1542,270,Flandres,livres,,0,9072
106,Cyril Mouton,ANOM Col F 2B 14 (tableau 21),Colonies/1789 - Dunkerque - Exports colonies.csv,Colonies,1789,Exports,Dunkerque,51,Fil écru,Tabago,300,100,Étranger,livres,,0,
107,Cyril Mouton,ANOM Col F 2B 14 (tableau 21),Colonies/1789 - Dunkerque - Exports colonies.csv,Colonies,1789,Exports,Dunkerque,51,Fromage,St Domingue,6657,22190,Étranger,livres,,0,7969
108,Cyril Mouton,ANOM Col F 2B 14 (tableau 21),Colonies/1789 - Dunkerque - Exports colonies.csv,Colonies,1789,Exports,Dunkerque,51,Fromage,La Martinique,772,2576,Étranger,livres,,0,7969
109,Cyril Mouton,ANOM Col F 2B 14 (tableau 21),Colonies/1789 - Dunkerque - Exports colonies.csv,Colonies,1789,Exports,Dunkerque,51,Fromage,Tabago,540,1800,Étranger,livres,,0,7969
110,Cyril Mouton,ANOM Col F 2B 14 (tableau 21),Colonies/1789 - Dunkerque - Exports colonies.csv,Colonies,1789,Exports,Dunkerque,51,Fruits confits en confitures,Tabago,300,180,Normandie,livres,,0,
111,Cyril Mouton,ANOM Col F 2B 14 (tableau 21),Colonies/1789 - Dunkerque - Exports colonies.csv,Colonies,1789,Exports,Dunkerque,51,Fruits secs en prunes,Tabago,350,800,Guyenne,livres,,0,
112,Cyril Mouton,ANOM Col F 2B 14 (tableau 21),Colonies/1789 - Dunkerque - Exports colonies.csv,Colonies,1789,Exports,Dunkerque,51,Fruits secs en raisin,Tabago,900,800,Étranger,livres,,0,
113,Cyril Mouton,ANOM Col F 2B 14 (tableau 21),Colonies/1789 - Dunkerque - Exports colonies.csv,Colonies,1789,Exports,Dunkerque,51,Grains comestibles avoine,La Martinique,5351,71350,Flandres,livres,,0,5688
114,Cyril Mouton,ANOM Col F 2B 14 (tableau 21),Colonies/1789 - Dunkerque - Exports colonies.csv,Colonies,1789,Exports,Dunkerque,51,Grains comestibles avoine,Tabago,337,4500,Flandres,livres,,0,5688
115,Cyril Mouton,ANOM Col F 2B 14 (tableau 21),Colonies/1789 - Dunkerque - Exports colonies.csv,Colonies,1789,Exports,Dunkerque,51,Graine de jardin,La Martinique,100,100,Flandres,livres,,0,
116,Cyril Mouton,ANOM Col F 2B 14 (tableau 21),Colonies/1789 - Dunkerque - Exports colonies.csv,Colonies,1789,Exports,Dunkerque,52,Habillements de nègres,Tabago,19250,,Étranger,,Pas de quantité indiquée,0,
117,Cyril Mouton,ANOM Col F 2B 14 (tableau 21),Colonies/1789 - Dunkerque - Exports colonies.csv,Colonies,1789,Exports,Dunkerque,52,Huile de graine,St Domingue,1080,2400,Flandres,livres,,0,10220
118,Cyril Mouton,ANOM Col F 2B 14 (tableau 21),Colonies/1789 - Dunkerque - Exports colonies.csv,Colonies,1789,Exports,Dunkerque,52,Huile de graine,La Martinique,8640,19200,Flandres,livres,,0,10220
119,Cyril Mouton,ANOM Col F 2B 14 (tableau 21),Colonies/1789 - Dunkerque - Exports colonies.csv,Colonies,1789,Exports,Dunkerque,52,Huile de graine,Tabago,500,1000,Flandres,livres,,0,10220
120,Cyril Mouton,ANOM Col F 2B 14 (tableau 21),Colonies/1789 - Dunkerque - Exports colonies.csv,Colonies,1789,Exports,Dunkerque,52,Huile de poisson,St Domingue,800,1600,Flandres,livres,,0,4063
121,Cyril Mouton,ANOM Col F 2B 14 (tableau 21),Colonies/1789 - Dunkerque - Exports colonies.csv,Colonies,1789,Exports,Dunkerque,52,Huile de poisson,Tabago,3263,6527,Flandres,livres,,0,4063
122,Cyril Mouton,ANOM Col F 2B 14 (tableau 21),Colonies/1789 - Dunkerque - Exports colonies.csv,Colonies,1789,Exports,Dunkerque,52,Huile de flandres,St Domingue,1800,1744,Flandres,livres,,0,
123,Cyril Mouton,ANOM Col F 2B 14 (tableau 21),Colonies/1789 - Dunkerque - Exports colonies.csv,Colonies,1789,Exports,Dunkerque,52,Huile d'olive,Tabago,260,260,Marseille,livres,,0,
124,Cyril Mouton,ANOM Col F 2B 14 (tableau 21),Colonies/1789 - Dunkerque - Exports colonies.csv,Colonies,1789,Exports,Dunkerque,52,Légumes haricots,Tabago,860,16000,Flandres,livres,,0,
125,Cyril Mouton,ANOM Col F 2B 14 (tableau 21),Colonies/1789 - Dunkerque - Exports colonies.csv,Colonies,1789,Exports,Dunkerque,52,Légumes pois,Tabago,759,50,Angleterre,razières,,1,
126,Cyril Mouton,ANOM Col F 2B 14 (tableau 21),Colonies/1789 - Dunkerque - Exports colonies.csv,Colonies,1789,Exports,Dunkerque,52,Légumes pois,Tabago,759,1200,Angleterre,livres,,2,
127,Cyril Mouton,ANOM Col F 2B 14 (tableau 21),Colonies/1789 - Dunkerque - Exports colonies.csv,Colonies,1789,Exports,Dunkerque,52,Librairie,La Martinique,300,120,Paris,livres,,0,
128,Cyril Mouton,ANOM Col F 2B 14 (tableau 21),Colonies/1789 - Dunkerque - Exports colonies.csv,Colonies,1789,Exports,Dunkerque,52,Liège en bouchons,Tabago,240,15000,France,en nombre,,0,
129,Cyril Mouton,ANOM Col F 2B 14 (tableau 21),Colonies/1789 - Dunkerque - Exports colonies.csv,Colonies,1789,Exports,Dunkerque,52,Liège en bouchons,Tabago,200,10000,Guyenne,en nombre,,0,
130,Cyril Mouton,ANOM Col F 2B 14 (tableau 21),Colonies/1789 - Dunkerque - Exports colonies.csv,Colonies,1789,Exports,Dunkerque,52,Lingerie en chemises de lin garnies,St Domingue,860,225,Maine,en nombre,,0,
131,Cyril Mouton,ANOM Col F 2B 14 (tableau 21),Colonies/1789 - Dunkerque - Exports colonies.csv,Colonies,1789,Exports,Dunkerque,52,Lingerie en chemises de lin garnies,La Martinique,1700,400,Flandres,en nombre,,0,
132,Cyril Mouton,ANOM Col F 2B 14 (tableau 21),Colonies/1789 - Dunkerque - Exports colonies.csv,Colonies,1789,Exports,Dunkerque,52,Liqueurs,St Domingue,120,24,Guyenne,pintes,,0,
133,Cyril Mouton,ANOM Col F 2B 14 (tableau 21),Colonies/1789 - Dunkerque - Exports colonies.csv,Colonies,1789,Exports,Dunkerque,52,Marchandises à la valeur,St Domingue,199,,,,Pas de quantité indiquée,0,1108
134,Cyril Mouton,ANOM Col F 2B 14 (tableau 21),Colonies/1789 - Dunkerque - Exports colonies.csv,Colonies,1789,Exports,Dunkerque,52,Marchandises à la valeur,La Martinique,330,,,,Pas de quantité indiquée,0,1108
135,Cyril Mouton,ANOM Col F 2B 14 (tableau 21),Colonies/1789 - Dunkerque - Exports colonies.csv,Colonies,1789,Exports,Dunkerque,52,Marchandises à la valeur,Tabago,579,,,,Pas de quantité indiquée,0,1108
136,Cyril Mouton,ANOM Col F 2B 14 (tableau 21),Colonies/1789 - Dunkerque - Exports colonies.csv,Colonies,1789,Exports,Dunkerque,52,Mercerie mêlée,St Domingue,3210,1070,Isle de France,livres,,0,6480
137,Cyril Mouton,ANOM Col F 2B 14 (tableau 21),Colonies/1789 - Dunkerque - Exports colonies.csv,Colonies,1789,Exports,Dunkerque,52,Mercerie mêlée,La Martinique,2970,990,Isle de France,livres,,0,6480
138,Cyril Mouton,ANOM Col F 2B 14 (tableau 21),Colonies/1789 - Dunkerque - Exports colonies.csv,Colonies,1789,Exports,Dunkerque,52,Mercerie mêlée,La Guadeloupe,300,100,Isle de France,livres,,0,6480
139,Cyril Mouton,ANOM Col F 2B 14 (tableau 21),Colonies/1789 - Dunkerque - Exports colonies.csv,Colonies,1789,Exports,Dunkerque,52,Meubles divers,St Domingue,150,,Étranger,,Pas de quantité indiquée,0,2370
140,Cyril Mouton,ANOM Col F 2B 14 (tableau 21),Colonies/1789 - Dunkerque - Exports colonies.csv,Colonies,1789,Exports,Dunkerque,52,Meubles divers,Tabago,2220,3000,Étranger,livres,,0,2370
141,Cyril Mouton,ANOM Col F 2B 14 (tableau 21),Colonies/1789 - Dunkerque - Exports colonies.csv,Colonies,1789,Exports,Dunkerque,52,Meubles divers,St Domingue,1400,1400,Flandres,livres,,0,
142,Cyril Mouton,ANOM Col F 2B 14 (tableau 21),Colonies/1789 - Dunkerque - Exports colonies.csv,Colonies,1789,Exports,Dunkerque,52,Meubles divers,St Domingue,1400,1400,Isle de France,livres,,0,
143,Cyril Mouton,ANOM Col F 2B 14 (tableau 21),Colonies/1789 - Dunkerque - Exports colonies.csv,Colonies,1789,Exports,Dunkerque,52,Meubles en chaises et fauteuils,St Domingue,600,620,Flandres,douzaines,,0,
144,Cyril Mouton,ANOM Col F 2B 14 (tableau 21),Colonies/1789 - Dunkerque - Exports colonies.csv,Colonies,1789,Exports,Dunkerque,52,Meubles en chaises et fauteuils,La Martinique,10570,268,Flandres,douzaines,,0,21140
145,Cyril Mouton,ANOM Col F 2B 14 (tableau 21),Colonies/1789 - Dunkerque - Exports colonies.csv,Colonies,1789,Exports,Dunkerque,52,Meubles en tables,La Martinique,10570,333,Étranger,en nombre,,0,21140
146,Cyril Mouton,ANOM Col F 2B 14 (tableau 21),Colonies/1789 - Dunkerque - Exports colonies.csv,Colonies,1789,Exports,Dunkerque,52,Meubles secrétaire d'acajou,La Guadeloupe,800,,Paris,,Pas de quantité indiquée,0,
147,Cyril Mouton,ANOM Col F 2B 14 (tableau 21),Colonies/1789 - Dunkerque - Exports colonies.csv,Colonies,1789,Exports,Dunkerque,52,Meules à taillandier,St Domingue,292,117,Étranger,en nombre,,0,1411
148,Cyril Mouton,ANOM Col F 2B 14 (tableau 21),Colonies/1789 - Dunkerque - Exports colonies.csv,Colonies,1789,Exports,Dunkerque,52,Meules à taillandier,La Martinique,982,393,Étranger,en nombre,,0,1411
149,Cyril Mouton,ANOM Col F 2B 14 (tableau 21),Colonies/1789 - Dunkerque - Exports colonies.csv,Colonies,1789,Exports,Dunkerque,52,Meules à taillandier,Tabago,137,55,Étranger,en nombre,,0,1411
150,Cyril Mouton,ANOM Col F 2B 14 (tableau 21),Colonies/1789 - Dunkerque - Exports colonies.csv,Colonies,1789,Exports,Dunkerque,52,Outils d'horlogerie,La Martinique,500,,Paris,,,0,
151,Cyril Mouton,ANOM Col F 2B 14 (tableau 21),Colonies/1789 - Dunkerque - Exports colonies.csv,Colonies,1789,Exports,Dunkerque,52,Outils de fer,Tabago,200,,Étranger,,,0,
152,Cyril Mouton,ANOM Col F 2B 14 (tableau 21),Colonies/1789 - Dunkerque - Exports colonies.csv,Colonies,1789,Exports,Dunkerque,52,Outils à sucre,Tabago,2400,,Étranger,,,0,
153,Cyril Mouton,ANOM Col F 2B 14 (tableau 21),Colonies/1789 - Dunkerque - Exports colonies.csv,Colonies,1789,Exports,Dunkerque,52,outils de charpentier,Tabago,3130,,Étranger,,,0,
154,Cyril Mouton,ANOM Col F 2B 14 (tableau 21),Colonies/1789 - Dunkerque - Exports colonies.csv,Colonies,1789,Exports,Dunkerque,52,Orfèvrerie en argenterie,Tabago,450,4,Flandres,livres,,0,
155,Cyril Mouton,ANOM Col F 2B 14 (tableau 21),Colonies/1789 - Dunkerque - Exports colonies.csv,Colonies,1789,Exports,Dunkerque,52,Ouvrages de bois divers,St Domingue,1600,,Flandres,,Pas de quantité indiquée,0,1910
156,Cyril Mouton,ANOM Col F 2B 14 (tableau 21),Colonies/1789 - Dunkerque - Exports colonies.csv,Colonies,1789,Exports,Dunkerque,52,Ouvrages de bois divers,La Martinique,310,,Flandres,,Pas de quantité indiquée,0,1910
157,Cyril Mouton,ANOM Col F 2B 14 (tableau 21),Colonies/1789 - Dunkerque - Exports colonies.csv,Colonies,1789,Exports,Dunkerque,52,Ouvrages de cuirs divers,St Domingue,134,,Étranger,,Pas de quantité indiquée,0,2349
158,Cyril Mouton,ANOM Col F 2B 14 (tableau 21),Colonies/1789 - Dunkerque - Exports colonies.csv,Colonies,1789,Exports,Dunkerque,52,Ouvrages de cuirs divers,Tabago,2215,400,Étranger,livres,,0,2349
159,Cyril Mouton,ANOM Col F 2B 14 (tableau 21),Colonies/1789 - Dunkerque - Exports colonies.csv,Colonies,1789,Exports,Dunkerque,52,Ouvrages de cuirs en souliers,St Domingue,312,78,Hainault,paires,,0,504
160,Cyril Mouton,ANOM Col F 2B 14 (tableau 21),Colonies/1789 - Dunkerque - Exports colonies.csv,Colonies,1789,Exports,Dunkerque,52,Ouvrages de cuirs en souliers,Tabago,192,48,Hainault,paires,,0,504
161,Cyril Mouton,ANOM Col F 2B 14 (tableau 21),Colonies/1789 - Dunkerque - Exports colonies.csv,Colonies,1789,Exports,Dunkerque,52,Ouvrages de fer blanc,Tabago,325,225,Étranger,livres,,0,
162,Cyril Mouton,ANOM Col F 2B 14 (tableau 21),Colonies/1789 - Dunkerque - Exports colonies.csv,Colonies,1789,Exports,Dunkerque,52,Ouvrages de terre cuite en briques,St Domingue,1625,105000,Flandres,en nombre,,0,4475
163,Cyril Mouton,ANOM Col F 2B 14 (tableau 21),Colonies/1789 - Dunkerque - Exports colonies.csv,Colonies,1789,Exports,Dunkerque,52,Ouvrages de terre cuite en briques,La Martinique,1650,110000,Flandres,en nombre,,0,4475
164,Cyril Mouton,ANOM Col F 2B 14 (tableau 21),Colonies/1789 - Dunkerque - Exports colonies.csv,Colonies,1789,Exports,Dunkerque,52,Ouvrages de terre cuite en briques,Cayenne et Guyanne,375,25000,Flandres,en nombre,,0,4475
165,Cyril Mouton,ANOM Col F 2B 14 (tableau 21),Colonies/1789 - Dunkerque - Exports colonies.csv,Colonies,1789,Exports,Dunkerque,52,Ouvrages de terre cuite en briques,Tabago,825,55000,Flandres,en nombre,,0,4475
166,Cyril Mouton,ANOM Col F 2B 14 (tableau 21),Colonies/1789 - Dunkerque - Exports colonies.csv,Colonies,1789,Exports,Dunkerque,52,Ouvrages de terre cuite en carreaux,St Domingue,268,3830,Picardie,en nombre,,0,
167,Cyril Mouton,ANOM Col F 2B 14 (tableau 21),Colonies/1789 - Dunkerque - Exports colonies.csv,Colonies,1789,Exports,Dunkerque,52,Ouvrages de terre cuite en carreaux,Sénégal et Guinée,112,1600,Picardie,en nombre,,0,
168,Cyril Mouton,ANOM Col F 2B 14 (tableau 21),Colonies/1789 - Dunkerque - Exports colonies.csv,Colonies,1789,Exports,Dunkerque,52,Ouvrages de terre cuite en carreaux,St Domingue,1295,18500,Étranger,en nombre,,0,1925
169,Cyril Mouton,ANOM Col F 2B 14 (tableau 21),Colonies/1789 - Dunkerque - Exports colonies.csv,Colonies,1789,Exports,Dunkerque,52,Ouvrages de terre cuite en carreaux,Tabago,630,9000,Étranger,en nombre,,0,1925
170,Cyril Mouton,ANOM Col F 2B 14 (tableau 21),Colonies/1789 - Dunkerque - Exports colonies.csv,Colonies,1789,Exports,Dunkerque,52,Ouvrages de terres cuite en pans à couvrir,St Domingue,1200,20000,Étranger,en nombre,,0,
171,Cyril Mouton,ANOM Col F 2B 14 (tableau 21),Colonies/1789 - Dunkerque - Exports colonies.csv,Colonies,1789,Exports,Dunkerque,52,Ouvrages de terre cuite en pipes à fumer,St Domingue,2000,1000,Flandres,grosses,,0,2100
172,Cyril Mouton,ANOM Col F 2B 14 (tableau 21),Colonies/1789 - Dunkerque - Exports colonies.csv,Colonies,1789,Exports,Dunkerque,52,Ouvrages de terre cuite en pipes à fumer,Tabago,100,50,Flandres,grosses,,0,2100
173,Cyril Mouton,ANOM Col F 2B 14 (tableau 21),Colonies/1789 - Dunkerque - Exports colonies.csv,Colonies,1789,Exports,Dunkerque,52,Ouvrages de terre cuite en pipes à fumer,La Martinique,240,600,Artois,grosses,,0,
174,Cyril Mouton,ANOM Col F 2B 14 (tableau 21),Colonies/1789 - Dunkerque - Exports colonies.csv,Colonies,1789,Exports,Dunkerque,52,Ouvrages de terre cuite en pipes à fumer,Tabago,850,200,Étranger,grosses,,0,
175,Cyril Mouton,ANOM Col F 2B 14 (tableau 21),Colonies/1789 - Dunkerque - Exports colonies.csv,Colonies,1789,Exports,Dunkerque,52,Ouvrages de terre cuite en tuiles plates,La Martinique,1800,78000,Normandie,en nombre,,0,
176,Cyril Mouton,ANOM Col F 2B 14 (tableau 21),Colonies/1789 - Dunkerque - Exports colonies.csv,Colonies,1789,Exports,Dunkerque,52,ouvrages de tonnelier en futailles vides,La Martinique,750,40,Flandres,en nombre,,0,1000
177,Cyril Mouton,ANOM Col F 2B 14 (tableau 21),Colonies/1789 - Dunkerque - Exports colonies.csv,Colonies,1789,Exports,Dunkerque,52,ouvrages de tonnelier en futailles vides,Tabago,250,13,Flandres,en nombre,,0,1000
178,Cyril Mouton,ANOM Col F 2B 14 (tableau 21),Colonies/1789 - Dunkerque - Exports colonies.csv,Colonies,1789,Exports,Dunkerque,53,Papier,Tabago,100,180,Étranger,livres,,0,
179,Cyril Mouton,ANOM Col F 2B 14 (tableau 21),Colonies/1789 - Dunkerque - Exports colonies.csv,Colonies,1789,Exports,Dunkerque,53,Papier peint,La Martinique,23000,18200,Isle de France,livres,,0,23300
180,Cyril Mouton,ANOM Col F 2B 14 (tableau 21),Colonies/1789 - Dunkerque - Exports colonies.csv,Colonies,1789,Exports,Dunkerque,53,Papier peint,La Guadeloupe,300,750,Isle de France,livres,,0,23300
181,Cyril Mouton,ANOM Col F 2B 14 (tableau 21),Colonies/1789 - Dunkerque - Exports colonies.csv,Colonies,1789,Exports,Dunkerque,53,Parfumerie en poudre à poudrer,La Martinique,230,950,Paris,livres,,0,
182,Cyril Mouton,ANOM Col F 2B 14 (tableau 21),Colonies/1789 - Dunkerque - Exports colonies.csv,Colonies,1789,Exports,Dunkerque,53,Pierre de grès,La Martinique,1435,28700,Étranger,livres,,0,1750
183,Cyril Mouton,ANOM Col F 2B 14 (tableau 21),Colonies/1789 - Dunkerque - Exports colonies.csv,Colonies,1789,Exports,Dunkerque,53,Pierre de grès,Tabago,315,6300,Étranger,livres,,0,1750
184,Cyril Mouton,ANOM Col F 2B 14 (tableau 21),Colonies/1789 - Dunkerque - Exports colonies.csv,Colonies,1789,Exports,Dunkerque,53,Plomb en rouleaux,Tabago,4800,17500,Étranger,livres,,0,
185,Cyril Mouton,ANOM Col F 2B 14 (tableau 21),Colonies/1789 - Dunkerque - Exports colonies.csv,Colonies,1789,Exports,Dunkerque,53,Poisson en harengs,La Martinique,800,,Flandres,,Pas de quantité indiquée,0,3000
186,Cyril Mouton,ANOM Col F 2B 14 (tableau 21),Colonies/1789 - Dunkerque - Exports colonies.csv,Colonies,1789,Exports,Dunkerque,53,Poisson en harengs,Tabago,2200,24,Flandres,tonneaux,,0,3000
187,Cyril Mouton,ANOM Col F 2B 14 (tableau 21),Colonies/1789 - Dunkerque - Exports colonies.csv,Colonies,1789,Exports,Dunkerque,53,Poisson en morue,La Martinique,3120,52,Flandres,tonneaux,,0,
188,Cyril Mouton,ANOM Col F 2B 14 (tableau 21),Colonies/1789 - Dunkerque - Exports colonies.csv,Colonies,1789,Exports,Dunkerque,53,Poterie en cruche de terre,St Domingue,250,500,Hainault,en nombre,,0,
189,Cyril Mouton,ANOM Col F 2B 14 (tableau 21),Colonies/1789 - Dunkerque - Exports colonies.csv,Colonies,1789,Exports,Dunkerque,53,Poterie en cruche de terre,La Martinique,100,160,Étranger,en nombre,,0,
190,Cyril Mouton,ANOM Col F 2B 14 (tableau 21),Colonies/1789 - Dunkerque - Exports colonies.csv,Colonies,1789,Exports,Dunkerque,53,Poterie en cruche de grès,St Domingue,135,180,Flandres,en nombre,,0,667
191,Cyril Mouton,ANOM Col F 2B 14 (tableau 21),Colonies/1789 - Dunkerque - Exports colonies.csv,Colonies,1789,Exports,Dunkerque,53,Poterie en cruche de grès,Tabago,532,710,Flandres,en nombre,,0,667
192,Cyril Mouton,ANOM Col F 2B 14 (tableau 21),Colonies/1789 - Dunkerque - Exports colonies.csv,Colonies,1789,Exports,Dunkerque,53,Poterie en cruche de grès,St Domingue,1425,1900,Hainault,en nombre,,0,2751
193,Cyril Mouton,ANOM Col F 2B 14 (tableau 21),Colonies/1789 - Dunkerque - Exports colonies.csv,Colonies,1789,Exports,Dunkerque,53,Poterie en cruche de grès,La Martinique,1326,1568,Hainault,en nombre,,0,2751
194,Cyril Mouton,ANOM Col F 2B 14 (tableau 21),Colonies/1789 - Dunkerque - Exports colonies.csv,Colonies,1789,Exports,Dunkerque,53,Poterie en cruche de grès,La Martinique,1326,200,Hainault,pots,,0,2751
195,Cyril Mouton,ANOM Col F 2B 14 (tableau 21),Colonies/1789 - Dunkerque - Exports colonies.csv,Colonies,1789,Exports,Dunkerque,53,Provision de bouche en moutarde,La Martinique,100,100,Paris,livres,,0,
196,Cyril Mouton,ANOM Col F 2B 14 (tableau 21),Colonies/1789 - Dunkerque - Exports colonies.csv,Colonies,1789,Exports,Dunkerque,53,Quincaillerie grosse,Tabago,3024,850,Étranger,livres,,0,
197,Cyril Mouton,ANOM Col F 2B 14 (tableau 21),Colonies/1789 - Dunkerque - Exports colonies.csv,Colonies,1789,Exports,Dunkerque,53,Quincaillerie de fer en clous,St Domingue,10488,26220,Hainault,livres,,0,10820
198,Cyril Mouton,ANOM Col F 2B 14 (tableau 21),Colonies/1789 - Dunkerque - Exports colonies.csv,Colonies,1789,Exports,Dunkerque,53,Quincaillerie de fer en clous,Tabago,332,830,Hainault,livres,,0,10820
199,Cyril Mouton,ANOM Col F 2B 14 (tableau 21),Colonies/1789 - Dunkerque - Exports colonies.csv,Colonies,1789,Exports,Dunkerque,53,Quincaillerie de fer en clous,Tabago,51520,147200,Étranger,livres,,0,
200,Cyril Mouton,ANOM Col F 2B 14 (tableau 21),Colonies/1789 - Dunkerque - Exports colonies.csv,Colonies,1789,Exports,Dunkerque,53,Quincaillerie de fer en clous,St Domingue,1620,4630,Champagne,livres,,0,4770
201,Cyril Mouton,ANOM Col F 2B 14 (tableau 21),Colonies/1789 - Dunkerque - Exports colonies.csv,Colonies,1789,Exports,Dunkerque,53,Quincaillerie de fer en clous,La Martinique,3150,9000,Champagne,livres,,0,4770
202,Cyril Mouton,ANOM Col F 2B 14 (tableau 21),Colonies/1789 - Dunkerque - Exports colonies.csv,Colonies,1789,Exports,Dunkerque,53,Rubans de soye,La Martinique,600,13,Forez,livres,,0,
203,Cyril Mouton,ANOM Col F 2B 14 (tableau 21),Colonies/1789 - Dunkerque - Exports colonies.csv,Colonies,1789,Exports,Dunkerque,53,Savon,St Domingue,1700,1620,Flandres,livres,,0,
204,Cyril Mouton,ANOM Col F 2B 14 (tableau 21),Colonies/1789 - Dunkerque - Exports colonies.csv,Colonies,1789,Exports,Dunkerque,53,Savon,St Domingue,1400,1400,Picardie,livres,,0,
205,Cyril Mouton,ANOM Col F 2B 14 (tableau 21),Colonies/1789 - Dunkerque - Exports colonies.csv,Colonies,1789,Exports,Dunkerque,53,Sucre en pain,Tabago,136,170,Flandres,livres,,0,
206,Cyril Mouton,ANOM Col F 2B 14 (tableau 21),Colonies/1789 - Dunkerque - Exports colonies.csv,Colonies,1789,Exports,Dunkerque,53,Suif en chandelles,St Domingue,180,300,Étranger,livres,,0,1674
207,Cyril Mouton,ANOM Col F 2B 14 (tableau 21),Colonies/1789 - Dunkerque - Exports colonies.csv,Colonies,1789,Exports,Dunkerque,53,Suif en chandelles,Tabago,1494,1990,Étranger,livres,,0,1674
208,Cyril Mouton,ANOM Col F 2B 14 (tableau 21),Colonies/1789 - Dunkerque - Exports colonies.csv,Colonies,1789,Exports,Dunkerque,53,Suif en chandelles,Tabago,2437,3750,Flandres,livres,,0,
209,Cyril Mouton,ANOM Col F 2B 14 (tableau 21),Colonies/1789 - Dunkerque - Exports colonies.csv,Colonies,1789,Exports,Dunkerque,53,Suif en pain,Tabago,250,500,Étranger,livres,,0,
210,Cyril Mouton,ANOM Col F 2B 14 (tableau 21),Colonies/1789 - Dunkerque - Exports colonies.csv,Colonies,1789,Exports,Dunkerque,53,Tabac du Brésil acheté à Lisbonne en faisant route pour la côte d'or,Sénégal et Guinée,45900,102000,,livres,,0,
211,Cyril Mouton,ANOM Col F 2B 14 (tableau 21),Colonies/1789 - Dunkerque - Exports colonies.csv,Colonies,1789,Exports,Dunkerque,53,Thé,Tabago,300,120,Flandres,livres,,0,
212,Cyril Mouton,ANOM Col F 2B 14 (tableau 21),Colonies/1789 - Dunkerque - Exports colonies.csv,Colonies,1789,Exports,Dunkerque,53,Toile de coton,Tabago,11789,4366,Étranger,aunes,,0,
213,Cyril Mouton,ANOM Col F 2B 14 (tableau 21),Colonies/1789 - Dunkerque - Exports colonies.csv,Colonies,1789,Exports,Dunkerque,53,Toile de coton en bazin,Tabago,180,60,Flandres,aunes,,0,
214,Cyril Mouton,ANOM Col F 2B 14 (tableau 21),Colonies/1789 - Dunkerque - Exports colonies.csv,Colonies,1789,Exports,Dunkerque,53,Toile de coton en bazin,Tabago,2450,600,Étranger,aunes,,0,
215,Cyril Mouton,ANOM Col F 2B 14 (tableau 21),Colonies/1789 - Dunkerque - Exports colonies.csv,Colonies,1789,Exports,Dunkerque,53,Toile de coton en mousseline,St Domingue,1200,160,Flandres,aunes,,0,1840
216,Cyril Mouton,ANOM Col F 2B 14 (tableau 21),Colonies/1789 - Dunkerque - Exports colonies.csv,Colonies,1789,Exports,Dunkerque,53,Toile de coton en mousseline,La Martinique,640,160,Flandres,aunes,,0,1840
217,Cyril Mouton,ANOM Col F 2B 14 (tableau 21),Colonies/1789 - Dunkerque - Exports colonies.csv,Colonies,1789,Exports,Dunkerque,53,Toile de coton en mousselinette,Tabago,1260,290,Flandres,aunes,,0,
218,Cyril Mouton,ANOM Col F 2B 14 (tableau 21),Colonies/1789 - Dunkerque - Exports colonies.csv,Colonies,1789,Exports,Dunkerque,53,Toile de coton peinte,Tabago,1600,400,Flandres,aunes,,0,
219,Cyril Mouton,ANOM Col F 2B 14 (tableau 21),Colonies/1789 - Dunkerque - Exports colonies.csv,Colonies,1789,Exports,Dunkerque,53,Toile de coton peinte,St Domingue,108,108,Étranger,aunes,,0,
220,Cyril Mouton,ANOM Col F 2B 14 (tableau 21),Colonies/1789 - Dunkerque - Exports colonies.csv,Colonies,1789,Exports,Dunkerque,53,Toile de fil et coton,St Domingue,960,360,Flandres,aunes,,0,
221,Cyril Mouton,ANOM Col F 2B 14 (tableau 21),Colonies/1789 - Dunkerque - Exports colonies.csv,Colonies,1789,Exports,Dunkerque,53,Toile de fil et coton en siamoise,St Domingue,2800,1412,Normandie,aunes,,0,
222,Cyril Mouton,ANOM Col F 2B 14 (tableau 21),Colonies/1789 - Dunkerque - Exports colonies.csv,Colonies,1789,Exports,Dunkerque,53,Toile de chanvre pour nègres,Tabago,17490,10450,Étranger,livres,,0,
223,Cyril Mouton,ANOM Col F 2B 14 (tableau 21),Colonies/1789 - Dunkerque - Exports colonies.csv,Colonies,1789,Exports,Dunkerque,53,Toile de chanvre grise,St Domingue,18000,12000,Flandres,aunes,,0,19140
224,Cyril Mouton,ANOM Col F 2B 14 (tableau 21),Colonies/1789 - Dunkerque - Exports colonies.csv,Colonies,1789,Exports,Dunkerque,53,Toile de chanvre grise,La Martinique,720,480,Flandres,aunes,,0,19140
225,Cyril Mouton,ANOM Col F 2B 14 (tableau 21),Colonies/1789 - Dunkerque - Exports colonies.csv,Colonies,1789,Exports,Dunkerque,53,Toile de chanvre grise,Tabago,420,280,Flandres,aunes,,0,19140
226,Cyril Mouton,ANOM Col F 2B 14 (tableau 21),Colonies/1789 - Dunkerque - Exports colonies.csv,Colonies,1789,Exports,Dunkerque,53,Toile de chanvre coutil,La Martinique,3294,1098,Flandres,aunes,,0,
227,Cyril Mouton,ANOM Col F 2B 14 (tableau 21),Colonies/1789 - Dunkerque - Exports colonies.csv,Colonies,1789,Exports,Dunkerque,53,Toile de chanvre d'emballage,Tabago,13900,15504,Étranger,aunes,,0,
228,Cyril Mouton,ANOM Col F 2B 14 (tableau 21),Colonies/1789 - Dunkerque - Exports colonies.csv,Colonies,1789,Exports,Dunkerque,53,Toile de chanvre d'étoupe,La Martinique,1200,1600,Étranger,livres,,0,
229,Cyril Mouton,ANOM Col F 2B 14 (tableau 21),Colonies/1789 - Dunkerque - Exports colonies.csv,Colonies,1789,Exports,Dunkerque,53,Toile de lin en batiste,St Domingue,13520,2080,Hainault,aunes,,0,36317
230,Cyril Mouton,ANOM Col F 2B 14 (tableau 21),Colonies/1789 - Dunkerque - Exports colonies.csv,Colonies,1789,Exports,Dunkerque,53,Toile de lin en batiste,La Martinique,16113,2479,Hainault,aunes,,0,36317
231,Cyril Mouton,ANOM Col F 2B 14 (tableau 21),Colonies/1789 - Dunkerque - Exports colonies.csv,Colonies,1789,Exports,Dunkerque,53,Toile de lin en batiste,La Guadeloupe,3432,528,Hainault,aunes,,0,36317
232,Cyril Mouton,ANOM Col F 2B 14 (tableau 21),Colonies/1789 - Dunkerque - Exports colonies.csv,Colonies,1789,Exports,Dunkerque,53,Toile de lin en batiste,Tabago,3252,505,Hainault,aunes,,0,36317
233,Cyril Mouton,ANOM Col F 2B 14 (tableau 21),Colonies/1789 - Dunkerque - Exports colonies.csv,Colonies,1789,Exports,Dunkerque,53,Toile de lin en claire,La Guadeloupe,6922,1065,Hainault,aunes,,0,
234,Cyril Mouton,ANOM Col F 2B 14 (tableau 21),Colonies/1789 - Dunkerque - Exports colonies.csv,Colonies,1789,Exports,Dunkerque,53,Toile de lin en linon,La Martinique,1251,135,Hainault,aunes,,0,
235,Cyril Mouton,ANOM Col F 2B 14 (tableau 21),Colonies/1789 - Dunkerque - Exports colonies.csv,Colonies,1789,Exports,Dunkerque,53,Toile de lin en linon,St Domingue,5226,804,Flandres,aunes,,0,5486
236,Cyril Mouton,ANOM Col F 2B 14 (tableau 21),Colonies/1789 - Dunkerque - Exports colonies.csv,Colonies,1789,Exports,Dunkerque,53,Toile de lin en linon,La Martinique,260,40,Flandres,aunes,,0,5486
237,Cyril Mouton,ANOM Col F 2B 14 (tableau 21),Colonies/1789 - Dunkerque - Exports colonies.csv,Colonies,1789,Exports,Dunkerque,53,Toile de lin blanche,St Domingue,126197,50479,Flandres,aunes,,0,200444
238,Cyril Mouton,ANOM Col F 2B 14 (tableau 21),Colonies/1789 - Dunkerque - Exports colonies.csv,Colonies,1789,Exports,Dunkerque,53,Toile de lin blanche,La Martinique,73747,29499,Flandres,aunes,,0,200444
239,Cyril Mouton,ANOM Col F 2B 14 (tableau 21),Colonies/1789 - Dunkerque - Exports colonies.csv,Colonies,1789,Exports,Dunkerque,53,Toile de lin blanche,Tabago,500,200,Flandres,aunes,,0,200444
240,Cyril Mouton,ANOM Col F 2B 14 (tableau 21),Colonies/1789 - Dunkerque - Exports colonies.csv,Colonies,1789,Exports,Dunkerque,53,Toile de lin blanche,St Domingue,825,825,Étranger,aunes,,0,
241,Cyril Mouton,ANOM Col F 2B 14 (tableau 21),Colonies/1789 - Dunkerque - Exports colonies.csv,Colonies,1789,Exports,Dunkerque,53,Toile de lin blanche,La Martinique,1350,182,Picardie,aunes,,0,
242,Cyril Mouton,ANOM Col F 2B 14 (tableau 21),Colonies/1789 - Dunkerque - Exports colonies.csv,Colonies,1789,Exports,Dunkerque,53,Toile de lin blanche,La Martinique,4800,2867,Maine,aunes,,0,
243,Cyril Mouton,ANOM Col F 2B 14 (tableau 21),Colonies/1789 - Dunkerque - Exports colonies.csv,Colonies,1789,Exports,Dunkerque,53,Toile de lin blanche,La Guadeloupe,4400,1483,Champagne,aunes,,0,
244,Cyril Mouton,ANOM Col F 2B 14 (tableau 21),Colonies/1789 - Dunkerque - Exports colonies.csv,Colonies,1789,Exports,Dunkerque,53,Toile de lin blanche,St Domingue,13750,5500,Flandres,aunes,,0,23250
245,Cyril Mouton,ANOM Col F 2B 14 (tableau 21),Colonies/1789 - Dunkerque - Exports colonies.csv,Colonies,1789,Exports,Dunkerque,53,Toile de lin blanche,La Martinique,9500,3800,Flandres,aunes,,0,23250
246,Cyril Mouton,ANOM Col F 2B 14 (tableau 21),Colonies/1789 - Dunkerque - Exports colonies.csv,Colonies,1789,Exports,Dunkerque,53,Toile de lin bleu et blanche,Tabago,200,140,Flandres,aunes,,0,
247,Cyril Mouton,ANOM Col F 2B 14 (tableau 21),Colonies/1789 - Dunkerque - Exports colonies.csv,Colonies,1789,Exports,Dunkerque,53,Toile de lin gingas,St Domingue,20030,13387,Flandres,aunes,,0,29857
248,Cyril Mouton,ANOM Col F 2B 14 (tableau 21),Colonies/1789 - Dunkerque - Exports colonies.csv,Colonies,1789,Exports,Dunkerque,53,Toile de lin gingas,La Martinique,8987,5995,Flandres,aunes,,0,29857
249,Cyril Mouton,ANOM Col F 2B 14 (tableau 21),Colonies/1789 - Dunkerque - Exports colonies.csv,Colonies,1789,Exports,Dunkerque,53,Toile de lin gingas,Tabago,840,560,Flandres,aunes,,0,29857
250,Cyril Mouton,ANOM Col F 2B 14 (tableau 21),Colonies/1789 - Dunkerque - Exports colonies.csv,Colonies,1789,Exports,Dunkerque,53,Toile de lin grise,La Martinique,5600,2379,Artois,aunes,,0,
251,Cyril Mouton,ANOM Col F 2B 14 (tableau 21),Colonies/1789 - Dunkerque - Exports colonies.csv,Colonies,1789,Exports,Dunkerque,53,Toile de lin écrue,St Domingue,1525,1220,Flandres,aunes,,0,17374
252,Cyril Mouton,ANOM Col F 2B 14 (tableau 21),Colonies/1789 - Dunkerque - Exports colonies.csv,Colonies,1789,Exports,Dunkerque,53,Toile de lin écrue,La Martinique,14540,11632,Flandres,aunes,,0,17374
253,Cyril Mouton,ANOM Col F 2B 14 (tableau 21),Colonies/1789 - Dunkerque - Exports colonies.csv,Colonies,1789,Exports,Dunkerque,53,Toile de lin écrue,Tabago,1309,1047,Flandres,aunes,,0,17374
254,Cyril Mouton,ANOM Col F 2B 14 (tableau 21),Colonies/1789 - Dunkerque - Exports colonies.csv,Colonies,1789,Exports,Dunkerque,53,Toile de lin d'emballage,Tabago,4010,3400,Étranger,livres,,0,
255,Cyril Mouton,ANOM Col F 2B 14 (tableau 21),Colonies/1789 - Dunkerque - Exports colonies.csv,Colonies,1789,Exports,Dunkerque,53,Toile de lin grosse,La Martinique,755,945,Flandres,aunes,,0,
256,Cyril Mouton,ANOM Col F 2B 14 (tableau 21),Colonies/1789 - Dunkerque - Exports colonies.csv,Colonies,1789,Exports,Dunkerque,53,Toile de lin grosse,Tabago,19130,17520,Étranger,livres,,0,
257,Cyril Mouton,ANOM Col F 2B 14 (tableau 21),Colonies/1789 - Dunkerque - Exports colonies.csv,Colonies,1789,Exports,Dunkerque,53,Toile de lin en linge de table,La Martinique,9120,1520,Flandres,livres,,0,9312
258,Cyril Mouton,ANOM Col F 2B 14 (tableau 21),Colonies/1789 - Dunkerque - Exports colonies.csv,Colonies,1789,Exports,Dunkerque,53,Toile de lin en linge de table,Tabago,192,32,Flandres,livres,,0,9312
259,Cyril Mouton,ANOM Col F 2B 14 (tableau 21),Colonies/1789 - Dunkerque - Exports colonies.csv,Colonies,1789,Exports,Dunkerque,53,Toile de lin en linge de table,St Domingue,4564,870,Flandres,livres,,0,5464
260,Cyril Mouton,ANOM Col F 2B 14 (tableau 21),Colonies/1789 - Dunkerque - Exports colonies.csv,Colonies,1789,Exports,Dunkerque,53,Toile de lin en linge de table,La Martinique,900,50,Flandres,livres,,0,5464
261,Cyril Mouton,ANOM Col F 2B 14 (tableau 21),Colonies/1789 - Dunkerque - Exports colonies.csv,Colonies,1789,Exports,Dunkerque,53,Toile de lin en sacs,La Martinique,100,50,Flandres,en nombre,,0,
262,Cyril Mouton,ANOM Col F 2B 14 (tableau 21),Colonies/1789 - Dunkerque - Exports colonies.csv,Colonies,1789,Exports,Dunkerque,53,Verres en bouteilles,St Domingue,1500,7500,Picardie,en nombre,,0,3050
263,Cyril Mouton,ANOM Col F 2B 14 (tableau 21),Colonies/1789 - Dunkerque - Exports colonies.csv,Colonies,1789,Exports,Dunkerque,53,Verres en bouteilles,La Martinique,1550,7750,Picardie,en nombre,,0,3050
264,Cyril Mouton,ANOM Col F 2B 14 (tableau 21),Colonies/1789 - Dunkerque - Exports colonies.csv,Colonies,1789,Exports,Dunkerque,53,Verres en bouteilles,St Domingue,1200,6000,Étranger,en nombre,,0,3324
265,Cyril Mouton,ANOM Col F 2B 14 (tableau 21),Colonies/1789 - Dunkerque - Exports colonies.csv,Colonies,1789,Exports,Dunkerque,53,Verres en bouteilles,La Martinique,500,2500,Étranger,en nombre,,0,3324
266,Cyril Mouton,ANOM Col F 2B 14 (tableau 21),Colonies/1789 - Dunkerque - Exports colonies.csv,Colonies,1789,Exports,Dunkerque,53,Verres en bouteilles,La Guadeloupe,1000,5000,Étranger,en nombre,,0,3324
267,Cyril Mouton,ANOM Col F 2B 14 (tableau 21),Colonies/1789 - Dunkerque - Exports colonies.csv,Colonies,1789,Exports,Dunkerque,53,Verres en bouteilles,Tabago,624,3120,Étranger,en nombre,,0,3324
268,Cyril Mouton,ANOM Col F 2B 14 (tableau 21),Colonies/1789 - Dunkerque - Exports colonies.csv,Colonies,1789,Exports,Dunkerque,53,Verres en bouteilles,St Domingue,1050,5250,Hainault,en nombre,,0,2050
269,Cyril Mouton,ANOM Col F 2B 14 (tableau 21),Colonies/1789 - Dunkerque - Exports colonies.csv,Colonies,1789,Exports,Dunkerque,53,Verres en bouteilles,La Martinique,1000,5000,Hainault,en nombre,,0,2050
270,Cyril Mouton,ANOM Col F 2B 14 (tableau 21),Colonies/1789 - Dunkerque - Exports colonies.csv,Colonies,1789,Exports,Dunkerque,53,Verres en bouteilles,St Domingue,2000,10000,Flandres,en nombre,,0,12633
271,Cyril Mouton,ANOM Col F 2B 14 (tableau 21),Colonies/1789 - Dunkerque - Exports colonies.csv,Colonies,1789,Exports,Dunkerque,53,Verres en bouteilles,La Martinique,9853,49266,Flandres,en nombre,,0,12633
272,Cyril Mouton,ANOM Col F 2B 14 (tableau 21),Colonies/1789 - Dunkerque - Exports colonies.csv,Colonies,1789,Exports,Dunkerque,53,Verres en bouteilles,Tabago,780,3900,Flandres,en nombre,,0,12633
273,Cyril Mouton,ANOM Col F 2B 14 (tableau 21),Colonies/1789 - Dunkerque - Exports colonies.csv,Colonies,1789,Exports,Dunkerque,53,Verres en dames jeannes,St Domingue,5560,2325,Flandres,en nombre,,0,34360
274,Cyril Mouton,ANOM Col F 2B 14 (tableau 21),Colonies/1789 - Dunkerque - Exports colonies.csv,Colonies,1789,Exports,Dunkerque,53,Verres en dames jeannes,La Martinique,26400,11000,Flandres,en nombre,,0,34360
275,Cyril Mouton,ANOM Col F 2B 14 (tableau 21),Colonies/1789 - Dunkerque - Exports colonies.csv,Colonies,1789,Exports,Dunkerque,53,Verres en dames jeannes,Tabago,2400,1000,Flandres,en nombre,,0,34360
276,Cyril Mouton,ANOM Col F 2B 14 (tableau 21),Colonies/1789 - Dunkerque - Exports colonies.csv,Colonies,1789,Exports,Dunkerque,53,Verres en dames jeannes,St Domingue,600,250,Étranger,en nombre,,0,2520
277,Cyril Mouton,ANOM Col F 2B 14 (tableau 21),Colonies/1789 - Dunkerque - Exports colonies.csv,Colonies,1789,Exports,Dunkerque,53,Verres en dames jeannes,La Martinique,1920,800,Étranger,en nombre,,0,2520
278,Cyril Mouton,ANOM Col F 2B 14 (tableau 21),Colonies/1789 - Dunkerque - Exports colonies.csv,Colonies,1789,Exports,Dunkerque,53,Verres en dames jeannes,St Domingue,4680,1950,Hainault,en nombre,,0,13320
279,Cyril Mouton,ANOM Col F 2B 14 (tableau 21),Colonies/1789 - Dunkerque - Exports colonies.csv,Colonies,1789,Exports,Dunkerque,53,Verres en dames jeannes,La Martinique,7200,3000,Hainault,en nombre,,0,13320
280,Cyril Mouton,ANOM Col F 2B 14 (tableau 21),Colonies/1789 - Dunkerque - Exports colonies.csv,Colonies,1789,Exports,Dunkerque,53,Verres en dames jeannes,Tabago,1440,600,Hainault,en nombre,,0,13320
281,Cyril Mouton,ANOM Col F 2B 14 (tableau 21),Colonies/1789 - Dunkerque - Exports colonies.csv,Colonies,1789,Exports,Dunkerque,53,Verres en dames jeannes,St Domingue,3840,1600,Étranger,en nombre,,0,
282,Cyril Mouton,ANOM Col F 2B 14 (tableau 21),Colonies/1789 - Dunkerque - Exports colonies.csv,Colonies,1789,Exports,Dunkerque,53,Verres à vitre,St Domingue,180,200,Étranger,en nombre,,0,
283,Cyril Mouton,ANOM Col F 2B 14 (tableau 21),Colonies/1789 - Dunkerque - Exports colonies.csv,Colonies,1789,Exports,Dunkerque,53,Verrerie,Tabago,1200,650,Étranger,livres,,0,
284,Cyril Mouton,ANOM Col F 2B 14 (tableau 21),Colonies/1789 - Dunkerque - Exports colonies.csv,Colonies,1789,Exports,Dunkerque,53,Vin de bordeaux,La Martinique,13500,"117,1875",Bordeaux,muids,,0,22896
286,Cyril Mouton,ANOM Col F 2B 14 (tableau 21),Colonies/1789 - Dunkerque - Exports colonies.csv,Colonies,1789,Exports,Dunkerque,53,Vin de bordeaux,Tabago,9396,"81,5625",Bordeaux,muids,,0,22896
288,Cyril Mouton,ANOM Col F 2B 14 (tableau 21),Colonies/1789 - Dunkerque - Exports colonies.csv,Colonies,1789,Exports,Dunkerque,53,Vin de guyenne,St Domingue,7200,"62,5",Guyenne,muids,,0,9000
290,Cyril Mouton,ANOM Col F 2B 14 (tableau 21),Colonies/1789 - Dunkerque - Exports colonies.csv,Colonies,1789,Exports,Dunkerque,53,Vin de guyenne,La Martinique,1800,"15,625",Guyenne,muids,,0,9000
292,Cyril Mouton,ANOM Col F 2B 14 (tableau 21),Colonies/1789 - Dunkerque - Exports colonies.csv,Colonies,1789,Exports,Dunkerque,53,Vin,La Martinique,1400,"12,1527777778",Flandres,muids,,0,
