numrodeligne,dataentryby,source,sourcepath,sourcetype,year,exportsimports,direction,sheet,marchandises,pays,value,quantit,origine,quantity_unit,remarks,doubleaccounts,leurvaleursubtotal_1
1,Cyril Mouton,ANOM Col F 2B 14 (tableau 23),Colonies/1789 - La Rochelle - Exports colonies.csv,Colonies,1789,Exports,La Rochelle,59,Armes blanches en sabres,Sénégal,2480,1240,Étranger,en nombre,Pas de quantité indiquée,0,
2,Cyril Mouton,ANOM Col F 2B 14 (tableau 23),Colonies/1789 - La Rochelle - Exports colonies.csv,Colonies,1789,Exports,La Rochelle,59,Armes à feu pistolet,Sénégal,7200,360,Hainault,paires,,0,
3,Cyril Mouton,ANOM Col F 2B 14 (tableau 23),Colonies/1789 - La Rochelle - Exports colonies.csv,Colonies,1789,Exports,La Rochelle,59,Armes à feu fusils,Sénégal,7674,1279,Étranger,en nombre,,0,
4,Cyril Mouton,ANOM Col F 2B 14 (tableau 23),Colonies/1789 - La Rochelle - Exports colonies.csv,Colonies,1789,Exports,La Rochelle,59,Armes à feu fusils,Sénégal,2100,350,Flandres,en nombre,,0,
5,Cyril Mouton,ANOM Col F 2B 14 (tableau 23),Colonies/1789 - La Rochelle - Exports colonies.csv,Colonies,1789,Exports,La Rochelle,59,Armes à feu fusils,Sénégal,10158,1693,Bretagne,en nombre,,0,
6,Cyril Mouton,ANOM Col F 2B 14 (tableau 23),Colonies/1789 - La Rochelle - Exports colonies.csv,Colonies,1789,Exports,La Rochelle,59,Amandes,St Domingue,391,652,Guyenne,livres,,0,
7,Cyril Mouton,ANOM Col F 2B 14 (tableau 23),Colonies/1789 - La Rochelle - Exports colonies.csv,Colonies,1789,Exports,La Rochelle,59,Beurre,St Domingue,260,400,Bretagne,livres,,0,826
8,Cyril Mouton,ANOM Col F 2B 14 (tableau 23),Colonies/1789 - La Rochelle - Exports colonies.csv,Colonies,1789,Exports,La Rochelle,59,Beurre,Sénégal,566,871,Bretagne,livres,,0,826
9,Cyril Mouton,ANOM Col F 2B 14 (tableau 23),Colonies/1789 - La Rochelle - Exports colonies.csv,Colonies,1789,Exports,La Rochelle,59,Beurre,St Domingue,1254,1929,Étranger,livres,,0,3613
10,Cyril Mouton,ANOM Col F 2B 14 (tableau 23),Colonies/1789 - La Rochelle - Exports colonies.csv,Colonies,1789,Exports,La Rochelle,59,Beurre,Sénégal,2359,3629,Étranger,livres,,0,3613
11,Cyril Mouton,ANOM Col F 2B 14 (tableau 23),Colonies/1789 - La Rochelle - Exports colonies.csv,Colonies,1789,Exports,La Rochelle,59,Beurre,Sénégal,531,817,Guyenne,livres,,0,
12,Cyril Mouton,ANOM Col F 2B 14 (tableau 23),Colonies/1789 - La Rochelle - Exports colonies.csv,Colonies,1789,Exports,La Rochelle,59,Beurre,Sénégal,848,1304,Aunis,livres,,0,
13,Cyril Mouton,ANOM Col F 2B 14 (tableau 23),Colonies/1789 - La Rochelle - Exports colonies.csv,Colonies,1789,Exports,La Rochelle,59,Bierre,Sénégal,2043,"38,5833333333",Étranger,muids,,0,
15,Cyril Mouton,ANOM Col F 2B 14 (tableau 23),Colonies/1789 - La Rochelle - Exports colonies.csv,Colonies,1789,Exports,La Rochelle,59,Biscuit,Sénégal,6158,24633,Guyenne,livres,,0,
16,Cyril Mouton,ANOM Col F 2B 14 (tableau 23),Colonies/1789 - La Rochelle - Exports colonies.csv,Colonies,1789,Exports,La Rochelle,59,Biscuit,St Domingue,342,1370,Bretagne,livres,,0,5027
17,Cyril Mouton,ANOM Col F 2B 14 (tableau 23),Colonies/1789 - La Rochelle - Exports colonies.csv,Colonies,1789,Exports,La Rochelle,59,Biscuit,Sénégal,4685,18741,Bretagne,livres,,0,5027
18,Cyril Mouton,ANOM Col F 2B 14 (tableau 23),Colonies/1789 - La Rochelle - Exports colonies.csv,Colonies,1789,Exports,La Rochelle,59,Bois de sapin pour construction,St Domingue,900,600,Étranger,en nombre,,0,3648
19,Cyril Mouton,ANOM Col F 2B 14 (tableau 23),Colonies/1789 - La Rochelle - Exports colonies.csv,Colonies,1789,Exports,La Rochelle,59,Bois de sapin pour construction,Sénégal,2748,1832,Étranger,en nombre,,0,3648
20,Cyril Mouton,ANOM Col F 2B 14 (tableau 23),Colonies/1789 - La Rochelle - Exports colonies.csv,Colonies,1789,Exports,La Rochelle,59,Bois de sapin en planches,St Domingue,2050,2050,Saintonge,en nombre,,0,6398
21,Cyril Mouton,ANOM Col F 2B 14 (tableau 23),Colonies/1789 - La Rochelle - Exports colonies.csv,Colonies,1789,Exports,La Rochelle,59,Bois de sapin en planches,Sénégal,4348,4348,Saintonge,en nombre,,0,6398
22,Cyril Mouton,ANOM Col F 2B 14 (tableau 23),Colonies/1789 - La Rochelle - Exports colonies.csv,Colonies,1789,Exports,La Rochelle,59,Bois de sapin en planches,St Domingue,1375,2290,Aunis,en nombre,,0,18751
23,Cyril Mouton,ANOM Col F 2B 14 (tableau 23),Colonies/1789 - La Rochelle - Exports colonies.csv,Colonies,1789,Exports,La Rochelle,59,Bois de sapin en planches,Sénégal,17376,28960,Aunis,en nombre,,0,18751
24,Cyril Mouton,ANOM Col F 2B 14 (tableau 23),Colonies/1789 - La Rochelle - Exports colonies.csv,Colonies,1789,Exports,La Rochelle,59,Bois merrain,Sénégal,1567,10450,Étranger,en nombre,,0,2401
25,Cyril Mouton,ANOM Col F 2B 14 (tableau 23),Colonies/1789 - La Rochelle - Exports colonies.csv,Colonies,1789,Exports,La Rochelle,59,bois merrain,Sénégal,834,1668,Aunis,en nombre,,0,2401
26,Cyril Mouton,ANOM Col F 2B 14 (tableau 23),Colonies/1789 - La Rochelle - Exports colonies.csv,Colonies,1789,Exports,La Rochelle,59,Bonneterie de laine bonnets,Sénégal,783,87,Étranger,douzaines,,0,
27,Cyril Mouton,ANOM Col F 2B 14 (tableau 23),Colonies/1789 - La Rochelle - Exports colonies.csv,Colonies,1789,Exports,La Rochelle,59,Bonneterie de soye en bas,Sénégal,324,36,Lyonnais,paires,,0,
28,Cyril Mouton,ANOM Col F 2B 14 (tableau 23),Colonies/1789 - La Rochelle - Exports colonies.csv,Colonies,1789,Exports,La Rochelle,59,Bray gras,Sénégal,2865,57300,Pays des Basques,livres,,0,
29,Cyril Mouton,ANOM Col F 2B 14 (tableau 23),Colonies/1789 - La Rochelle - Exports colonies.csv,Colonies,1789,Exports,La Rochelle,59,Bray sec,St Domingue,5955,59554,Pays des Basques,livres,,0,17625
30,Cyril Mouton,ANOM Col F 2B 14 (tableau 23),Colonies/1789 - La Rochelle - Exports colonies.csv,Colonies,1789,Exports,La Rochelle,59,Bray sec,Sénégal,11670,116705,Pays des Basques,livres,,0,17625
31,Cyril Mouton,ANOM Col F 2B 14 (tableau 23),Colonies/1789 - La Rochelle - Exports colonies.csv,Colonies,1789,Exports,La Rochelle,59,Goudron,Sénégal,5871,58716,Guyenne,livres,,0,
32,Cyril Mouton,ANOM Col F 2B 14 (tableau 23),Colonies/1789 - La Rochelle - Exports colonies.csv,Colonies,1789,Exports,La Rochelle,59,Goudron,St Domingue,820,12300,Pays des Basques,livres,,0,2980
33,Cyril Mouton,ANOM Col F 2B 14 (tableau 23),Colonies/1789 - La Rochelle - Exports colonies.csv,Colonies,1789,Exports,La Rochelle,59,Goudron,Sénégal,2160,32400,Pays des Basques,livres,,0,2980
34,Cyril Mouton,ANOM Col F 2B 14 (tableau 23),Colonies/1789 - La Rochelle - Exports colonies.csv,Colonies,1789,Exports,La Rochelle,59,Goudron,Sénégal,1260,18900,Étranger,livres,,0,
35,Cyril Mouton,ANOM Col F 2B 14 (tableau 23),Colonies/1789 - La Rochelle - Exports colonies.csv,Colonies,1789,Exports,La Rochelle,59,Goudron,Sénégal,1000,15000,Guyenne,livres,,0,
36,Cyril Mouton,ANOM Col F 2B 14 (tableau 23),Colonies/1789 - La Rochelle - Exports colonies.csv,Colonies,1789,Exports,La Rochelle,59,Résine,Sénégal,572,4597,Pays des Basques,livres,,0,
37,Cyril Mouton,ANOM Col F 2B 14 (tableau 23),Colonies/1789 - La Rochelle - Exports colonies.csv,Colonies,1789,Exports,La Rochelle,59,Caffé,Sénégal,1745,1396,Colonies françaises,livres,,0,
38,Cyril Mouton,ANOM Col F 2B 14 (tableau 23),Colonies/1789 - La Rochelle - Exports colonies.csv,Colonies,1789,Exports,La Rochelle,59,Caffé,Sénégal,548,274,Levant,livres,,0,
39,Cyril Mouton,ANOM Col F 2B 14 (tableau 23),Colonies/1789 - La Rochelle - Exports colonies.csv,Colonies,1789,Exports,La Rochelle,59,Canevettes,Sénégal,3300,550,Étranger,en nombre,,0,
40,Cyril Mouton,ANOM Col F 2B 14 (tableau 23),Colonies/1789 - La Rochelle - Exports colonies.csv,Colonies,1789,Exports,La Rochelle,59,Canevettes,Sénégal,900,150,Bretagne,en nombre,Dernier chiffre illisible,0,
41,Cyril Mouton,ANOM Col F 2B 14 (tableau 23),Colonies/1789 - La Rochelle - Exports colonies.csv,Colonies,1789,Exports,La Rochelle,59,Cauris,Sénégal,126997,126997,Étranger,livres,Dernier chiffre illisible,0,
42,Cyril Mouton,ANOM Col F 2B 14 (tableau 23),Colonies/1789 - La Rochelle - Exports colonies.csv,Colonies,1789,Exports,La Rochelle,59,Cauris,Sénégal,56518,56518,Guyenne,livres,Dernier chiffre illisible,0,
43,Cyril Mouton,ANOM Col F 2B 14 (tableau 23),Colonies/1789 - La Rochelle - Exports colonies.csv,Colonies,1789,Exports,La Rochelle,59,Cauris,Sénégal,106198,106198,Bretagne,livres,Dernier chiffre illisible,0,
44,Cyril Mouton,ANOM Col F 2B 14 (tableau 23),Colonies/1789 - La Rochelle - Exports colonies.csv,Colonies,1789,Exports,La Rochelle,59,Chair de bœuf salé,St Domingue,2539,8462,Étranger,livres,Dernier chiffre illisible,0,12601
45,Cyril Mouton,ANOM Col F 2B 14 (tableau 23),Colonies/1789 - La Rochelle - Exports colonies.csv,Colonies,1789,Exports,La Rochelle,59,Chair de bœuf salé,Sénégal,10062,33540,Étranger,livres,,0,12601
46,Cyril Mouton,ANOM Col F 2B 14 (tableau 23),Colonies/1789 - La Rochelle - Exports colonies.csv,Colonies,1789,Exports,La Rochelle,59,Chair de bœuf salé,Sénégal,2737,9124,Bretagne,livres,Dernier chiffre illisible,0,
47,Cyril Mouton,ANOM Col F 2B 14 (tableau 23),Colonies/1789 - La Rochelle - Exports colonies.csv,Colonies,1789,Exports,La Rochelle,59,Chair de bœuf salé,St Domingue,343,1143,Aunis,livres,,0,535
48,Cyril Mouton,ANOM Col F 2B 14 (tableau 23),Colonies/1789 - La Rochelle - Exports colonies.csv,Colonies,1789,Exports,La Rochelle,59,Chair de bœuf salé,Sénégal,192,636,Aunis,livres,Dernier chiffre illisible,0,535
49,Cyril Mouton,ANOM Col F 2B 14 (tableau 23),Colonies/1789 - La Rochelle - Exports colonies.csv,Colonies,1789,Exports,La Rochelle,59,Chair de bœuf salé,St Domingue,959,3198,Guyenne,livres,,0,
50,Cyril Mouton,ANOM Col F 2B 14 (tableau 23),Colonies/1789 - La Rochelle - Exports colonies.csv,Colonies,1789,Exports,La Rochelle,59,Jambon,St Domingue,564,940,Guyenne,livres,,0,
51,Cyril Mouton,ANOM Col F 2B 14 (tableau 23),Colonies/1789 - La Rochelle - Exports colonies.csv,Colonies,1789,Exports,La Rochelle,59,Lard salé,Sénégal,3159,9025,Étranger,livres,,0,
52,Cyril Mouton,ANOM Col F 2B 14 (tableau 23),Colonies/1789 - La Rochelle - Exports colonies.csv,Colonies,1789,Exports,La Rochelle,59,Lard salé,St Domingue,304,870,Aunis,livres,,0,426
53,Cyril Mouton,ANOM Col F 2B 14 (tableau 23),Colonies/1789 - La Rochelle - Exports colonies.csv,Colonies,1789,Exports,La Rochelle,59,Lard salé,Sénégal,122,350,Aunis,livres,,0,426
54,Cyril Mouton,ANOM Col F 2B 14 (tableau 23),Colonies/1789 - La Rochelle - Exports colonies.csv,Colonies,1789,Exports,La Rochelle,59,Corail,Sénégal,2800,49,Marseille,livres,Dernier chiffre illisible,0,
55,Cyril Mouton,ANOM Col F 2B 14 (tableau 23),Colonies/1789 - La Rochelle - Exports colonies.csv,Colonies,1789,Exports,La Rochelle,59,Chapeaux,Sénégal,2700,75,Bretagne,douzaines,Dernier chiffre illisible,0,
56,Cyril Mouton,ANOM Col F 2B 14 (tableau 23),Colonies/1789 - La Rochelle - Exports colonies.csv,Colonies,1789,Exports,La Rochelle,59,Chocolat,Sénégal,120,30,Guyenne,livres,,0,
57,Cyril Mouton,ANOM Col F 2B 14 (tableau 23),Colonies/1789 - La Rochelle - Exports colonies.csv,Colonies,1789,Exports,La Rochelle,59,Cordages,Sénégal,4200,12000,Bretagne,livres,,0,
58,Cyril Mouton,ANOM Col F 2B 14 (tableau 23),Colonies/1789 - La Rochelle - Exports colonies.csv,Colonies,1789,Exports,La Rochelle,59,Cordages,Sénégal,3347,9562,Aunis,livres,,0,
59,Cyril Mouton,ANOM Col F 2B 14 (tableau 23),Colonies/1789 - La Rochelle - Exports colonies.csv,Colonies,1789,Exports,La Rochelle,59,Cables,Sénégal,14261,40871,Bretagne,livres,,0,
60,Cyril Mouton,ANOM Col F 2B 14 (tableau 23),Colonies/1789 - La Rochelle - Exports colonies.csv,Colonies,1789,Exports,La Rochelle,59,Cuivre ouvré,Sénégal,7486,5989,Étranger,livres,,0,
61,Cyril Mouton,ANOM Col F 2B 14 (tableau 23),Colonies/1789 - La Rochelle - Exports colonies.csv,Colonies,1789,Exports,La Rochelle,59,Cuivre ouvré,Sénégal,2770,2216,Bretagne,livres,,0,
62,Cyril Mouton,ANOM Col F 2B 14 (tableau 23),Colonies/1789 - La Rochelle - Exports colonies.csv,Colonies,1789,Exports,La Rochelle,59,Cuivre ouvré,Sénégal,2381,1905,Aunis,livres,,0,
63,Cyril Mouton,ANOM Col F 2B 14 (tableau 23),Colonies/1789 - La Rochelle - Exports colonies.csv,Colonies,1789,Exports,La Rochelle,59,Cuivre en planches,Sénégal,29327,23462,Étranger,livres,,0,
64,Cyril Mouton,ANOM Col F 2B 14 (tableau 23),Colonies/1789 - La Rochelle - Exports colonies.csv,Colonies,1789,Exports,La Rochelle,59,Draperie,Sénégal,26388,1466,Carcassonne,aunes,,0,
65,Cyril Mouton,ANOM Col F 2B 14 (tableau 23),Colonies/1789 - La Rochelle - Exports colonies.csv,Colonies,1789,Exports,La Rochelle,59,Draperie,Sénégal,1616,101,Aunis,aunes,,0,
66,Cyril Mouton,ANOM Col F 2B 14 (tableau 23),Colonies/1789 - La Rochelle - Exports colonies.csv,Colonies,1789,Exports,La Rochelle,59,Drogues médicinales diverses mâne,St Domingue,896,280,Bretagne,livres,,0,
67,Cyril Mouton,ANOM Col F 2B 14 (tableau 23),Colonies/1789 - La Rochelle - Exports colonies.csv,Colonies,1789,Exports,La Rochelle,59,Quinquina,St Domingue,900,60,Bretagne,livres,,0,
68,Cyril Mouton,ANOM Col F 2B 14 (tableau 23),Colonies/1789 - La Rochelle - Exports colonies.csv,Colonies,1789,Exports,La Rochelle,59,Salsepareille,St Domingue,204,68,Bretagne,livres,,0,
69,Cyril Mouton,ANOM Col F 2B 14 (tableau 23),Colonies/1789 - La Rochelle - Exports colonies.csv,Colonies,1789,Exports,La Rochelle,59,Drogues pour la peinture ceruse,Sénégal,191,637,Étranger,livres,,0,
70,Cyril Mouton,ANOM Col F 2B 14 (tableau 23),Colonies/1789 - La Rochelle - Exports colonies.csv,Colonies,1789,Exports,La Rochelle,59,Eau de vie simple,Sénégal,33957,"224,5833333333",Saintonge,muids,,0,
72,Cyril Mouton,ANOM Col F 2B 14 (tableau 23),Colonies/1789 - La Rochelle - Exports colonies.csv,Colonies,1789,Exports,La Rochelle,59,Eau de vie simple,Sénégal,84921,"561,6527777778",Aunis,muids,,0,
74,Cyril Mouton,ANOM Col F 2B 14 (tableau 23),Colonies/1789 - La Rochelle - Exports colonies.csv,Colonies,1789,Exports,La Rochelle,59,Etoffes fil et laine,Sénégal,11920,5860,Flandres,aunes,,0,
75,Cyril Mouton,ANOM Col F 2B 14 (tableau 23),Colonies/1789 - La Rochelle - Exports colonies.csv,Colonies,1789,Exports,La Rochelle,59,Etoffes de soye,Sénégal,12430,226,Guyenne,livres,,0,
76,Cyril Mouton,ANOM Col F 2B 14 (tableau 23),Colonies/1789 - La Rochelle - Exports colonies.csv,Colonies,1789,Exports,La Rochelle,59,Etoffes de soye,Sénégal,7425,135,Lyonnais,livres,,0,
77,Cyril Mouton,ANOM Col F 2B 14 (tableau 23),Colonies/1789 - La Rochelle - Exports colonies.csv,Colonies,1789,Exports,La Rochelle,59,Etoffes fleuret,Sénégal,537,165,Guyenne,aunes,,0,
78,Cyril Mouton,ANOM Col F 2B 14 (tableau 23),Colonies/1789 - La Rochelle - Exports colonies.csv,Colonies,1789,Exports,La Rochelle,59,Etoffes de soye et dorure,Sénégal,360,4,Lyonnais,livres,,0,
79,Cyril Mouton,ANOM Col F 2B 14 (tableau 23),Colonies/1789 - La Rochelle - Exports colonies.csv,Colonies,1789,Exports,La Rochelle,59,Etoffes de soye et fil,Sénégal,504,160,Guyenne,aunes,,0,
80,Cyril Mouton,ANOM Col F 2B 14 (tableau 23),Colonies/1789 - La Rochelle - Exports colonies.csv,Colonies,1789,Exports,La Rochelle,59,Etoffes au quart de soye,Sénégal,4433,"296,25",Guyenne,livres,,0,
81,Cyril Mouton,ANOM Col F 2B 14 (tableau 23),Colonies/1789 - La Rochelle - Exports colonies.csv,Colonies,1789,Exports,La Rochelle,59,Farine,St Domingue,600,2400,Guyenne,livres,,0,
82,Cyril Mouton,ANOM Col F 2B 14 (tableau 23),Colonies/1789 - La Rochelle - Exports colonies.csv,Colonies,1789,Exports,La Rochelle,59,Farine,Sénégal,7175,28700,Guyenne,livres,,0,
83,Cyril Mouton,ANOM Col F 2B 14 (tableau 23),Colonies/1789 - La Rochelle - Exports colonies.csv,Colonies,1789,Exports,La Rochelle,59,Farine,St Domingue,2610,10440,Bretagne,livres,,0,
84,Cyril Mouton,ANOM Col F 2B 14 (tableau 23),Colonies/1789 - La Rochelle - Exports colonies.csv,Colonies,1789,Exports,La Rochelle,59,Farine,Sénégal,900,3600,Bretagne,livres,,0,
85,Cyril Mouton,ANOM Col F 2B 14 (tableau 23),Colonies/1789 - La Rochelle - Exports colonies.csv,Colonies,1789,Exports,La Rochelle,59,Fayence,Sénégal,1975,,Aunis,,Pas de quantité indiquée,0,
86,Cyril Mouton,ANOM Col F 2B 14 (tableau 23),Colonies/1789 - La Rochelle - Exports colonies.csv,Colonies,1789,Exports,La Rochelle,59,Fayence,Sénégal,1389,,Nivernais,,Pas de quantité indiquée,0,
87,Cyril Mouton,ANOM Col F 2B 14 (tableau 23),Colonies/1789 - La Rochelle - Exports colonies.csv,Colonies,1789,Exports,La Rochelle,59,Fayence,Sénégal,847,,Étranger,,Pas de quantité indiquée,0,
88,Cyril Mouton,ANOM Col F 2B 14 (tableau 23),Colonies/1789 - La Rochelle - Exports colonies.csv,Colonies,1789,Exports,La Rochelle,59,Fer en barre,St Domingue,3283,18242,Guyenne,livres,,0,6947
89,Cyril Mouton,ANOM Col F 2B 14 (tableau 23),Colonies/1789 - La Rochelle - Exports colonies.csv,Colonies,1789,Exports,La Rochelle,59,Fer en barre,Sénégal,3664,20358,Guyenne,livres,,0,6947
90,Cyril Mouton,ANOM Col F 2B 14 (tableau 23),Colonies/1789 - La Rochelle - Exports colonies.csv,Colonies,1789,Exports,La Rochelle,59,Fer en barre,Sénégal,234,1300,Bretagne,livres,,0,
91,Cyril Mouton,ANOM Col F 2B 14 (tableau 23),Colonies/1789 - La Rochelle - Exports colonies.csv,Colonies,1789,Exports,La Rochelle,59,Fer en barre,St Domingue,140,781,Étranger,livres,,0,67161
92,Cyril Mouton,ANOM Col F 2B 14 (tableau 23),Colonies/1789 - La Rochelle - Exports colonies.csv,Colonies,1789,Exports,La Rochelle,59,Fer en barre,Sénégal,67021,372338,Étranger,livres,,0,67161
93,Cyril Mouton,ANOM Col F 2B 14 (tableau 23),Colonies/1789 - La Rochelle - Exports colonies.csv,Colonies,1789,Exports,La Rochelle,59,Fer feuillard,Sénégal,8664,43318,Étranger,livres,,0,
94,Cyril Mouton,ANOM Col F 2B 14 (tableau 23),Colonies/1789 - La Rochelle - Exports colonies.csv,Colonies,1789,Exports,La Rochelle,59,Fer feuillard,Sénégal,788,3942,Bretagne,livres,,0,
95,Cyril Mouton,ANOM Col F 2B 14 (tableau 23),Colonies/1789 - La Rochelle - Exports colonies.csv,Colonies,1789,Exports,La Rochelle,59,Fer en tôle,Sénégal,1260,3150,Étranger,livres,,0,
96,Cyril Mouton,ANOM Col F 2B 14 (tableau 23),Colonies/1789 - La Rochelle - Exports colonies.csv,Colonies,1789,Exports,La Rochelle,59,Fer blanc,Sénégal,1604,2674,Étranger,livres,,0,
97,Cyril Mouton,ANOM Col F 2B 14 (tableau 23),Colonies/1789 - La Rochelle - Exports colonies.csv,Colonies,1789,Exports,La Rochelle,59,Fer en ancre,Sénégal,738,2050,Étranger,livres,,0,
98,Cyril Mouton,ANOM Col F 2B 14 (tableau 23),Colonies/1789 - La Rochelle - Exports colonies.csv,Colonies,1789,Exports,La Rochelle,59,Ferraille,Sénégal,255,5114,Normandie,livres,,0,
99,Cyril Mouton,ANOM Col F 2B 14 (tableau 23),Colonies/1789 - La Rochelle - Exports colonies.csv,Colonies,1789,Exports,La Rochelle,59,Fil de lin,St Domingue,260,119,Bretagne,livres,,0,
100,Cyril Mouton,ANOM Col F 2B 14 (tableau 23),Colonies/1789 - La Rochelle - Exports colonies.csv,Colonies,1789,Exports,La Rochelle,59,Futailles,St Domingue,400,100,Guyenne,en nombre,,0,1444
101,Cyril Mouton,ANOM Col F 2B 14 (tableau 23),Colonies/1789 - La Rochelle - Exports colonies.csv,Colonies,1789,Exports,La Rochelle,59,Futailles,Sénégal,1044,261,Guyenne,en nombre,,0,1444
102,Cyril Mouton,ANOM Col F 2B 14 (tableau 23),Colonies/1789 - La Rochelle - Exports colonies.csv,Colonies,1789,Exports,La Rochelle,59,Futailles,St Domingue,175,25,Aunis,en nombre,,0,3375
103,Cyril Mouton,ANOM Col F 2B 14 (tableau 23),Colonies/1789 - La Rochelle - Exports colonies.csv,Colonies,1789,Exports,La Rochelle,59,Futailles,Sénégal,3200,800,Aunis,en nombre,,0,3375
104,Cyril Mouton,ANOM Col F 2B 14 (tableau 23),Colonies/1789 - La Rochelle - Exports colonies.csv,Colonies,1789,Exports,La Rochelle,60,Gaze de soye,Sénégal,1600,20,Lyonnais,livres,,0,
105,Cyril Mouton,ANOM Col F 2B 14 (tableau 23),Colonies/1789 - La Rochelle - Exports colonies.csv,Colonies,1789,Exports,La Rochelle,60,Grains comestibles ris,Sénégal,3578,11927,Guyenne,livres,,0,
106,Cyril Mouton,ANOM Col F 2B 14 (tableau 23),Colonies/1789 - La Rochelle - Exports colonies.csv,Colonies,1789,Exports,La Rochelle,60,Grains comestibles,Sénégal,4538,15127,Marseille,livres,,0,
107,Cyril Mouton,ANOM Col F 2B 14 (tableau 23),Colonies/1789 - La Rochelle - Exports colonies.csv,Colonies,1789,Exports,La Rochelle,60,Hardes pour nègres,St Domingue,1200,,Normandie,,Pas de quantité indiquée,0,
108,Cyril Mouton,ANOM Col F 2B 14 (tableau 23),Colonies/1789 - La Rochelle - Exports colonies.csv,Colonies,1789,Exports,La Rochelle,60,Légumes divers,St Domingue,278,,Bretagne,,Pas de quantité indiquée,0,14448
109,Cyril Mouton,ANOM Col F 2B 14 (tableau 23),Colonies/1789 - La Rochelle - Exports colonies.csv,Colonies,1789,Exports,La Rochelle,60,Légumes divers,Sénégal,14170,,Bretagne,,Pas de quantité indiquée,0,14448
110,Cyril Mouton,ANOM Col F 2B 14 (tableau 23),Colonies/1789 - La Rochelle - Exports colonies.csv,Colonies,1789,Exports,La Rochelle,60,Lingerie,Sénégal,325,65,Flandres,livres,,0,
111,Cyril Mouton,ANOM Col F 2B 14 (tableau 23),Colonies/1789 - La Rochelle - Exports colonies.csv,Colonies,1789,Exports,La Rochelle,60,Lingerie,St Domingue,1355,,Bretagne,,Pas de quantité indiquée,0,
112,Cyril Mouton,ANOM Col F 2B 14 (tableau 23),Colonies/1789 - La Rochelle - Exports colonies.csv,Colonies,1789,Exports,La Rochelle,60,Liqueurs anisette,St Domingue,288,1,Guyenne,muids,,0,1486
113,Cyril Mouton,ANOM Col F 2B 14 (tableau 23),Colonies/1789 - La Rochelle - Exports colonies.csv,Colonies,1789,Exports,La Rochelle,60,Liqueurs anisette,Sénégal,1198,"4,1597222222",Guyenne,muids,,0,1486
115,Cyril Mouton,ANOM Col F 2B 14 (tableau 23),Colonies/1789 - La Rochelle - Exports colonies.csv,Colonies,1789,Exports,La Rochelle,60,Marchandises diverses à la valeur,St Domingue,301,,,,Pas de quantité indiquée,0,
116,Cyril Mouton,ANOM Col F 2B 14 (tableau 23),Colonies/1789 - La Rochelle - Exports colonies.csv,Colonies,1789,Exports,La Rochelle,60,Marchandises diverses à la valeur,Sénégal,1170,,,,Pas de quantité indiquée,0,
117,Cyril Mouton,ANOM Col F 2B 14 (tableau 23),Colonies/1789 - La Rochelle - Exports colonies.csv,Colonies,1789,Exports,La Rochelle,60,Mercerie mêlée,Sénégal,2054,,,,Pas de quantité indiquée,0,
118,Cyril Mouton,ANOM Col F 2B 14 (tableau 23),Colonies/1789 - La Rochelle - Exports colonies.csv,Colonies,1789,Exports,La Rochelle,60,Mouchoirs des indes dits romals,Sénégal,7965,177,Étranger,paires,,0,
119,Cyril Mouton,ANOM Col F 2B 14 (tableau 23),Colonies/1789 - La Rochelle - Exports colonies.csv,Colonies,1789,Exports,La Rochelle,60,Mouchoirs coton en soye,Sénégal,2592,72,Étranger,douzaines,,0,
120,Cyril Mouton,ANOM Col F 2B 14 (tableau 23),Colonies/1789 - La Rochelle - Exports colonies.csv,Colonies,1789,Exports,La Rochelle,60,Mouchoirs de soye,St Domingue,144,4,Guyenne,douzaines,,0,
121,Cyril Mouton,ANOM Col F 2B 14 (tableau 23),Colonies/1789 - La Rochelle - Exports colonies.csv,Colonies,1789,Exports,La Rochelle,60,Mouchoirs imprimés,Sénégal,1884,324,Bretagne,,Pas d'unité,0,
122,Cyril Mouton,ANOM Col F 2B 14 (tableau 23),Colonies/1789 - La Rochelle - Exports colonies.csv,Colonies,1789,Exports,La Rochelle,60,Ouvrages en bois,St Domingue,1400,,Normandie,,Pas de quantité indiquée,0,
123,Cyril Mouton,ANOM Col F 2B 14 (tableau 23),Colonies/1789 - La Rochelle - Exports colonies.csv,Colonies,1789,Exports,La Rochelle,60,Ouvrages de coutellerie,Sénégal,16819,13455,Étranger,livres,,0,
124,Cyril Mouton,ANOM Col F 2B 14 (tableau 23),Colonies/1789 - La Rochelle - Exports colonies.csv,Colonies,1789,Exports,La Rochelle,60,Ouvrages de coutellerie,Sénégal,375,300,Guyenne,livres,,0,
125,Cyril Mouton,ANOM Col F 2B 14 (tableau 23),Colonies/1789 - La Rochelle - Exports colonies.csv,Colonies,1789,Exports,La Rochelle,60,Ouvrages de coutellerie argenterie,Sénégal,150,120,Étranger,livres,,0,
126,Cyril Mouton,ANOM Col F 2B 14 (tableau 23),Colonies/1789 - La Rochelle - Exports colonies.csv,Colonies,1789,Exports,La Rochelle,60,Ouvrages en ciseaux,Sénégal,648,90,Guyenne,douzaines,,0,
127,Cyril Mouton,ANOM Col F 2B 14 (tableau 23),Colonies/1789 - La Rochelle - Exports colonies.csv,Colonies,1789,Exports,La Rochelle,60,Ouvrages de gré,Sénégal,480,,Étranger,,Pas de quantité indiquée,0,
128,Cyril Mouton,ANOM Col F 2B 14 (tableau 23),Colonies/1789 - La Rochelle - Exports colonies.csv,Colonies,1789,Exports,La Rochelle,60,Ouvrages d'orfèvrerie,St Domingue,560,"10,375",Isle de France,marcs,,0,
130,Cyril Mouton,ANOM Col F 2B 14 (tableau 23),Colonies/1789 - La Rochelle - Exports colonies.csv,Colonies,1789,Exports,La Rochelle,60,Ouvrages de terre pipe à fumer,Sénégal,11688,974,Étranger,grosse,,0,
131,Cyril Mouton,ANOM Col F 2B 14 (tableau 23),Colonies/1789 - La Rochelle - Exports colonies.csv,Colonies,1789,Exports,La Rochelle,60,Ouvrages en plomb,Sénégal,480,800,Bretagne,livres,,0,
132,Cyril Mouton,ANOM Col F 2B 14 (tableau 23),Colonies/1789 - La Rochelle - Exports colonies.csv,Colonies,1789,Exports,La Rochelle,60,Papier blanc,St Domingue,606,3034,Étranger,livres,,0,1396
133,Cyril Mouton,ANOM Col F 2B 14 (tableau 23),Colonies/1789 - La Rochelle - Exports colonies.csv,Colonies,1789,Exports,La Rochelle,60,Papier blanc,Sénégal,790,3958,Étranger,livres,,0,1396
134,Cyril Mouton,ANOM Col F 2B 14 (tableau 23),Colonies/1789 - La Rochelle - Exports colonies.csv,Colonies,1789,Exports,La Rochelle,60,Pierres à bâtir,St Domingue,4280,4280,Sardaigne,pierres,,0,
135,Cyril Mouton,ANOM Col F 2B 14 (tableau 23),Colonies/1789 - La Rochelle - Exports colonies.csv,Colonies,1789,Exports,La Rochelle,60,Poisson salé slocfich,Sénégal,212,856,Étranger,livres,Dernier chiffre illisible,0,
136,Cyril Mouton,ANOM Col F 2B 14 (tableau 23),Colonies/1789 - La Rochelle - Exports colonies.csv,Colonies,1789,Exports,La Rochelle,60,Plomb,St Domingue,1619,4979,Étranger,livres,Dernier chiffre illisible,0,
137,Cyril Mouton,ANOM Col F 2B 14 (tableau 23),Colonies/1789 - La Rochelle - Exports colonies.csv,Colonies,1789,Exports,La Rochelle,60,Plomb,Sénégal,52593,161824,Étranger,livres,,0,
138,Cyril Mouton,ANOM Col F 2B 14 (tableau 23),Colonies/1789 - La Rochelle - Exports colonies.csv,Colonies,1789,Exports,La Rochelle,60,Poudre à tirer,Sénégal,7835,42820,,livres,Dernier chiffre illisible,0,
139,Cyril Mouton,ANOM Col F 2B 14 (tableau 23),Colonies/1789 - La Rochelle - Exports colonies.csv,Colonies,1789,Exports,La Rochelle,60,Quincaillerie de cuivre,Sénégal,150,101,Étranger,livres,,0,
140,Cyril Mouton,ANOM Col F 2B 14 (tableau 23),Colonies/1789 - La Rochelle - Exports colonies.csv,Colonies,1789,Exports,La Rochelle,60,Quincaillerie de fer,St Domingue,483,,Étranger,,Pas de quantité indiquée,0,
141,Cyril Mouton,ANOM Col F 2B 14 (tableau 23),Colonies/1789 - La Rochelle - Exports colonies.csv,Colonies,1789,Exports,La Rochelle,60,Quincaillerie de fer,Sénégal,1104,,Étranger,,Pas de quantité indiquée,0,
142,Cyril Mouton,ANOM Col F 2B 14 (tableau 23),Colonies/1789 - La Rochelle - Exports colonies.csv,Colonies,1789,Exports,La Rochelle,60,Quincaillerie de clous de fer,Sénégal,7424,14848,Flandres,livres,,0,
143,Cyril Mouton,ANOM Col F 2B 14 (tableau 23),Colonies/1789 - La Rochelle - Exports colonies.csv,Colonies,1789,Exports,La Rochelle,60,Quincaillerie de clous de fer,St Domingue,1485,2971,Normandie,livres,,0,
144,Cyril Mouton,ANOM Col F 2B 14 (tableau 23),Colonies/1789 - La Rochelle - Exports colonies.csv,Colonies,1789,Exports,La Rochelle,60,Quincaillerie de clous de fer,St Domingue,2105,4210,Foret,livres,,0,
145,Cyril Mouton,ANOM Col F 2B 14 (tableau 23),Colonies/1789 - La Rochelle - Exports colonies.csv,Colonies,1789,Exports,La Rochelle,60,Quincaillerie de fer,St Domingue,2100,8588,Normandie,livres,,0,
146,Cyril Mouton,ANOM Col F 2B 14 (tableau 23),Colonies/1789 - La Rochelle - Exports colonies.csv,Colonies,1789,Exports,La Rochelle,60,Sucre terré,Sénégal,1204,1605,Colonies françaises,livres,,0,
147,Cyril Mouton,ANOM Col F 2B 14 (tableau 23),Colonies/1789 - La Rochelle - Exports colonies.csv,Colonies,1789,Exports,La Rochelle,60,Sucre brut,Sénégal,4512,1002,Colonies françaises,livres,Dernier chiffre illisible,0,
148,Cyril Mouton,ANOM Col F 2B 14 (tableau 23),Colonies/1789 - La Rochelle - Exports colonies.csv,Colonies,1789,Exports,La Rochelle,60,Toile de coton,Sénégal,189,63,Étranger,aunes,,0,
149,Cyril Mouton,ANOM Col F 2B 14 (tableau 23),Colonies/1789 - La Rochelle - Exports colonies.csv,Colonies,1789,Exports,La Rochelle,60,Toile de coton,Sénégal,8208,2736,Bretagne,aunes,,0,
150,Cyril Mouton,ANOM Col F 2B 14 (tableau 23),Colonies/1789 - La Rochelle - Exports colonies.csv,Colonies,1789,Exports,La Rochelle,60,Toile indienne,Sénégal,29946,9982,Étranger,aunes,,0,
151,Cyril Mouton,ANOM Col F 2B 14 (tableau 23),Colonies/1789 - La Rochelle - Exports colonies.csv,Colonies,1789,Exports,La Rochelle,60,Toile indienne,Sénégal,2940,980,Flandres,aunes,,0,
152,Cyril Mouton,ANOM Col F 2B 14 (tableau 23),Colonies/1789 - La Rochelle - Exports colonies.csv,Colonies,1789,Exports,La Rochelle,60,Toile indienne,Sénégal,15906,5302,Bretagne,aunes,,0,
153,Cyril Mouton,ANOM Col F 2B 14 (tableau 23),Colonies/1789 - La Rochelle - Exports colonies.csv,Colonies,1789,Exports,La Rochelle,60,Toile de fil,Sénégal,10476,5820,Flandres,aunes,,0,
154,Cyril Mouton,ANOM Col F 2B 14 (tableau 23),Colonies/1789 - La Rochelle - Exports colonies.csv,Colonies,1789,Exports,La Rochelle,60,Toile de fil,Sénégal,5000,2500,Normandie,aunes,,0,
155,Cyril Mouton,ANOM Col F 2B 14 (tableau 23),Colonies/1789 - La Rochelle - Exports colonies.csv,Colonies,1789,Exports,La Rochelle,60,Toile de lin,Sénégal,225,75,Étranger,aunes,,0,
156,Cyril Mouton,ANOM Col F 2B 14 (tableau 23),Colonies/1789 - La Rochelle - Exports colonies.csv,Colonies,1789,Exports,La Rochelle,60,Toile à carreaux,Sénégal,480,300,Bretagne,aunes,,0,
157,Cyril Mouton,ANOM Col F 2B 14 (tableau 23),Colonies/1789 - La Rochelle - Exports colonies.csv,Colonies,1789,Exports,La Rochelle,60,Toile de fil et coton,Sénégal,43476,1675,Normandie,aunes,,0,
158,Cyril Mouton,ANOM Col F 2B 14 (tableau 23),Colonies/1789 - La Rochelle - Exports colonies.csv,Colonies,1789,Exports,La Rochelle,60,Toile de fil et coton,St Domingue,13599,4533,Bretagne,aunes,,0,
159,Cyril Mouton,ANOM Col F 2B 14 (tableau 23),Colonies/1789 - La Rochelle - Exports colonies.csv,Colonies,1789,Exports,La Rochelle,60,Toile custas,Sénégal,2400,80,Étranger,pièces,,0,
160,Cyril Mouton,ANOM Col F 2B 14 (tableau 23),Colonies/1789 - La Rochelle - Exports colonies.csv,Colonies,1789,Exports,La Rochelle,60,Toile bayette,Sénégal,2408,1204,Étranger,aunes,,0,
161,Cyril Mouton,ANOM Col F 2B 14 (tableau 23),Colonies/1789 - La Rochelle - Exports colonies.csv,Colonies,1789,Exports,La Rochelle,60,Toile bayette,Sénégal,168,6,Bretagne,pièces,,0,
162,Cyril Mouton,ANOM Col F 2B 14 (tableau 23),Colonies/1789 - La Rochelle - Exports colonies.csv,Colonies,1789,Exports,La Rochelle,60,Toile chasselas,Sénégal,2800,100,Étranger,pièces,,0,
163,Cyril Mouton,ANOM Col F 2B 14 (tableau 23),Colonies/1789 - La Rochelle - Exports colonies.csv,Colonies,1789,Exports,La Rochelle,60,Toile chasselas,Sénégal,280,10,Normandie,pièces,,0,
164,Cyril Mouton,ANOM Col F 2B 14 (tableau 23),Colonies/1789 - La Rochelle - Exports colonies.csv,Colonies,1789,Exports,La Rochelle,60,Toile chasselas,Sénégal,11900,1400,Bretagne,aunes,,1,
165,Cyril Mouton,ANOM Col F 2B 14 (tableau 23),Colonies/1789 - La Rochelle - Exports colonies.csv,Colonies,1789,Exports,La Rochelle,60,Toile chasselas,Sénégal,11900,325,Bretagne,pièces,,2,
166,Cyril Mouton,ANOM Col F 2B 14 (tableau 23),Colonies/1789 - La Rochelle - Exports colonies.csv,Colonies,1789,Exports,La Rochelle,60,Toile coupis,Sénégal,1224,72,Bretagne,pièces,,0,
167,Cyril Mouton,ANOM Col F 2B 14 (tableau 23),Colonies/1789 - La Rochelle - Exports colonies.csv,Colonies,1789,Exports,La Rochelle,60,Toile Kircochayes,Sénégal,240,10,Bretagne,pièces,,0,
168,Cyril Mouton,ANOM Col F 2B 14 (tableau 23),Colonies/1789 - La Rochelle - Exports colonies.csv,Colonies,1789,Exports,La Rochelle,60,Toile Guynée,Sénégal,34956,9500,Normandie,aunes,,0,
169,Cyril Mouton,ANOM Col F 2B 14 (tableau 23),Colonies/1789 - La Rochelle - Exports colonies.csv,Colonies,1789,Exports,La Rochelle,60,Toile Guynée,Sénégal,31986,24878,Aunis,aunes,,0,
170,Cyril Mouton,ANOM Col F 2B 14 (tableau 23),Colonies/1789 - La Rochelle - Exports colonies.csv,Colonies,1789,Exports,La Rochelle,60,Toile Guynée,Sénégal,149859,16651,Bretagne,livres,,0,
171,Cyril Mouton,ANOM Col F 2B 14 (tableau 23),Colonies/1789 - La Rochelle - Exports colonies.csv,Colonies,1789,Exports,La Rochelle,60,Toile Guynée,Sénégal,7560,2968,Guyenne,aunes,,0,
172,Cyril Mouton,ANOM Col F 2B 14 (tableau 23),Colonies/1789 - La Rochelle - Exports colonies.csv,Colonies,1789,Exports,La Rochelle,60,Toile Guynée,Sénégal,23625,2625,Étranger,livres,,0,
173,Cyril Mouton,ANOM Col F 2B 14 (tableau 23),Colonies/1789 - La Rochelle - Exports colonies.csv,Colonies,1789,Exports,La Rochelle,60,Toile négnépaux,Sénégal,980,35,Bretagne,pièces,,0,
174,Cyril Mouton,ANOM Col F 2B 14 (tableau 23),Colonies/1789 - La Rochelle - Exports colonies.csv,Colonies,1789,Exports,La Rochelle,60,Toile gingas,Sénégal,375,15,Bretagne,pièces,,0,
175,Cyril Mouton,ANOM Col F 2B 14 (tableau 23),Colonies/1789 - La Rochelle - Exports colonies.csv,Colonies,1789,Exports,La Rochelle,60,Toile limencas,Sénégal,16110,3222,Bretagne,livres,,0,
176,Cyril Mouton,ANOM Col F 2B 14 (tableau 23),Colonies/1789 - La Rochelle - Exports colonies.csv,Colonies,1789,Exports,La Rochelle,60,Toile babassis,Sénégal,1221,576,Bretagne,aunes,,0,
177,Cyril Mouton,ANOM Col F 2B 14 (tableau 23),Colonies/1789 - La Rochelle - Exports colonies.csv,Colonies,1789,Exports,La Rochelle,60,Toile platille,Sénégal,1200,200,Bretagne,pièces,,0,
178,Cyril Mouton,ANOM Col F 2B 14 (tableau 23),Colonies/1789 - La Rochelle - Exports colonies.csv,Colonies,1789,Exports,La Rochelle,60,Toile platille,Sénégal,168456,168456,Étranger,aunes,,0,
179,Cyril Mouton,ANOM Col F 2B 14 (tableau 23),Colonies/1789 - La Rochelle - Exports colonies.csv,Colonies,1789,Exports,La Rochelle,60,Toile photes,Sénégal,800,50,Étranger,pièces,,0,
180,Cyril Mouton,ANOM Col F 2B 14 (tableau 23),Colonies/1789 - La Rochelle - Exports colonies.csv,Colonies,1789,Exports,La Rochelle,60,Toile tapsels,Sénégal,3000,100,Étranger,pièces,,0,
181,Cyril Mouton,ANOM Col F 2B 14 (tableau 23),Colonies/1789 - La Rochelle - Exports colonies.csv,Colonies,1789,Exports,La Rochelle,60,Toile soctreton bleue,Sénégal,420,14,Bretagne,pièces,,0,
182,Cyril Mouton,ANOM Col F 2B 14 (tableau 23),Colonies/1789 - La Rochelle - Exports colonies.csv,Colonies,1789,Exports,La Rochelle,60,Toile socreton,Sénégal,9600,240,Aunis,pièces,,0,
183,Cyril Mouton,ANOM Col F 2B 14 (tableau 23),Colonies/1789 - La Rochelle - Exports colonies.csv,Colonies,1789,Exports,La Rochelle,60,Toile bajutapaux,Sénégal,17570,7028,Guyenne,aunes,,0,
184,Cyril Mouton,ANOM Col F 2B 14 (tableau 23),Colonies/1789 - La Rochelle - Exports colonies.csv,Colonies,1789,Exports,La Rochelle,60,Toile bajutapaux,Sénégal,6600,200,Bretagne,pièces,,0,
185,Cyril Mouton,ANOM Col F 2B 14 (tableau 23),Colonies/1789 - La Rochelle - Exports colonies.csv,Colonies,1789,Exports,La Rochelle,60,Toile bajutapaux,Sénégal,3300,100,Étranger,pièces,,0,
186,Cyril Mouton,ANOM Col F 2B 14 (tableau 23),Colonies/1789 - La Rochelle - Exports colonies.csv,Colonies,1789,Exports,La Rochelle,60,Toile salempourie bleue,Sénégal,2400,80,Aunis,pièces,,0,
187,Cyril Mouton,ANOM Col F 2B 14 (tableau 23),Colonies/1789 - La Rochelle - Exports colonies.csv,Colonies,1789,Exports,La Rochelle,60,Toile sanas lustrée,Sénégal,5040,140,Aunis,pièces,,0,
188,Cyril Mouton,ANOM Col F 2B 14 (tableau 23),Colonies/1789 - La Rochelle - Exports colonies.csv,Colonies,1789,Exports,La Rochelle,60,Ustensiles de pêche,St Domingue,120,850,Saintonge,livres,,0,
189,Cyril Mouton,ANOM Col F 2B 14 (tableau 23),Colonies/1789 - La Rochelle - Exports colonies.csv,Colonies,1789,Exports,La Rochelle,60,Verrerie en bouteilles,Sénégal,586,1784,Guyenne,en nombre,,0,
190,Cyril Mouton,ANOM Col F 2B 14 (tableau 23),Colonies/1789 - La Rochelle - Exports colonies.csv,Colonies,1789,Exports,La Rochelle,60,Verroterie en rassade,Sénégal,1982,1652,Marseille,livres,,0,
191,Cyril Mouton,ANOM Col F 2B 14 (tableau 23),Colonies/1789 - La Rochelle - Exports colonies.csv,Colonies,1789,Exports,La Rochelle,60,Verroterie en rassade,Sénégal,266,226,Étranger,livres,,0,
192,Cyril Mouton,ANOM Col F 2B 14 (tableau 23),Colonies/1789 - La Rochelle - Exports colonies.csv,Colonies,1789,Exports,La Rochelle,60,Vin de liqueur,Sénégal,132,,France,,Pas de quantité indiquée,0,
193,Cyril Mouton,ANOM Col F 2B 14 (tableau 23),Colonies/1789 - La Rochelle - Exports colonies.csv,Colonies,1789,Exports,La Rochelle,60,Vin divers,St Domingue,200,"3,4722222222",Bretagne,muids,,0,
195,Cyril Mouton,ANOM Col F 2B 14 (tableau 23),Colonies/1789 - La Rochelle - Exports colonies.csv,Colonies,1789,Exports,La Rochelle,60,Vin de champagne,St Domingue,1200,600,Champagne,bouteilles,,0,
196,Cyril Mouton,ANOM Col F 2B 14 (tableau 23),Colonies/1789 - La Rochelle - Exports colonies.csv,Colonies,1789,Exports,La Rochelle,61,Vin,Sénégal,5400,"23,4375",Quercy,muids,,0,
198,Cyril Mouton,ANOM Col F 2B 14 (tableau 23),Colonies/1789 - La Rochelle - Exports colonies.csv,Colonies,1789,Exports,La Rochelle,61,Vin,Sénégal,1100,"38,1944444444",Aunis,muids,,0,
200,Cyril Mouton,ANOM Col F 2B 14 (tableau 23),Colonies/1789 - La Rochelle - Exports colonies.csv,Colonies,1789,Exports,La Rochelle,61,Vin,St Domingue,5652,"38,5833333333",Bordeaux,muids,,0,
202,Cyril Mouton,ANOM Col F 2B 14 (tableau 23),Colonies/1789 - La Rochelle - Exports colonies.csv,Colonies,1789,Exports,La Rochelle,61,Vin,Sénégal,39913,"322,2881944444",Bordeaux,muids,,0,
204,Cyril Mouton,ANOM Col F 2B 14 (tableau 23),Colonies/1789 - La Rochelle - Exports colonies.csv,Colonies,1789,Exports,La Rochelle,61,Vin,St Domingue,4919,"155,3819444444",Saintonge,muids,,0,
206,Cyril Mouton,ANOM Col F 2B 14 (tableau 23),Colonies/1789 - La Rochelle - Exports colonies.csv,Colonies,1789,Exports,La Rochelle,61,Vin,Sénégal,7370,"232,6388888889",Saintonge,muids,,0,
